3.321231814861946,-62.66322280647167,62.66322280647167,0.6100000000000003,0.0,0.0,-60.0,-60.0,2.1072773933410645,0.7190972566604614
1.3073844111370638,-62.81410290977283,62.81410290977283,0.9199999999999999,0.0,0.0,-60.0,-60.0,2.0873312950134277,0.7033491730690002
1.3221331293616776,-62.892071779152694,62.892071779152694,0.9299999999999997,0.0,0.0,-60.0,-60.0,2.088717460632324,0.7039726972579956
1.083168538953247,-62.98371402673721,62.98371402673721,0.9399999999999995,3.4543999999999997,3.4543999999999997,-60.0,-60.0,2.0693817138671875,0.7033559083938599
1.1361934634713813,-63.00236879734166,63.00236879734166,0.9499999999999993,3.4543999999999997,13.7668,-60.0,-60.0,1.9676423072814941,0.6538469195365906
1.6454961466943874,-63.117374182291755,63.117374182291755,0.9600000000000009,3.4543999999999997,24.0792,-60.0,-60.0,1.8938779830932617,0.6042464375495911
1.538057820050463,-63.19665021359049,63.19665021359049,0.9800000000000004,3.4543999999999997,34.417,-60.0,-60.0,1.8150811195373535,0.5428881645202637
1.4850414543954513,-63.29699764032401,63.29699764032401,0.0,0.0,44.1706,-60.0,-60.0,1.7428374290466309,0.47820568084716797
0.8470813445966556,-63.30293060513922,63.30293060513922,0.019999999999999574,0.0,43.535599999999995,-60.0,-60.0,1.7350645065307617,0.47487694025039673
0.3878135918298767,-63.28954280426143,63.28954280426143,0.05000000000000071,3.4543999999999997,48.8442,-60.0,-60.0,1.694014072418213,0.4481225311756134
0.2558330303572472,-63.295252952476346,63.295252952476346,0.07000000000000028,3.4543999999999997,45.3898,-60.0,-60.0,1.7171297073364258,0.464689165353775
0.4047898307538047,-63.27271666646882,63.27271666646882,0.08999999999999986,3.4543999999999997,40.995599999999996,-60.0,-60.0,1.7518901824951172,0.4899371564388275
0.8060620106720893,-63.35395250697293,63.35395250697293,0.10999999999999943,3.4543999999999997,42.1894,-60.0,-60.0,1.7526159286499023,0.4885883927345276
0.9361303301112237,-63.361230508779094,63.361230508779094,0.14000000000000057,3.4543999999999997,43.6372,-60.0,-60.0,1.7444725036621094,0.48219650983810425
0.9819201660451355,-63.403085048162986,63.403085048162986,0.16000000000000014,3.4543999999999997,45.8978,-60.0,-60.0,1.729501724243164,0.4709055721759796
0.6570656045874869,-63.43887717963496,63.43887717963496,0.19000000000000128,3.4543999999999997,42.164,-60.0,-60.0,1.7513542175292969,0.4881305396556854
0.35014732289608397,-63.42312527652627,63.42312527652627,0.21000000000000085,3.4543999999999997,52.730399999999996,-60.0,-60.0,1.6662874221801758,0.430224746465683
0.12638450984952615,-63.42194019469384,63.42194019469384,0.23999999999999844,3.4543999999999997,45.5676,-60.0,-60.0,1.715144157409668,0.4640175998210907
-0.32509831238205117,-63.39453783187159,63.39453783187159,0.26000000000000156,13.7668,40.1828,-60.0,-60.0,1.7482447624206543,0.49679097533226013
-0.3788569419305357,-63.35581458555004,63.35581458555004,0.28999999999999915,13.7668,48.4886,-60.0,-60.0,1.6817564964294434,0.4512830674648285
-0.403437151419356,-63.330598276316,63.330598276316,0.3200000000000003,13.7668,41.402,-60.0,-60.0,1.734285831451416,0.4889083504676819
-0.2207036340386442,-63.379121433846095,63.379121433846095,0.33999999999999986,3.4543999999999997,39.4208,-60.0,-60.0,1.7522659301757812,0.4935206174850464
-3.059395282127473e-06,-63.365604540669366,63.365604540669366,0.35999999999999943,3.4543999999999997,52.730399999999996,-60.0,-60.0,1.6570591926574707,0.42684343457221985
-3.059395282127473e-06,-63.34717046297204,63.34717046297204,0.39000000000000057,3.4543999999999997,43.6372,-60.0,-60.0,1.7243962287902832,0.4726662039756775
-0.14589927821119758,-63.37641367611401,63.37641367611401,0.4200000000000017,13.7668,49.149,-60.0,-60.0,1.6822333335876465,0.4513721466064453
-0.3923554441197132,-63.277332466027076,63.277332466027076,0.45000000000000284,13.7668,45.5676,-60.0,-60.0,1.6999101638793945,0.4666629433631897
-0.6407421362153457,-63.27702092103809,63.27702092103809,0.46999999999999886,13.7668,49.657,-60.0,-60.0,1.6638665199279785,0.4418858587741852
-0.7113521133064975,-63.18380658723554,63.18380658723554,0.490000000000002,13.7668,48.1838,-60.0,-60.0,1.6704416275024414,0.447831392288208
-0.5935891345736367,-63.177376175187966,63.177376175187966,0.5200000000000031,13.7668,58.038999999999994,-60.0,-60.0,1.5995492935180664,0.4015001058578491
-0.5347057022002791,-63.1543940847771,63.1543940847771,0.5499999999999972,13.7668,44.7294,-60.0,-60.0,1.698890209197998,0.4685494303703308
-0.7669309116902936,-63.121801516079834,63.121801516079834,0.5799999999999983,13.7668,49.6824,-60.0,-60.0,1.655867099761963,0.43914392590522766
-0.9743211371759777,-63.03579239294864,63.03579239294864,0.6099999999999994,13.7668,46.837599999999995,-60.0,-60.0,1.6695046424865723,0.45064717531204224
-1.0743240591664291,-62.97534828366929,62.97534828366929,0.6400000000000006,13.7668,45.288199999999996,-60.0,-60.0,1.6767830848693848,0.45714589953422546
-1.0775650611917331,-62.9260365892365,62.9260365892365,0.6599999999999966,13.7668,56.3118,-60.0,-60.0,1.5930652618408203,0.40249499678611755
-1.0638349510360106,-62.87483850800702,62.87483850800702,0.6899999999999977,13.7668,47.3456,-60.0,-60.0,1.658806324005127,0.4455977976322174
-1.3501360568816805,-62.79384343756849,62.79384343756849,0.7100000000000009,13.7668,57.2008,-60.0,-60.0,1.5757627487182617,0.39489609003067017
-1.502068939482467,-62.70528458742645,62.70528458742645,0.7299999999999969,13.7668,47.751999999999995,-60.0,-60.0,1.640486240386963,0.43675464391708374
-1.638077843079518,-62.61772294300107,62.61772294300107,0.759999999999998,13.7668,46.3296,-60.0,-60.0,1.6452670097351074,0.44164761900901794
-1.6869635760780681,-62.52864162419335,62.52864162419335,0.7800000000000011,13.7668,52.4002,-60.0,-60.0,1.5960168838500977,0.41075795888900757
-1.6117492324999136,-62.4312909931388,62.4312909931388,0.7999999999999972,13.7668,55.372,-60.0,-60.0,1.572533130645752,0.39750978350639343
-1.6537451002061536,-62.35082520160579,62.35082520160579,0.8200000000000003,13.7668,51.1048,-60.0,-60.0,1.6013946533203125,0.4157285690307617
-1.7546927454416161,-62.24014099210433,62.24014099210433,0.8500000000000014,13.7668,46.4058,-60.0,-60.0,1.631004810333252,0.43656909465789795
-1.902972789887989,-62.12024690984009,62.12024690984009,0.8800000000000026,13.7668,57.6834,-60.0,-60.0,1.5385103225708008,0.3828211724758148
-2.0645913011055352,-62.005584271627654,62.005584271627654,0.8999999999999986,13.7668,51.130199999999995,-60.0,-60.0,1.5810942649841309,0.4084351658821106
-2.1537178140328708,-61.86460688685364,61.86460688685364,0.9299999999999997,13.7668,55.041799999999995,-60.0,-60.0,1.5449576377868652,0.3894318640232086
-2.4085725817073222,-61.75317581680821,61.75317581680821,0.9600000000000009,13.7668,44.602399999999996,-60.0,-60.0,1.6170425415039062,0.43274950981140137
-2.623505399581829,-61.59496811324556,61.59496811324556,0.990000000000002,13.7668,55.498999999999995,-60.0,-60.0,1.5217514038085938,0.38122764229774475
-2.7666714354859763,-61.42688503449682,61.42688503449682,0.00999999999999801,3.4543999999999997,40.132,-60.0,-60.0,1.6562128067016602,0.44307225942611694
-2.5742603532532295,-61.313409600880966,61.313409600880966,0.03999999999999915,3.4543999999999997,48.768,-60.0,-60.0,1.590489387512207,0.40423041582107544
-2.016480587534889,-61.224527183339546,61.224527183339546,0.07000000000000028,3.4543999999999997,48.1838,-60.0,-60.0,1.6031761169433594,0.41157039999961853
-1.5187679880605134,-61.20903016909583,61.20903016909583,0.09000000000000341,13.7668,40.513,-60.0,-60.0,1.6636395454406738,0.4539461135864258
-1.3130777304940744,-61.16836328530866,61.16836328530866,0.10999999999999943,13.7668,41.8338,-60.0,-60.0,1.6551990509033203,0.4502032995223999
-1.3975619922813045,-60.99258473523104,60.99258473523104,0.13000000000000256,13.7668,49.403,-60.0,-60.0,1.5863780975341797,0.4122665822505951
-1.2436714465875125,-60.96201640941006,60.96201640941006,0.14999999999999858,3.4543999999999997,42.7482,-60.0,-60.0,1.6528410911560059,0.4426901638507843
-1.417592250560019,-60.909288253920884,60.909288253920884,0.17999999999999972,13.7668,45.364399999999996,-60.0,-60.0,1.6145172119140625,0.43048596382141113
-1.89514130309179,-60.76521285271326,60.76521285271326,0.20999999999999375,13.7668,45.4152,-60.0,-60.0,1.599759578704834,0.4230157434940338
-2.512292201680901,-60.577136649839446,60.577136649839446,0.23999999999999488,13.7668,41.8084,-60.0,-60.0,1.6129136085510254,0.4294235110282898
-2.995077350543034,-60.406907552867544,60.406907552867544,0.269999999999996,13.7668,49.3014,-60.0,-60.0,1.5311460494995117,0.39156225323677063
-2.9713268233582784,-60.259837847620005,60.259837847620005,0.29999999999999716,13.7668,46.0502,-60.0,-60.0,1.556218147277832,0.4034379720687866
-2.9806155180173155,-60.10887304812252,60.10887304812252,0.3199999999999932,13.7668,64.3128,-60.0,-60.0,1.4043879508972168,0.3373844623565674
-3.2406922935376,-59.894477011770576,59.894477011770576,0.3400000000000034,13.7668,58.343799999999995,-60.0,-60.0,1.4383611679077148,0.35265427827835083
-3.517490175901321,-59.717544620351674,59.717544620351674,0.35999999999999943,13.7668,45.6692,-60.0,-60.0,1.5317668914794922,0.3946473002433777
-3.8267541551705047,-59.50419208417599,59.50419208417599,0.39000000000000057,13.7668,45.8978,-60.0,-60.0,1.5165824890136719,0.3888827860355377
-3.87868768458922,-59.297299466083096,59.297299466083096,0.4099999999999966,13.7668,55.8546,-60.0,-60.0,1.4234437942504883,0.35253193974494934
-3.73402106333222,-59.0940616647983,59.0940616647983,0.4399999999999977,13.7668,44.323,-60.0,-60.0,1.5203337669372559,0.3928927481174469
-3.591420558253786,-58.90854009252668,58.90854009252668,0.45999999999999375,13.7668,46.3804,-60.0,-60.0,1.4991021156311035,0.3854916989803314
-3.4655733364893915,-58.74124972532909,58.74124972532909,0.4899999999999949,13.7668,55.9308,-60.0,-60.0,1.4163169860839844,0.35242846608161926
-3.467570243915156,-58.56265546368939,58.56265546368939,0.519999999999996,13.7668,52.2478,-60.0,-60.0,1.4399218559265137,0.36383122205734253
-3.5029258506833045,-58.38997745578418,58.38997745578418,0.5400000000000063,13.7668,54.127399999999994,-60.0,-60.0,1.4188189506530762,0.3561105728149414
-3.676551898860548,-58.19605293946938,58.19605293946938,0.5699999999999932,13.7668,52.4002,-60.0,-60.0,1.4220499992370605,0.35943934321403503
-4.011221084381631,-57.995360922259934,57.995360922259934,0.5900000000000034,13.7668,51.6382,-60.0,-60.0,1.4132938385009766,0.3581700026988983
-4.221929892147796,-57.731260047175525,57.731260047175525,0.6200000000000045,24.0792,41.1988,-60.0,-60.0,1.4787473678588867,0.38502660393714905
-4.178249133382943,-57.52323676882081,57.52323676882081,0.6500000000000057,13.7668,38.9128,-60.0,-60.0,1.511728286743164,0.3973359167575836
-3.9178830077589404,-57.33722451548212,57.33722451548212,0.6800000000000068,13.7668,55.0672,-60.0,-60.0,1.3676505088806152,0.34448328614234924
-3.8137844572734974,-57.13133630274235,57.13133630274235,0.7099999999999937,13.7668,41.0972,-60.0,-60.0,1.487497329711914,0.3903615474700928
-3.941058157523442,-56.86989249469819,56.86989249469819,0.7399999999999949,13.7668,55.753,-60.0,-60.0,1.3467211723327637,0.3400558829307556
-4.167929208144386,-56.662960774435,56.662960774435,0.769999999999996,13.7668,50.825399999999995,-60.0,-60.0,1.374044418334961,0.3522717356681824
-4.343447775129031,-56.42587692801895,56.42587692801895,0.7999999999999972,13.7668,45.5422,-60.0,-60.0,1.412440299987793,0.36532628536224365
-4.298198164123212,-56.17905921771761,56.17905921771761,0.8299999999999983,24.0792,50.419,-60.0,-60.0,1.3420686721801758,0.3453526198863983
-4.308045688999164,-55.971115904331,55.971115904331,0.8599999999999994,24.0792,53.6448,-60.0,-60.0,1.3040952682495117,0.33571508526802063
-4.359506567983629,-55.75481841016759,55.75481841016759,0.8900000000000006,24.0792,55.4736,-60.0,-60.0,1.278038501739502,0.3298974931240082
-4.6192805434460675,-55.49776782660872,55.49776782660872,0.9200000000000017,24.0792,47.523399999999995,-60.0,-60.0,1.3403124809265137,0.34738636016845703
-4.791363057236327,-55.21641938958963,55.21641938958963,0.9500000000000028,24.0792,43.7388,-60.0,-60.0,1.3707971572875977,0.35513895750045776
-4.833155785531213,-54.97754831407651,54.97754831407651,0.980000000000004,24.0792,54.7878,-60.0,-60.0,1.248002052307129,0.3250724673271179
-4.763732562444355,-54.70845956325038,54.70845956325038,0.010000000000005116,13.7668,47.3456,-60.0,-60.0,1.3413028717041016,0.3440108299255371
-4.5931072620483,-54.511574124340456,54.511574124340456,0.04000000000000625,13.7668,57.6326,-60.0,-60.0,1.2443585395812988,0.31952837109565735
-4.380198834840425,-54.304541070666936,54.304541070666936,0.06999999999999318,13.7668,54.7624,-60.0,-60.0,1.267207145690918,0.32669928669929504
-4.045996569555192,-54.11426850151207,54.11426850151207,0.09999999999999432,13.7668,43.459399999999995,-60.0,-60.0,1.3766913414001465,0.35778680443763733
-3.8239650200324515,-53.91725702422503,53.91725702422503,0.12999999999999545,13.7668,48.5648,-60.0,-60.0,1.324605941772461,0.34447601437568665
-3.7658026452759845,-53.72489138614348,53.72489138614348,0.1599999999999966,13.7668,43.002199999999995,-60.0,-60.0,1.3774757385253906,0.3594229221343994
-3.6995639411682335,-53.530876386651556,53.530876386651556,0.18999999999999773,13.7668,44.0944,-60.0,-60.0,1.3611321449279785,0.3558196425437927
-3.835556893875445,-53.30982517955587,53.30982517955587,0.21999999999999886,13.7668,42.4942,-60.0,-60.0,1.3709664344787598,0.3579837381839752
-3.986113985730183,-53.074087066948735,53.074087066948735,0.25,13.7668,45.7708,-60.0,-60.0,1.3235692977905273,0.3465718924999237
-4.1926731191195294,-52.83422451820859,52.83422451820859,0.28000000000000114,13.7668,56.6166,-60.0,-60.0,1.2079930305480957,0.31824925541877747
-4.526793210945244,-52.55888855293569,52.55888855293569,0.3100000000000023,13.7668,50.8508,-60.0,-60.0,1.2403054237365723,0.32834434509277344
-4.980267015472597,-52.25900778897011,52.25900778897011,0.3400000000000034,24.0792,55.6768,-60.0,-60.0,1.1568231582641602,0.31015241146087646
-5.564881794821876,-51.98320772685068,51.98320772685068,0.37000000000000455,24.0792,41.9862,-60.0,-60.0,1.2999897003173828,0.3338322341442108
-6.032933299731721,-51.59210114820095,51.59210114820095,0.4000000000000057,24.0792,42.7482,-60.0,-60.0,1.2708492279052734,0.3270608186721802
-6.107892772502182,-51.31206612718604,51.31206612718604,0.4300000000000068,24.0792,52.2986,-60.0,-60.0,1.1469740867614746,0.3069482743740082
-6.0078061500982765,-50.96829331332855,50.96829331332855,0.45000000000000284,24.0792,54.3814,-60.0,-60.0,1.114180564880371,0.3027554154396057
-5.72483676847563,-50.68895436070011,50.68895436070011,0.480000000000004,24.0792,52.6288,-60.0,-60.0,1.1339921951293945,0.3062405288219452
-5.767729276953838,-50.392789160276784,50.392789160276784,0.5100000000000051,24.0792,44.6532,-60.0,-60.0,1.2214412689208984,0.32001808285713196
-6.018650170276503,-50.059003276179396,50.059003276179396,0.5300000000000011,24.0792,50.8762,-60.0,-60.0,1.1314163208007812,0.3056691884994507
-6.154455018531042,-49.68104124830139,49.68104124830139,0.5600000000000023,24.0792,51.587399999999995,-60.0,-60.0,1.109039306640625,0.3026069104671478
-6.301954790641483,-49.362643663697824,49.362643663697824,0.5900000000000034,24.0792,44.6278,-60.0,-60.0,1.1820740699768066,0.31296879053115845
-6.419568365344715,-48.99379900420782,48.99379900420782,0.6200000000000045,24.0792,54.965599999999995,-60.0,-60.0,1.0412650108337402,0.2943623661994934
-6.7074901807420355,-48.62789429788665,48.62789429788665,0.6599999999999966,24.0792,52.425599999999996,-60.0,-60.0,1.056009292602539,0.2958117425441742
-7.0538934283838435,-48.210470016292604,48.210470016292604,0.6899999999999977,24.0792,64.1858,-60.0,-60.0,0.8849058151245117,0.27920421957969666
-7.412822091532267,-47.80838609069067,47.80838609069067,0.7199999999999989,24.0792,54.9148,-60.0,-60.0,0.9845666885375977,0.28767693042755127
-7.754557196342119,-47.36730748477894,47.36730748477894,0.75,34.417,50.749199999999995,-60.0,-60.0,1.0300369262695312,0.28899598121643066
-7.723013022825419,-46.928544999994145,46.928544999994145,0.7800000000000011,34.417,50.977799999999995,-60.0,-60.0,1.0148305892944336,0.2876899242401123
-7.820582047832074,-46.551749118967145,46.551749118967145,0.8100000000000023,34.417,55.194199999999995,-60.0,-60.0,0.9465150833129883,0.28117671608924866
-7.748248739388285,-46.12001012191713,46.12001012191713,0.8400000000000034,34.417,45.8216,-60.0,-60.0,1.0576658248901367,0.29294389486312866
-7.766942056842838,-45.70512119112019,45.70512119112019,0.8700000000000045,34.417,55.0926,-60.0,-60.0,0.9233026504516602,0.27973952889442444
-7.959449338086329,-45.27309899356631,45.27309899356631,0.9000000000000057,34.417,49.5554,-60.0,-60.0,0.9803285598754883,0.2851252853870392
-7.922095645047801,-44.83406766767041,44.83406766767041,0.9300000000000068,34.417,66.03999999999999,-60.0,-60.0,0.7439713478088379,0.26696813106536865
-8.329663638769457,-44.35380982621817,44.35380982621817,0.9599999999999937,34.417,54.127399999999994,-60.0,-60.0,0.8847789764404297,0.2770426869392395
-8.69698999745508,-43.862542225050866,43.862542225050866,0.9899999999999949,34.417,54.051199999999994,-60.0,-60.0,0.8639183044433594,0.27549511194229126
-9.000697468285596,-43.3946584403847,43.3946584403847,0.020000000000010232,24.0792,45.9486,-60.0,-60.0,0.9447526931762695,0.2816494107246399
-9.195477275886764,-42.910335083972846,42.910335083972846,0.03999999999999204,24.0792,60.9854,-60.0,-60.0,0.7241115570068359,0.26689040660858154
-9.003457702161521,-42.40844189533736,42.40844189533736,0.06999999999999318,24.0792,51.053999999999995,-60.0,-60.0,0.8472394943237305,0.27498728036880493
-8.77266145522636,-41.987062971937995,41.987062971937995,0.09999999999999432,24.0792,48.1838,-60.0,-60.0,0.8778228759765625,0.2776823341846466
-8.545786150577314,-41.56499153218792,41.56499153218792,0.12000000000000455,24.0792,57.886599999999994,-60.0,-60.0,0.7389841079711914,0.2692640423774719
-8.512290647225848,-41.0932052745421,41.0932052745421,0.15000000000000568,34.417,62.9666,-60.0,-60.0,0.6678509712219238,0.2623695433139801
-8.661908134404147,-40.61955998740464,40.61955998740464,0.18000000000000682,34.417,56.6166,-60.0,-60.0,0.7393407821655273,0.26669880747795105
-9.024215610095474,-40.109773809773564,40.109773809773564,0.21000000000000796,34.417,48.0314,-60.0,-60.0,0.8357434272766113,0.2730567157268524
-9.347118181935189,-39.57002642881946,39.57002642881946,0.2400000000000091,34.417,42.7228,-60.0,-60.0,0.8857126235961914,0.27682411670684814
-9.503386465810852,-39.061801780607695,39.061801780607695,0.27000000000001023,34.417,57.5818,-60.0,-60.0,0.6584405899047852,0.2628188729286194
-9.65126244543885,-38.535043716121365,38.535043716121365,0.30000000000001137,34.417,54.1782,-60.0,-60.0,0.6868596076965332,0.26464560627937317
-9.617056099004175,-38.052465904712676,38.052465904712676,0.3300000000000125,34.417,46.1518,-60.0,-60.0,0.785313606262207,0.27079901099205017
-9.432153943556532,-37.57281024014255,37.57281024014255,0.36000000000001364,34.417,63.017399999999995,-60.0,-60.0,0.5302309989929199,0.25758540630340576
-9.14572488873651,-37.10107872418191,37.10107872418191,0.38999999999998636,34.417,48.209199999999996,-60.0,-60.0,0.7343826293945312,0.2686016261577606
-8.80409579262341,-36.69957846433782,36.69957846433782,0.4199999999999875,34.417,58.3946,-60.0,-60.0,0.5805444717407227,0.26081496477127075
-8.76615514848527,-36.225234029059756,36.225234029059756,0.44999999999998863,44.7294,49.504599999999996,-60.0,-60.0,0.7018709182739258,0.26302477717399597
-8.874889813750794,-35.75605479268621,35.75605479268621,0.47999999999998977,44.7294,58.115199999999994,-60.0,-60.0,0.572516918182373,0.2581826448440552
-8.844618627561694,-35.27087478261901,35.27087478261901,0.5099999999999909,44.7294,67.25919999999999,-60.0,-60.0,0.42583751678466797,0.2526169717311859
-8.533968270166687,-34.85350470586613,34.85350470586613,0.539999999999992,44.7294,51.053999999999995,-60.0,-60.0,0.6370854377746582,0.2604917883872986
-8.117519600617515,-34.46628766704999,34.46628766704999,0.5699999999999932,42.5958,42.5958,-60.0,-60.0,0.7436652183532715,0.26611006259918213
-7.768273096540753,-34.08566744700593,34.08566744700593,0.5999999999999943,44.7294,71.27239999999999,-60.0,-60.0,0.34401416778564453,0.25052663683891296
-7.7175140144913446,-33.67692449034417,33.67692449034417,0.6299999999999955,44.7294,53.5178,-60.0,-60.0,0.5782723426818848,0.2589261531829834
-7.841756504209167,-33.25916706768107,33.25916706768107,0.6599999999999966,44.7294,69.7484,-60.0,-60.0,0.3355979919433594,0.25075986981391907
-7.949562257192924,-32.80661679741159,32.80661679741159,0.6899999999999977,44.7294,55.117999999999995,-60.0,-60.0,0.5195512771606445,0.2567085027694702
-7.986737516606655,-32.405386204767595,32.405386204767595,0.7199999999999989,44.7294,63.119,-60.0,-60.0,0.3969545364379883,0.25313982367515564
-7.8681926214943765,-31.99143960156384,31.99143960156384,0.75,44.7294,63.3476,-60.0,-60.0,0.38008689880371094,0.25271692872047424
-7.804207974960086,-31.584406651423507,31.584406651423507,0.7800000000000011,44.7294,54.3052,-60.0,-60.0,0.4862852096557617,0.2556167244911194
-7.894220515432594,-31.17104233260689,31.17104233260689,0.8100000000000023,44.7294,44.7294,-60.0,-60.0,0.6069984436035156,0.25863054394721985
-7.890692481674172,-30.755057254697125,30.755057254697125,0.8400000000000034,41.7068,41.7068,-60.0,-60.0,0.6371045112609863,0.2612152695655823
-7.890287621489036,-30.35840770902187,30.35840770902187,0.8700000000000045,55.041799999999995,68.8594,-60.0,-60.0,0.13219833374023438,0.2424098700284958
-7.898211169528598,-29.91306188912616,29.91306188912616,0.9000000000000057,44.7294,59.8932,-60.0,-60.0,0.3156399726867676,0.25104549527168274
-7.884793012016723,-29.469117428499217,29.469117428499217,0.9300000000000068,55.041799999999995,56.0832,-60.0,-60.0,0.31786394119262695,0.24600888788700104
-8.073723085859202,-29.040321211427397,29.040321211427397,0.960000000000008,40.462199999999996,40.462199999999996,-60.0,-60.0,0.5919742584228516,0.2596246302127838
-8.203871238305975,-28.61247585368893,28.61247585368893,0.9900000000000091,55.041799999999995,59.8932,-60.0,-60.0,0.19344711303710938,0.24334843456745148
-8.230029262999128,-28.134038589464456,28.134038589464456,0.030000000000001137,44.7294,53.6956,-60.0,-60.0,0.31528568267822266,0.24988475441932678
-8.26807637818322,-27.708557855626765,27.708557855626765,0.060000000000002274,44.7294,65.8368,-60.0,-60.0,0.08710670471191406,0.24276863038539886
-8.276158280694721,-27.278267967918246,27.278267967918246,0.09000000000000341,44.7294,56.8198,-60.0,-60.0,0.20889854431152344,0.2477625608444214
-8.474175898499535,-26.802769360401523,26.802769360401523,0.12000000000000455,46.761399999999995,46.761399999999995,-60.0,-60.0,0.3619565963745117,0.24934326112270355
-8.499894094159329,-26.35951546410383,26.35951546410383,0.15000000000000568,44.7294,45.9232,-60.0,-60.0,0.3566431999206543,0.25022566318511963
-8.463680040463808,-25.927717446765445,25.927717446765445,0.18000000000000682,44.7294,44.8564,-60.0,-60.0,0.35791873931884766,0.25012674927711487
-8.338839466014718,-25.476974757645365,25.476974757645365,0.21000000000000796,44.7294,52.882799999999996,-60.0,-60.0,0.1796703338623047,0.24689258635044098
-8.26224565704386,-25.04415027354303,25.04415027354303,0.2400000000000091,55.041799999999995,56.413399999999996,-60.0,-60.0,0.09098052978515625,0.23973461985588074
-8.404096573786246,-24.59214347060967,24.59214347060967,0.27000000000001023,54.991,54.991,-60.0,-60.0,0.09362649917602539,0.23957115411758423
-8.510560943805332,-24.118827605644192,24.118827605644192,0.30000000000001137,47.828199999999995,47.828199999999995,-60.0,-60.0,0.21015262603759766,0.24514511227607727
-8.627856914910877,-23.65983612860563,23.65983612860563,0.3300000000000125,55.041799999999995,55.041799999999995,-60.0,-60.0,0.04083681106567383,0.23829661309719086
-8.78083719877109,-23.192021627696533,23.192021627696533,0.36000000000001364,65.35419999999999,69.6468,-60.0,-60.0,-0.3221731185913086,0.22627577185630798
-8.930124720857542,-22.704526345520772,22.704526345520772,0.38999999999998636,56.7436,56.7436,-60.0,-60.0,-0.05407238006591797,0.23501242697238922
-9.062620062191497,-22.214220095580124,22.214220095580124,0.4199999999999875,53.187599999999996,53.187599999999996,-60.0,-60.0,-0.0029125213623046875,0.23724673688411713
-9.099062203193945,-21.716698755991235,21.716698755991235,0.44999999999998863,42.418,42.418,-60.0,-60.0,0.17734766006469727,0.24626386165618896
-8.960324240752445,-21.284298804305323,21.284298804305323,0.47999999999998977,57.022999999999996,57.022999999999996,-60.0,-60.0,-0.13975000381469727,0.23245352506637573
-8.765118724597603,-20.811716714208206,20.811716714208206,0.5099999999999909,55.5498,55.5498,-60.0,-60.0,-0.12616729736328125,0.23322415351867676
-8.670895246100017,-20.370936087753247,20.370936087753247,0.539999999999992,51.9176,51.9176,-60.0,-60.0,-0.06671953201293945,0.23578736186027527
-8.672508271932847,-19.896138361052365,19.896138361052365,0.5699999999999932,57.0484,57.0484,-60.0,-60.0,-0.21201038360595703,0.23074644804000854
-8.728552298159029,-19.421611769980867,19.421611769980867,0.5999999999999943,68.199,65.35419999999999,-60.0,-60.0,-0.4394493103027344,0.22353322803974152
-8.852733636064423,-18.945207920562254,18.945207920562254,0.6299999999999955,52.0192,52.0192,-60.0,-60.0,-0.1548910140991211,0.2329915314912796
-8.900092809187566,-18.46319823012308,18.46319823012308,0.6599999999999966,60.477399999999996,60.477399999999996,-60.0,-60.0,-0.3838019371032715,0.22610557079315186
-8.950200769680713,-17.9915494766762,17.9915494766762,0.6899999999999977,56.1594,56.1594,-60.0,-60.0,-0.3114452362060547,0.22854074835777283
-8.88507500329642,-17.53899834581453,17.53899834581453,0.7199999999999989,53.6448,53.6448,-60.0,-60.0,-0.27648448944091797,0.22989168763160706
-8.469043380117679,-17.148967978872342,17.148967978872342,0.7599999999999909,49.8602,49.8602,-60.0,-60.0,-0.19603347778320312,0.2328300178050995
-7.890981667034876,-16.78385976150576,16.78385976150576,0.789999999999992,65.50659999999999,55.041799999999995,-60.0,-60.0,-0.332517147064209,0.22722399234771729
-7.2843302349773955,-16.44629363020214,16.44629363020214,0.8199999999999932,64.9224,55.041799999999995,-60.0,-60.0,-0.3316826820373535,0.22778750956058502
-6.98473471540176,-16.094875975897338,16.094875975897338,0.8499999999999943,53.974999999999994,53.974999999999994,-60.0,-60.0,-0.30614757537841797,0.23058919608592987
-6.933970457876176,-15.731647535400258,15.731647535400258,0.8799999999999955,52.958999999999996,52.958999999999996,-60.0,-60.0,-0.30172061920166016,0.23095306754112244
-6.813637694552165,-15.396076114243309,15.396076114243309,0.9099999999999966,64.008,55.041799999999995,-60.0,-60.0,-0.37659788131713867,0.22734200954437256
-6.429522282303165,-15.108683544136044,15.108683544136044,0.9399999999999977,97.536,65.35419999999999,-60.0,-60.0,-0.6433444023132324,0.21358433365821838
-5.985358822631356,-14.821762955203877,14.821762955203877,0.9699999999999989,52.958999999999996,52.958999999999996,-60.0,-60.0,-0.32375383377075195,0.23119941353797913
-5.580238952982835,-14.573471633009067,14.573471633009067,0.0,49.149,44.7294,-60.0,-60.0,-0.16107463836669922,0.23538406193256378
-5.4026195951766285,-14.305521384846234,14.305521384846234,0.030000000000001137,56.4642,44.7294,-60.0,-60.0,-0.1629633903503418,0.23327621817588806
-5.340273170599911,-14.030600120324234,14.030600120324234,0.060000000000002274,51.815999999999995,44.7294,-60.0,-60.0,-0.18127727508544922,0.23443298041820526
-5.296266597358097,-13.758969727155012,13.758969727155012,0.09000000000000341,59.309,44.7294,-60.0,-60.0,-0.18902206420898438,0.23179520666599274
-5.143334818953151,-13.491429088525068,13.491429088525068,0.12000000000000455,61.7474,44.7294,-60.0,-60.0,-0.2005939483642578,0.23077696561813354
-4.992435588105136,-13.258419029749321,13.258419029749321,0.15000000000000568,56.641999999999996,44.7294,-60.0,-60.0,-0.2083721160888672,0.23276759684085846
-4.865169979072429,-13.003975931972311,13.003975931972311,0.18000000000000682,49.504599999999996,49.504599999999996,-60.0,-60.0,-0.32119035720825195,0.23167702555656433
-4.837545479589188,-12.748233354419774,12.748233354419774,0.21000000000000796,55.753,55.041799999999995,-60.0,-60.0,-0.4597315788269043,0.2274562567472458
-4.8251956619303895,-12.498064990286679,12.498064990286679,0.2400000000000091,50.749199999999995,50.749199999999995,-60.0,-60.0,-0.37546205520629883,0.23017074167728424
-4.83537990429797,-12.247961029194968,12.247961029194968,0.27000000000001023,48.387,48.387,-60.0,-60.0,-0.33970069885253906,0.23163817822933197
-4.8302878213575005,-11.991447944969071,11.991447944969071,0.30000000000001137,50.0634,50.0634,-60.0,-60.0,-0.38910388946533203,0.23005470633506775
-4.816942689594398,-11.736987217563133,11.736987217563133,0.3300000000000125,45.4914,45.4914,-60.0,-60.0,-0.31096410751342773,0.23328210413455963
-4.794406958434806,-11.494464802228489,11.494464802228489,0.36000000000001364,51.181,51.181,-60.0,-60.0,-0.4409513473510742,0.22888465225696564
-4.742774052806805,-11.24454875446361,11.24454875446361,0.38999999999998636,45.9486,45.9486,-60.0,-60.0,-0.3442821502685547,0.23241068422794342
-4.6958176986386055,-11.006608668061261,11.006608668061261,0.4199999999999875,72.39,55.041799999999995,-60.0,-60.0,-0.5739288330078125,0.22231025993824005
-4.630993503952058,-10.75966000723551,10.75966000723551,0.44999999999998863,47.625,47.625,-60.0,-60.0,-0.39965200424194336,0.23067115247249603
-4.564575910493348,-10.530519874758411,10.530519874758411,0.47999999999998977,47.1678,47.1678,-60.0,-60.0,-0.4011244773864746,0.23083823919296265
-4.521345146648264,-10.295024599344789,10.295024599344789,0.5099999999999909,68.199,55.041799999999995,-60.0,-60.0,-0.6027369499206543,0.22278490662574768
-4.51437384812561,-10.059457650494195,10.059457650494195,0.539999999999992,53.0606,53.0606,-60.0,-60.0,-0.5576062202453613,0.22646528482437134
-4.527730504061135,-9.814700706543215,9.814700706543215,0.5699999999999932,61.467999999999996,55.041799999999995,-60.0,-60.0,-0.6231203079223633,0.22367125749588013
-4.519119032277211,-9.578643422116974,9.578643422116974,0.5999999999999943,44.704,44.704,-60.0,-60.0,-0.4026622772216797,0.23161858320236206
-4.4757070774463426,-9.353576919081512,9.353576919081512,0.6299999999999955,75.0316,44.7294,-60.0,-60.0,-0.42997217178344727,0.22336216270923615
-4.426371725593351,-9.13012827165363,9.13012827165363,0.6599999999999966,55.422799999999995,44.7294,-60.0,-60.0,-0.42881059646606445,0.22891965508460999
-4.348136544555397,-8.902917862744662,8.902917862744662,0.6899999999999977,47.5488,44.7294,-60.0,-60.0,-0.4336709976196289,0.23036713898181915
-4.25757444100528,-8.683558493345302,8.683558493345302,0.7199999999999989,61.8998,44.7294,-60.0,-60.0,-0.45625877380371094,0.22732050716876984
-4.121310270654908,-8.465173001561208,8.465173001561208,0.75,56.5912,55.041799999999995,-60.0,-60.0,-0.6875472068786621,0.22347471117973328
-4.050286535149872,-8.256493705098325,8.256493705098325,0.7800000000000011,59.7408,55.041799999999995,-60.0,-60.0,-0.6999197006225586,0.22276243567466736
-3.981362235798839,-8.027028211617985,8.027028211617985,0.8100000000000023,50.8508,50.8508,-60.0,-60.0,-0.6104211807250977,0.2261577844619751
-3.942642234610194,-7.823945812245487,7.823945812245487,0.8400000000000034,56.108599999999996,55.041799999999995,-60.0,-60.0,-0.720001220703125,0.22303999960422516
-3.953319929957575,-7.608253796233891,7.608253796233891,0.8700000000000045,50.291999999999994,50.291999999999994,-60.0,-60.0,-0.6214790344238281,0.22604624927043915
-3.857504265093906,-7.392621895243048,7.392621895243048,0.9000000000000057,56.0832,44.7294,-60.0,-60.0,-0.512723445892334,0.2275713086128235
-3.8220006010121508,-7.193588618856252,7.193588618856252,0.9300000000000068,61.0362,44.7294,-60.0,-60.0,-0.527928352355957,0.22642675042152405
-4.07967112461099,-7.018747657761997,7.018747657761997,0.960000000000008,60.2996,44.7294,-60.0,-60.0,-0.5459794998168945,0.22601211071014404
-4.2178844974764615,-6.786000020419783,6.786000020419783,0.0,44.1706,34.417,-60.0,-60.0,-0.34796762466430664,0.2329847663640976
-4.306404452544461,-6.559677159233787,6.559677159233787,0.030000000000001137,44.958,44.7294,-60.0,-60.0,-0.5683455467224121,0.22660179436206818
-4.082369003356296,-6.3645534622671,6.3645534622671,0.060000000000002274,68.3006,44.7294,-60.0,-60.0,-0.5942091941833496,0.22246697545051575
-3.7989363135962777,-6.184126333496428,6.184126333496428,0.09000000000000341,48.26,44.7294,-60.0,-60.0,-0.5782027244567871,0.22630450129508972
-3.7432365653462623,-5.992469898992612,5.992469898992612,0.12000000000000455,56.007,44.7294,-60.0,-60.0,-0.5955038070678711,0.22476601600646973
-3.7506910015348094,-5.79602735291353,5.79602735291353,0.15000000000000568,50.419,34.417,-60.0,-60.0,-0.3825111389160156,0.2310880720615387
-3.692519565014224,-5.615782393928249,5.615782393928249,0.18000000000000682,40.5638,40.5638,-60.0,-60.0,-0.5212969779968262,0.2292909473180771
-3.4304498852007903,-5.461641723972235,5.461641723972235,0.21000000000000796,61.1378,44.7294,-60.0,-60.0,-0.6205315589904785,0.22366943955421448
-2.9766766602885477,-5.3545504285421845,5.3545504285421845,0.2400000000000091,60.2996,44.7294,-60.0,-60.0,-0.6110424995422363,0.22436287999153137
-2.542532602366451,-5.261761466691761,5.261761466691761,0.27000000000001023,50.8508,44.7294,-60.0,-60.0,-0.594550609588623,0.2266094982624054
-2.211344295443457,-5.178037697518791,5.178037697518791,0.30000000000001137,36.2966,36.2966,-60.0,-60.0,-0.4212675094604492,0.23540954291820526
-2.1133354685730623,-5.071905884823245,5.071905884823245,0.3300000000000125,59.791599999999995,44.7294,-60.0,-60.0,-0.5984096527099609,0.22542719542980194
-2.074128440914841,-4.966347769048251,4.966347769048251,0.36000000000001364,59.8932,44.7294,-60.0,-60.0,-0.6034889221191406,0.22535429894924164
-1.8541573363467214,-4.892853048198896,4.892853048198896,0.38999999999998636,55.498999999999995,44.7294,-60.0,-60.0,-0.5971908569335938,0.22640685737133026
-1.5371183890100526,-4.845210090151944,4.845210090151944,0.4199999999999875,54.3306,44.7294,-60.0,-60.0,-0.5883541107177734,0.22705966234207153
-1.095243132111983,-4.834399569794267,4.834399569794267,0.44999999999998863,65.43039999999999,44.7294,-60.0,-60.0,-0.5821819305419922,0.22572143375873566
-0.6540037642984867,-4.843401320636444,4.843401320636444,0.47999999999998977,51.9176,44.7294,-60.0,-60.0,-0.5563368797302246,0.22890174388885498
-0.6708017257583776,-4.800111674383159,4.800111674383159,0.5099999999999909,48.768,44.7294,-60.0,-60.0,-0.555943489074707,0.2294304221868515
-0.543488190730934,-4.782548225183813,4.782548225183813,0.539999999999992,44.7802,44.7294,-60.0,-60.0,-0.5522623062133789,0.23051919043064117
-0.4489425601877791,-4.773896063442454,4.773896063442454,0.5699999999999932,52.1716,44.7294,-60.0,-60.0,-0.5535359382629395,0.22917963564395905
-0.2722822587187204,-4.7815521531498515,4.7815521531498515,0.5999999999999943,59.7408,44.7294,-60.0,-60.0,-0.5529251098632812,0.22809581458568573
-3.0593940607944647e-06,-4.8002313147281495,4.8002313147281495,0.6299999999999955,45.5422,44.7294,-60.0,-60.0,-0.5349044799804688,0.23144423961639404
-3.0593940607944647e-06,-4.800450428387892,4.800450428387892,0.6599999999999966,49.7078,44.7294,-60.0,-60.0,-0.5342025756835938,0.23047994077205658
-3.0593940607944647e-06,-4.800190555408072,4.800190555408072,0.6899999999999977,51.3842,44.7294,-60.0,-60.0,-0.5356283187866211,0.23020470142364502
-3.0593940607944647e-06,-4.800921288524826,4.800921288524826,0.7199999999999989,52.577999999999996,44.7294,-60.0,-60.0,-0.5364761352539062,0.23002132773399353
-3.0593940607944647e-06,-4.797306245027816,4.797306245027816,0.75,54.0766,44.7294,-60.0,-60.0,-0.5378313064575195,0.22977490723133087
-3.0593940607944647e-06,-4.799831296175466,4.799831296175466,0.7799999999999727,50.038,44.7294,-60.0,-60.0,-0.5342874526977539,0.23057560622692108
-3.0593940607944647e-06,-4.801550673207902,4.801550673207902,0.8199999999999932,47.142399999999995,44.7294,-60.0,-60.0,-0.5335531234741211,0.23118820786476135
0.13699511079602789,-4.825780833069272,4.825780833069272,0.8500000000000227,72.2122,55.041799999999995,-60.0,-60.0,-0.7747135162353516,0.22187462449073792
0.38781359183102093,-4.873998163969232,4.873998163969232,0.8799999999999955,58.6232,44.7294,-60.0,-60.0,-0.5232629776000977,0.22980082035064697
0.4772327372976588,-4.9022143233919735,4.9022143233919735,0.910000000000025,72.8472,44.7294,-60.0,-60.0,-0.5269060134887695,0.22520464658737183
0.4052613919464883,-4.908332603386118,4.908332603386118,0.9399999999999977,55.9816,44.7294,-60.0,-60.0,-0.5182723999023438,0.23045065999031067
0.28147488731994047,-4.91525576903887,4.91525576903887,0.9700000000000273,59.715399999999995,44.7294,-60.0,-60.0,-0.5250110626220703,0.22961385548114777
0.37348983715373363,-4.952224733065366,4.952224733065366,0.0,55.8292,34.417,-60.0,-60.0,-0.3021841049194336,0.23311038315296173
0.47599491296882523,-4.9821886203599295,4.9821886203599295,0.029999999999972715,54.584599999999995,44.7294,-60.0,-60.0,-0.5127468109130859,0.2297372967004776
0.4380937013290465,-4.993919267660999,4.993919267660999,0.060000000000002274,48.132999999999996,44.7294,-60.0,-60.0,-0.5139837265014648,0.23098592460155487
0.5209689024715924,-5.037341066062577,5.037341066062577,0.08999999999997499,47.8028,44.7294,-60.0,-60.0,-0.5093140602111816,0.2312881052494049
0.46591546985331356,-5.0594217394430725,5.0594217394430725,0.12000000000000455,51.943,44.7294,-60.0,-60.0,-0.5059981346130371,0.23044811189174652
0.5832712466654476,-5.094481536985388,5.094481536985388,0.14999999999997726,57.099199999999996,44.7294,-60.0,-60.0,-0.5039973258972168,0.22975505888462067
0.650464277541882,-5.140237356281048,5.140237356281048,0.18000000000000682,71.88199999999999,44.7294,-60.0,-60.0,-0.5102496147155762,0.22488878667354584
0.5487899778353842,-5.160298590747649,5.160298590747649,0.20999999999997954,55.7784,44.7294,-60.0,-60.0,-0.49994564056396484,0.23012444376945496
0.7537847421877308,-5.216970039320026,5.216970039320026,0.2400000000000091,46.7868,44.7294,-60.0,-60.0,-0.49200916290283203,0.23262278735637665
0.7267320835352074,-5.251941676077957,5.251941676077957,0.2699999999999818,67.5386,44.7294,-60.0,-60.0,-0.4985322952270508,0.22677822411060333
0.794569374872724,-5.300440791400802,5.300440791400802,0.30000000000001137,48.7934,44.7294,-60.0,-60.0,-0.4857139587402344,0.23220820724964142
0.85763071849855,-5.350286046572549,5.350286046572549,0.3299999999999841,51.2318,44.7294,-60.0,-60.0,-0.47838258743286133,0.2319294661283493
0.8211496800749339,-5.387860629304768,5.387860629304768,0.36000000000001364,58.3946,44.7294,-60.0,-60.0,-0.48033618927001953,0.230454683303833
0.9337730341323557,-5.44786973728765,5.44786973728765,0.38999999999998636,56.337199999999996,44.7294,-60.0,-60.0,-0.47041749954223633,0.2311951071023941
0.8656458464233495,-5.483565397364138,5.483565397364138,0.4200000000000159,53.492399999999996,53.492399999999996,-60.0,-60.0,-0.6633706092834473,0.22742509841918945
0.9507454941340323,-5.545223212867432,5.545223212867432,0.44999999999998863,47.1932,44.7294,-60.0,-60.0,-0.4674081802368164,0.23361895978450775
1.0097352620535545,-5.604702036446135,5.604702036446135,0.4900000000000091,58.2422,44.7294,-60.0,-60.0,-0.4614524841308594,0.2311783879995346
0.9443808410284371,-5.652086903952176,5.652086903952176,0.5199999999999818,52.8574,44.7294,-60.0,-60.0,-0.45661067962646484,0.2324545681476593
1.0620640573859617,-5.716603957549832,5.716603957549832,0.5500000000000114,45.1104,44.7294,-60.0,-60.0,-0.4539146423339844,0.23520928621292114
1.0954757789286969,-5.779523476519809,5.779523476519809,0.5799999999999841,54.483,44.7294,-60.0,-60.0,-0.44489192962646484,0.23251180350780487
1.1645360680793466,-5.844495456805962,5.844495456805962,0.6100000000000136,50.038,44.7294,-60.0,-60.0,-0.44224977493286133,0.23380498588085175
1.1989471116048456,-5.908767160202066,5.908767160202066,0.6399999999999864,69.977,44.7294,-60.0,-60.0,-0.44043636322021484,0.22730405628681183
1.1596453886709392,-5.96525751462139,5.96525751462139,0.6700000000000159,52.958999999999996,52.958999999999996,-60.0,-60.0,-0.6108813285827637,0.22924916446208954
1.1861609159946427,-6.036064151483148,6.036064151483148,0.6999999999999886,44.449999999999996,44.449999999999996,-60.0,-60.0,-0.4267301559448242,0.23662418127059937
1.2534491248446982,-6.107894496241222,6.107894496241222,0.7300000000000182,53.467,53.467,-60.0,-60.0,-0.6106147766113281,0.2293306589126587
1.4410948460231214,-6.203275709973514,6.203275709973514,0.7599999999999909,45.8724,45.8724,-60.0,-60.0,-0.43677282333374023,0.2361159771680832
1.8089872776933285,-6.3372084118851895,6.3372084118851895,0.7900000000000205,60.1218,55.041799999999995,-60.0,-60.0,-0.6179695129394531,0.22856073081493378
2.229293418848163,-6.505318592252043,6.505318592252043,0.8199999999999932,62.992,55.041799999999995,-60.0,-60.0,-0.5955123901367188,0.22894589602947235
2.595005619226993,-6.67464762510156,6.67464762510156,0.8500000000000227,54.0258,44.7294,-60.0,-60.0,-0.3508872985839844,0.2359541952610016
2.7551715263711967,-6.832677653467427,6.832677653467427,0.8799999999999955,45.288199999999996,44.7294,-60.0,-60.0,-0.3435091972351074,0.24082885682582855
2.7936332550936553,-6.98341774442118,6.98341774442118,0.910000000000025,58.0898,55.041799999999995,-60.0,-60.0,-0.5430517196655273,0.23155377805233002
2.9153531476585655,-7.149687740726605,7.149687740726605,0.9399999999999977,56.032399999999996,55.041799999999995,-60.0,-60.0,-0.5283050537109375,0.23230807483196259
3.2621360742023726,-7.359595540974423,7.359595540974423,0.9700000000000273,53.7464,53.7464,-60.0,-60.0,-0.47635841369628906,0.23400728404521942
3.6797776416977905,-7.59788917536283,7.59788917536283,0.0,57.277,44.7294,-60.0,-60.0,-0.2673158645629883,0.23543435335159302
4.435099512367802,-7.82861143201169,7.82861143201169,0.029999999999972715,52.0192,44.7294,-60.0,-60.0,-0.2369556427001953,0.23953530192375183
4.7873209332457956,-8.110542730188238,8.110542730188238,0.060000000000002274,66.7004,44.7294,-60.0,-60.0,-0.18706607818603516,0.2333364635705948
4.772100841432634,-8.38120100829712,8.38120100829712,0.08999999999997499,54.864,44.7294,-60.0,-60.0,-0.19056367874145508,0.2387326955795288
4.538096087637814,-8.590853025167217,8.590853025167217,0.12000000000000455,54.991,44.7294,-60.0,-60.0,-0.18558549880981445,0.23852211236953735
4.295674566373411,-8.810729471771946,8.810729471771946,0.14999999999997726,57.962799999999994,44.7294,-60.0,-60.0,-0.17531824111938477,0.23722054064273834
4.4421309163138005,-9.080798701628572,9.080798701628572,0.18000000000000682,43.2562,43.2562,-60.0,-60.0,-0.14011716842651367,0.2476760894060135
4.544539727025977,-9.341975765113727,9.341975765113727,0.20999999999997954,60.452,55.041799999999995,-60.0,-60.0,-0.3542194366455078,0.23414410650730133
4.636846779407011,-9.60263577616638,9.60263577616638,0.2400000000000091,53.4416,53.4416,-60.0,-60.0,-0.31534671783447266,0.23832304775714874
4.65669903133833,-9.85372104255038,9.85372104255038,0.2699999999999818,56.489599999999996,56.489599999999996,-60.0,-60.0,-0.358309268951416,0.2359236478805542
4.745639691510565,-10.116658372857101,10.116658372857101,0.30000000000001137,65.1002,55.041799999999995,-60.0,-60.0,-0.30204248428344727,0.233201265335083
4.868444252463548,-10.383168102505248,10.383168102505248,0.3299999999999841,46.761399999999995,46.761399999999995,-60.0,-60.0,-0.12418842315673828,0.24619360268115997
4.932170296025731,-10.65366882042459,10.65366882042459,0.36000000000001364,50.3428,50.3428,-60.0,-60.0,-0.18131208419799805,0.24292795360088348
4.978801356907459,-10.918433298817279,10.918433298817279,0.38999999999998636,56.0832,55.041799999999995,-60.0,-60.0,-0.2600727081298828,0.23799654841423035
5.018406239155814,-11.186314981475707,11.186314981475707,0.4200000000000159,52.832,52.832,-60.0,-60.0,-0.1993398666381836,0.24116399884223938
5.027765628532306,-11.456837189737104,11.456837189737104,0.44999999999998863,90.3224,55.041799999999995,-60.0,-60.0,-0.2558631896972656,0.22434401512145996
5.024665360572656,-11.716990690230833,11.716990690230833,0.4800000000000182,70.485,55.041799999999995,-60.0,-60.0,-0.21215295791625977,0.23250216245651245
5.024957839942592,-11.983312670646324,11.983312670646324,0.5099999999999909,61.976,55.041799999999995,-60.0,-60.0,-0.19220590591430664,0.2364664524793625
5.051338397357738,-12.258982841932776,12.258982841932776,0.5400000000000205,50.749199999999995,50.749199999999995,-60.0,-60.0,-0.09160327911376953,0.24457645416259766
5.083799328208892,-12.527972874234624,12.527972874234624,0.5699999999999932,63.6016,63.6016,-60.0,-60.0,-0.35535430908203125,0.23391248285770416
5.106900161102814,-12.789783873420435,12.789783873420435,0.6000000000000227,62.483999999999995,62.483999999999995,-60.0,-60.0,-0.3139619827270508,0.23478813469409943
5.160347339280628,-13.073536247160561,13.073536247160561,0.6299999999999955,57.734199999999994,57.734199999999994,-60.0,-60.0,-0.19174861907958984,0.23845796287059784
5.197591312184588,-13.347330653022423,13.347330653022423,0.660000000000025,44.9326,44.9326,-60.0,-60.0,0.09248971939086914,0.2532878518104553
5.162920062353563,-13.624227185901132,13.624227185901132,0.6899999999999977,52.9336,52.9336,-60.0,-60.0,-0.06464052200317383,0.24391081929206848
5.135613052160951,-13.887461681809139,13.887461681809139,0.7200000000000273,53.7718,53.7718,-60.0,-60.0,-0.06957817077636719,0.24322624504566193
5.169000961158955,-14.157505004620443,14.157505004620443,0.7599999999999909,61.6204,61.6204,-60.0,-60.0,-0.217529296875,0.2364743947982788
5.197298990415916,-14.433830607125724,14.433830607125724,0.7900000000000205,57.9882,57.9882,-60.0,-60.0,-0.12787723541259766,0.23944438993930817
5.231615708232339,-14.719452209230822,14.719452209230822,0.8299999999999841,54.9402,54.9402,-60.0,-60.0,-0.04947233200073242,0.2430700957775116
5.203730006626789,-14.98882971677154,14.98882971677154,0.8600000000000136,59.6646,59.6646,-60.0,-60.0,-0.13401079177856445,0.23865461349487305
5.203613080232344,-15.26454558078034,15.26454558078034,0.8899999999999864,45.6438,45.6438,-60.0,-60.0,0.18510818481445312,0.25510552525520325
5.206419301701272,-15.538707251667898,15.538707251667898,0.9200000000000159,56.6166,56.6166,-60.0,-60.0,-0.04380369186401367,0.24211929738521576
5.167773096765494,-15.82118986921683,15.82118986921683,0.9499999999999886,50.038,50.038,-60.0,-60.0,0.10787010192871094,0.2502588927745819
5.13005780615294,-16.079955336023094,16.079955336023094,0.9800000000000182,59.4614,59.4614,-60.0,-60.0,-0.07694816589355469,0.24001117050647736
5.1200581196907775,-16.336026732958654,16.336026732958654,0.009999999999990905,50.2412,50.2412,-60.0,-60.0,0.13721990585327148,0.25015491247177124
5.17379543366837,-16.62858508442336,16.62858508442336,0.040000000000020464,58.419999999999995,58.419999999999995,-60.0,-60.0,-0.021859169006347656,0.24110405147075653
5.188295347141885,-16.901548133152332,16.901548133152332,0.06999999999999318,65.35419999999999,65.35419999999999,-60.0,-60.0,-0.15206384658813477,0.23551703989505768
5.218520844700895,-17.176465853180066,17.176465853180066,0.11000000000001364,62.23,62.23,-60.0,-60.0,-0.07070589065551758,0.23851531744003296
5.225360640814246,-17.46474775562155,17.46474775562155,0.13999999999998636,57.4548,57.4548,-60.0,-60.0,0.04080057144165039,0.24315166473388672
5.188236881085646,-17.72705677168085,17.72705677168085,0.17000000000001592,57.1246,57.1246,-60.0,-60.0,0.05964517593383789,0.2438141256570816
5.1999298765649264,-18.013054306641813,18.013054306641813,0.19999999999998863,57.6834,57.6834,-60.0,-60.0,0.06267833709716797,0.24359261989593506
5.187067557686516,-18.2704758393022,18.2704758393022,0.2300000000000182,61.8998,61.8998,-60.0,-60.0,-0.010312557220458984,0.2401520311832428
5.486153455040109,-18.59878980543137,18.59878980543137,0.2599999999999909,54.7878,54.7878,-60.0,-60.0,0.16739320755004883,0.2482624053955078
5.896131338454734,-18.955201671821506,18.955201671821506,0.29000000000002046,49.4538,49.4538,-60.0,-60.0,0.3302907943725586,0.2564120292663574
6.231765692453169,-19.321238190662328,19.321238190662328,0.3199999999999932,53.416199999999996,53.416199999999996,-60.0,-60.0,0.26639509201049805,0.25231704115867615
6.451986864935525,-19.656985143837773,19.656985143837773,0.35000000000002274,56.6928,56.6928,-60.0,-60.0,0.21380949020385742,0.2490261048078537
6.481028868089111,-20.00743712036898,20.00743712036898,0.37999999999999545,49.5554,49.5554,-60.0,-60.0,0.40929317474365234,0.25955843925476074
6.501804362156846,-20.349068480030233,20.349068480030233,0.410000000000025,44.6278,44.6278,-60.0,-60.0,0.5520830154418945,0.2682568430900574
6.665154689349973,-20.74701920751368,20.74701920751368,0.44999999999998863,54.4576,54.4576,-60.0,-60.0,0.33556461334228516,0.25395479798316956
6.9802597315608255,-21.13360769967466,21.13360769967466,0.4800000000000182,52.577999999999996,52.577999999999996,-60.0,-60.0,0.41585493087768555,0.25822001695632935
7.419774947079506,-21.571108643133986,21.571108643133986,0.5099999999999909,44.7294,47.0408,-60.0,-60.0,0.606684684753418,0.27175357937812805
7.6794770608278435,-21.999038445629616,21.999038445629616,0.5400000000000205,44.7294,92.9386,-60.0,-60.0,-0.1355147361755371,0.24233098328113556
7.85598424566724,-22.427080555502044,22.427080555502044,0.5699999999999932,55.041799999999995,60.452,-60.0,-60.0,0.3582725524902344,0.25617140531539917
7.897976769972562,-22.863825617948237,22.863825617948237,0.6000000000000227,55.041799999999995,60.2742,-60.0,-60.0,0.38790130615234375,0.25717538595199585
7.930304041662634,-23.29796089127755,23.29796089127755,0.6399999999999864,48.1584,48.1584,-60.0,-60.0,0.6783099174499512,0.27256688475608826
8.00413454898952,-23.71183624134843,23.71183624134843,0.6700000000000159,51.7652,51.7652,-60.0,-60.0,0.6160111427307129,0.267410546541214
7.8776178217401505,-24.124310909137673,24.124310909137673,0.6999999999999886,50.7746,50.7746,-60.0,-60.0,0.6584577560424805,0.26972049474716187
7.82914159612173,-24.52785653048744,24.52785653048744,0.7300000000000182,44.7294,61.467999999999996,-60.0,-60.0,0.5250716209411621,0.2706000804901123
7.765723692965131,-24.933621035787233,24.933621035787233,0.7599999999999909,44.7294,49.149,-60.0,-60.0,0.7189769744873047,0.27886155247688293
7.680634966486692,-25.311120863538726,25.311120863538726,0.7900000000000205,44.7294,57.15,-60.0,-60.0,0.6214852333068848,0.2744121253490448
7.683413914315125,-25.726715105238135,25.726715105238135,0.8199999999999932,44.7294,51.815999999999995,-60.0,-60.0,0.7058768272399902,0.27862414717674255
7.646568039285048,-26.125685687714444,26.125685687714444,0.8500000000000227,44.7294,63.9826,-60.0,-60.0,0.5700278282165527,0.27191856503486633
7.609868746222118,-26.525786177658464,26.525786177658464,0.8799999999999955,44.7294,52.4002,-60.0,-60.0,0.7208757400512695,0.27985793352127075
7.54825019648785,-26.92646413946841,26.92646413946841,0.910000000000025,44.7294,63.626999999999995,-60.0,-60.0,0.5988559722900391,0.2733442783355713
7.532098634120238,-27.31304000389747,27.31304000389747,0.9399999999999977,44.7294,46.5582,-60.0,-60.0,0.8197669982910156,0.286210298538208
7.391812433591931,-27.715322585402593,27.715322585402593,0.9700000000000273,44.7294,59.9948,-60.0,-60.0,0.66204833984375,0.2767212986946106
7.324401871543104,-28.079148589785248,28.079148589785248,0.0,34.417,50.6222,-60.0,-60.0,0.8243074417114258,0.2927681505680084
7.243781226016908,-28.44492470185536,28.44492470185536,0.029999999999972715,34.417,43.383199999999995,-60.0,-60.0,0.923619270324707,0.3033766746520996
7.021839516620881,-28.7991701019471,28.7991701019471,0.060000000000002274,24.0792,52.349399999999996,-60.0,-60.0,0.828892707824707,0.2958393394947052
6.825781066634043,-29.116757407595657,29.116757407595657,0.08999999999997499,24.0792,52.705,-60.0,-60.0,0.8282060623168945,0.29561424255371094
6.5564991179269105,-29.427073995410446,29.427073995410446,0.12000000000000455,24.0792,55.6768,-60.0,-60.0,0.7924180030822754,0.29200175404548645
6.5155955489471875,-29.780100859954572,29.780100859954572,0.14999999999997726,24.0792,40.5892,-60.0,-60.0,0.9911422729492188,0.3132213056087494
6.464383959808234,-30.112177353836827,30.112177353836827,0.18000000000000682,24.0792,48.6918,-60.0,-60.0,0.8983011245727539,0.3020080327987671
6.3955811719863815,-30.46397089217678,30.46397089217678,0.20999999999997954,24.0792,52.0192,-60.0,-60.0,0.8653326034545898,0.29820406436920166
6.283547926052571,-30.759338754298238,30.759338754298238,0.2400000000000091,34.417,53.594,-60.0,-60.0,0.8390750885009766,0.29181694984436035
6.261648031591879,-31.11397274270889,31.11397274270889,0.2699999999999818,34.417,64.9478,-60.0,-60.0,0.7060837745666504,0.2797640860080719
6.263278938180591,-31.437904254964643,31.437904254964643,0.30000000000001137,34.417,52.9336,-60.0,-60.0,0.8670291900634766,0.2942028045654297
6.208987587699309,-31.761746049405243,31.761746049405243,0.3299999999999841,34.417,53.1368,-60.0,-60.0,0.8726301193237305,0.29454368352890015
6.032871943376911,-32.09662382097595,32.09662382097595,0.36000000000001364,34.417,48.818799999999996,-60.0,-60.0,0.9309711456298828,0.30096307396888733
5.834823914998014,-32.34095431776695,32.34095431776695,0.38999999999998636,34.417,61.645799999999994,-60.0,-60.0,0.7733907699584961,0.28431475162506104
5.825139495569398,-32.65143828054025,32.65143828054025,0.4200000000000159,34.417,54.6862,-60.0,-60.0,0.8692178726196289,0.2933870553970337
5.784472962739393,-32.951847729801315,32.951847729801315,0.44999999999998863,34.417,52.7558,-60.0,-60.0,0.9007596969604492,0.2966558635234833
5.74158298122855,-33.25986525198337,33.25986525198337,0.4800000000000182,34.417,51.511199999999995,-60.0,-60.0,0.9238619804382324,0.29913994669914246
5.593665448780153,-33.540930890631515,33.540930890631515,0.5099999999999909,34.417,54.229,-60.0,-60.0,0.8946752548217773,0.2954649031162262
5.420669484020849,-33.79525899468108,33.79525899468108,0.5400000000000205,34.417,60.833,-60.0,-60.0,0.8157176971435547,0.28702646493911743
5.429841604244802,-34.08449629851834,34.08449629851834,0.5699999999999932,34.417,64.9986,-60.0,-60.0,0.7726521492004395,0.28289929032325745
5.4424016981088155,-34.37777736489012,34.37777736489012,0.6000000000000227,34.417,41.9862,-60.0,-60.0,1.0628275871276855,0.31818529963493347
5.432353664931649,-34.66005582252266,34.66005582252266,0.6299999999999955,34.417,66.3702,-60.0,-60.0,0.7728524208068848,0.28252363204956055
5.360488811587264,-34.93511466531463,34.93511466531463,0.660000000000025,34.417,48.742599999999996,-60.0,-60.0,0.995244026184082,0.30721521377563477
5.264350466460825,-35.19026355978757,35.19026355978757,0.6899999999999977,34.417,39.497,-60.0,-60.0,1.110124111175537,0.3260710537433624
5.099589950637556,-35.45487384577485,35.45487384577485,0.7200000000000273,34.417,56.4388,-60.0,-60.0,0.9097366333007812,0.295687735080719
5.032152749730151,-35.689654863147574,35.689654863147574,0.75,34.417,46.989999999999995,-60.0,-60.0,1.0287714004516602,0.3115772008895874
5.052917653184514,-35.95921189569377,35.95921189569377,0.7799999999999727,34.417,56.794399999999996,-60.0,-60.0,0.9186100959777832,0.29638704657554626
5.240325827414136,-36.278148779458256,36.278148779458256,0.8100000000000023,34.417,47.7266,-60.0,-60.0,1.0417895317077637,0.31332793831825256
5.608145321783112,-36.6192155444848,36.6192155444848,0.839999999999975,34.417,62.4332,-60.0,-60.0,0.8838658332824707,0.2921503186225891
5.777529310532519,-36.95874024874521,36.95874024874521,0.8700000000000045,34.417,58.496199999999995,-60.0,-60.0,0.9459328651428223,0.299329549074173
5.924359705480929,-37.26889997993881,37.26889997993881,0.8999999999999773,34.417,59.9948,-60.0,-60.0,0.940558910369873,0.2984924018383026
6.017481107957452,-37.57692972954831,37.57692972954831,0.9300000000000068,34.417,55.6768,-60.0,-60.0,1.0034775733947754,0.3068711757659912
6.035253042228767,-37.898208888563026,37.898208888563026,0.9599999999999795,34.417,59.0042,-60.0,-60.0,0.9731955528259277,0.3023667633533478
6.086578529889403,-38.245407641054626,38.245407641054626,0.9900000000000091,34.417,55.5498,-60.0,-60.0,1.0254135131835938,0.3097265064716339
5.9806492072241175,-38.5293460869463,38.5293460869463,0.01999999999998181,24.0792,43.815,-60.0,-60.0,1.1889028549194336,0.33804595470428467
5.794578535672844,-38.78790173416755,38.78790173416755,0.040000000000020464,13.7668,55.5244,-60.0,-60.0,1.069601058959961,0.3164401650428772
4.913544459187976,-38.89494660315777,38.89494660315777,0.06999999999999318,13.7668,49.7586,-60.0,-60.0,1.1169910430908203,0.32402709126472473
4.913544459187976,-38.89494660315777,38.89494660315777,1.1000000000000227,13.7668,52.577999999999996,-60.0,-60.0,1.0746431350708008,0.3204723000526428
4.913544459187976,-38.89494660315777,38.89494660315777,2.1299999999999955,24.0792,47.0408,-60.0,-60.0,1.1155362129211426,0.3307018280029297
4.913544459187976,-38.89494660315777,38.89494660315777,3.1499999999999773,24.0792,47.904399999999995,-60.0,-60.0,1.0958900451660156,0.3310369551181793
4.913544459187976,-38.89494660315777,38.89494660315777,4.170000000000016,24.0792,48.1838,-60.0,-60.0,1.083240032196045,0.3326025605201721
4.913544459187976,-38.89494660315777,38.89494660315777,5.199999999999989,24.0792,71.6788,-60.0,-60.0,0.7877073287963867,0.2945877015590668
4.913544459187976,-38.89494660315777,38.89494660315777,6.230000000000018,24.0792,43.992799999999995,-60.0,-60.0,1.1154670715332031,0.3468845784664154
4.913544459187976,-38.89494660315777,38.89494660315777,7.259999999999991,24.0792,61.595,-60.0,-60.0,0.8918008804321289,0.31246277689933777
4.913544459187976,-38.89494660315777,38.89494660315777,8.29000000000002,24.0792,63.474599999999995,-60.0,-60.0,0.8586139678955078,0.3111032247543335
4.913544459187976,-38.89494660315777,38.89494660315777,9.310000000000002,24.0792,54.7116,-60.0,-60.0,0.9578495025634766,0.3284152150154114
