45.49500458293704,-69.55111307689845,69.55111307689845,0.6100000000000003,0.0,0.0,-60.0,-60.0,2.636354446411133,0.9557958245277405
13.503624155933217,-68.60174098003785,68.60174098003785,0.9000000000000004,0.0,0.0,-60.0,-60.0,2.2706961631774902,0.8162025809288025
6.49515166275557,-68.23670778820717,68.23670778820717,0.9100000000000001,0.0,0.0,-60.0,-60.0,2.206364154815674,0.7726322412490845
3.3051410435953863,-68.07042764887375,68.07042764887375,0.9199999999999999,3.4543999999999997,3.4543999999999997,-60.0,-60.0,2.1754117012023926,0.7487346529960632
-1.9949431958030888,-67.4988967423661,67.4988967423661,0.9399999999999995,3.4543999999999997,13.7668,-60.0,-60.0,2.018655776977539,0.6541109681129456
-1.650211153955861,-67.44599912336143,67.44599912336143,0.9600000000000009,3.4543999999999997,24.0792,-60.0,-60.0,1.9358634948730469,0.6043671369552612
-2.123048616761225,-67.31875812812115,67.31875812812115,0.9800000000000004,3.4543999999999997,34.417,-60.0,-60.0,1.840911865234375,0.5397803783416748
-2.5508867051433635,-67.19346929677643,67.19346929677643,0.0,0.0,38.608,-60.0,-60.0,1.7944841384887695,0.5013262033462524
-2.5861845286336353,-67.08298583736477,67.08298583736477,0.019999999999999574,0.0,36.9062,-60.0,-60.0,1.8056926727294922,0.5087295174598694
-2.1609581551875454,-67.0267739891059,67.0267739891059,0.03999999999999915,3.4543999999999997,49.5554,-60.0,-60.0,1.7238516807556152,0.4514738917350769
-1.3064200759882574,-67.0363125940423,67.0363125940423,0.05999999999999872,3.4543999999999997,43.154599999999995,-60.0,-60.0,1.7872357368469238,0.49521487951278687
-0.6993874636913506,-66.98617726306374,66.98617726306374,0.08999999999999986,3.4543999999999997,48.26,-60.0,-60.0,1.7604503631591797,0.4733726680278778
-0.32875297525886804,-67.01069122265189,67.01069122265189,0.120000000000001,3.4543999999999997,46.8884,-60.0,-60.0,1.7779388427734375,0.4852082133293152
-0.24245512535276614,-66.97541155145831,66.97541155145831,0.14999999999999858,3.4543999999999997,47.0916,-60.0,-60.0,1.7771649360656738,0.4847842752933502
-0.342723193920193,-66.93775292803473,66.93775292803473,0.17999999999999972,3.4543999999999997,44.754799999999996,-60.0,-60.0,1.7912092208862305,0.4964098334312439
-0.5856909264425837,-66.91479999746403,66.91479999746403,0.1999999999999993,3.4543999999999997,46.1264,-60.0,-60.0,1.7759757041931152,0.48589539527893066
-1.0888790504312544,-66.7912868971347,66.7912868971347,0.21999999999999886,3.4543999999999997,41.3258,-60.0,-60.0,1.798349380493164,0.5060818791389465
-1.298348359061739,-66.71623136872664,66.71623136872664,0.25,3.4543999999999997,46.5582,-60.0,-60.0,1.7543973922729492,0.47403329610824585
-1.48333616588858,-66.62903648771538,66.62903648771538,0.2699999999999996,3.4543999999999997,45.466,-60.0,-60.0,1.756753921508789,0.47718775272369385
-1.6488564712289122,-66.52747503055103,66.52747503055103,0.3000000000000007,3.4543999999999997,47.1678,-60.0,-60.0,1.7386174201965332,0.4654279351234436
-1.7958579166978679,-66.42753196532647,66.42753196532647,0.3299999999999983,3.4543999999999997,46.8884,-60.0,-60.0,1.7353935241699219,0.46452367305755615
-2.1930973694348395,-66.31612206833428,66.31612206833428,0.35999999999999943,13.7668,51.689,-60.0,-60.0,1.6949529647827148,0.4419020116329193
-2.4527486579388937,-66.1514323703184,66.1514323703184,0.379999999999999,13.7668,51.358799999999995,-60.0,-60.0,1.6868062019348145,0.4389372169971466
-2.5587112241075296,-66.015570690217,66.015570690217,0.3999999999999986,13.7668,46.0756,-60.0,-60.0,1.7229704856872559,0.4625009298324585
-2.744941228797743,-65.89310401021523,65.89310401021523,0.4200000000000017,13.7668,50.0634,-60.0,-60.0,1.6823177337646484,0.4397110044956207
-2.680655297360704,-65.69707557400461,65.69707557400461,0.4399999999999977,13.7668,50.977799999999995,-60.0,-60.0,1.671731948852539,0.4340020418167114
-2.7207098238601155,-65.60623894090371,65.60623894090371,0.46999999999999886,13.7668,34.9504,-60.0,-60.0,1.8001537322998047,0.5134884715080261
-2.8272735602887082,-65.3976065568657,65.3976065568657,0.490000000000002,13.7668,46.685199999999995,-60.0,-60.0,1.695098876953125,0.4500412046909332
-2.7323551357112144,-65.2394478651293,65.2394478651293,0.5200000000000031,13.7668,43.2562,-60.0,-60.0,1.7213363647460938,0.46661120653152466
-2.9132395611888082,-65.08482028582453,65.08482028582453,0.5499999999999972,13.7668,50.165,-60.0,-60.0,1.6550679206848145,0.42993971705436707
-3.1327393111883453,-64.91050690286852,64.91050690286852,0.5700000000000003,13.7668,49.580799999999996,-60.0,-60.0,1.650256633758545,0.42834001779556274
-3.56893147546545,-64.69017730051317,64.69017730051317,0.6000000000000014,13.7668,44.449999999999996,-60.0,-60.0,1.6788787841796875,0.444083034992218
-4.155908499170893,-64.43527920951412,64.43527920951412,0.6300000000000026,13.7668,47.142399999999995,-60.0,-60.0,1.6365728378295898,0.4219639003276825
-4.4886550437153305,-64.18526268037097,64.18526268037097,0.6599999999999966,13.7668,59.0804,-60.0,-60.0,1.5242199897766113,0.36791613698005676
-4.803714103366775,-63.92207670292206,63.92207670292206,0.6899999999999977,13.7668,42.3418,-60.0,-60.0,1.649871826171875,0.43049106001853943
-5.12778026286466,-63.64007606570866,63.64007606570866,0.7199999999999989,13.7668,59.181999999999995,-60.0,-60.0,1.4915428161621094,0.35866081714630127
-5.420614121375237,-63.32081004478258,63.32081004478258,0.75,13.7668,54.889399999999995,-60.0,-60.0,1.509066104888916,0.3693847060203552
-5.635821621476441,-63.017624533999474,63.017624533999474,0.7700000000000031,13.7668,51.1048,-60.0,-60.0,1.5294671058654785,0.3782922327518463
-5.772339106961385,-62.708762841004585,62.708762841004585,0.7999999999999972,13.7668,54.6354,-60.0,-60.0,1.485443115234375,0.362956702709198
-5.81814156180949,-62.377628777710676,62.377628777710676,0.8299999999999983,13.7668,47.879,-60.0,-60.0,1.5353946685791016,0.38357850909233093
-6.041386226039537,-62.050027362969224,62.050027362969224,0.8599999999999994,13.7668,52.4002,-60.0,-60.0,1.4799938201904297,0.3636011779308319
-6.1521824570244155,-61.69729756181715,61.69729756181715,0.8900000000000006,13.7668,52.2986,-60.0,-60.0,1.4678092002868652,0.3607461452484131
-6.273591421171871,-61.3446778655435,61.3446778655435,0.9200000000000017,24.0792,62.611,-60.0,-60.0,1.3410005569458008,0.325031042098999
-6.704175955705886,-60.964050142955145,60.964050142955145,0.9500000000000028,24.0792,64.0842,-60.0,-60.0,1.3053035736083984,0.3171527087688446
-7.173116089051018,-60.532228719758606,60.532228719758606,0.9799999999999969,24.0792,59.2074,-60.0,-60.0,1.3274741172790527,0.32328513264656067
-7.9663697139345295,-60.08873740039668,60.08873740039668,0.00999999999999801,13.7668,48.1584,-60.0,-60.0,1.4274616241455078,0.34464412927627563
-8.071823485759356,-59.687289293651936,59.687289293651936,0.03999999999999915,13.7668,44.8818,-60.0,-60.0,1.4430665969848633,0.3509669601917267
-7.376191564475561,-59.33876597641753,59.33876597641753,0.07000000000000028,13.7668,54.508399999999995,-60.0,-60.0,1.3576464653015137,0.3291717767715454
-5.986072400243906,-59.12578759427516,59.12578759427516,0.10000000000000142,13.7668,45.1104,-60.0,-60.0,1.4689569473266602,0.36587661504745483
-4.7694110450088205,-58.95811035735205,58.95811035735205,0.13000000000000256,13.7668,41.605199999999996,-60.0,-60.0,1.5217771530151367,0.38939276337623596
-4.349660382060395,-58.764368152025725,58.764368152025725,0.1599999999999966,13.7668,47.523399999999995,-60.0,-60.0,1.4710025787353516,0.3715366721153259
-4.504473202443361,-58.51557050638578,58.51557050638578,0.18999999999999773,13.7668,41.1988,-60.0,-60.0,1.517622470855713,0.3906957507133484
-5.112809748799078,-58.122157201923685,58.122157201923685,0.21999999999999886,13.7668,46.913799999999995,-60.0,-60.0,1.440171718597412,0.36234501004219055
-5.618482367302217,-57.795545511973785,57.795545511973785,0.25,13.7668,58.877199999999995,-60.0,-60.0,1.3087410926818848,0.32429271936416626
-6.540560472682651,-57.40347954455389,57.40347954455389,0.28000000000000114,13.7668,51.4858,-60.0,-60.0,1.3428406715393066,0.3341519832611084
-7.8027035787982815,-56.902828754527135,56.902828754527135,0.3100000000000023,13.7668,59.9694,-60.0,-60.0,1.2151412963867188,0.30670416355133057
-9.078945218075631,-56.31300046871967,56.31300046871967,0.3400000000000034,24.0792,59.562999999999995,-60.0,-60.0,1.1531977653503418,0.29515647888183594
-10.122442686864224,-55.71796216381054,55.71796216381054,0.37000000000000455,24.0792,47.0916,-60.0,-60.0,1.2453041076660156,0.3110596537590027
-10.507697061680496,-55.14479076438615,55.14479076438615,0.4000000000000057,24.0792,51.7652,-60.0,-60.0,1.1665349006652832,0.2990717589855194
-10.690916820140075,-54.54300350795985,54.54300350795985,0.4300000000000068,24.0792,56.260999999999996,-60.0,-60.0,1.0936636924743652,0.28986799716949463
-10.82638126257755,-53.91608597715948,53.91608597715948,0.45999999999999375,24.0792,46.5582,-60.0,-60.0,1.19215726852417,0.30298343300819397
-10.915240015444276,-53.33373889264591,53.33373889264591,0.4899999999999949,24.0792,45.516799999999996,-60.0,-60.0,1.1877622604370117,0.3026387393474579
-11.056292689690675,-52.726078599053174,52.726078599053174,0.519999999999996,24.0792,45.8724,-60.0,-60.0,1.164468765258789,0.29970499873161316
-11.250521693731283,-52.105393695729205,52.105393695729205,0.5499999999999972,24.0792,51.0286,-60.0,-60.0,1.0791215896606445,0.2897641956806183
-11.788643172373252,-51.3859059334673,51.3859059334673,0.5799999999999983,24.0792,45.6438,-60.0,-60.0,1.117955207824707,0.29394394159317017
-12.940332369852193,-50.55628830547296,50.55628830547296,0.6099999999999994,24.0792,52.7812,-60.0,-60.0,0.9827251434326172,0.2799794673919678
-14.621186603336497,-49.60412620354869,49.60412620354869,0.6400000000000006,24.0792,62.8396,-60.0,-60.0,0.7895855903625488,0.2653183937072754
-16.666576893500004,-48.49679303952381,48.49679303952381,0.6700000000000017,34.417,60.5028,-60.0,-60.0,0.7734766006469727,0.2618257999420166
-18.471338726667263,-47.31604674655261,47.31604674655261,0.7000000000000028,34.417,60.2742,-60.0,-60.0,0.7061572074890137,0.2580510973930359
-19.846067068250694,-46.11443898074975,46.11443898074975,0.730000000000004,34.417,68.9102,-60.0,-60.0,0.5184297561645508,0.24963662028312683
-21.08109167094,-44.840179755554416,44.840179755554416,0.7600000000000051,34.417,57.251599999999996,-60.0,-60.0,0.6197781562805176,0.25436151027679443
-21.75375879928895,-43.55733486727398,43.55733486727398,0.7900000000000063,44.7294,60.3504,-60.0,-60.0,0.5465030670166016,0.24953661859035492
-22.109769613500283,-42.309401704192396,42.309401704192396,0.8199999999999932,44.7294,72.9742,-60.0,-60.0,0.327423095703125,0.23781417310237885
-22.241424299184178,-41.056554563651495,41.056554563651495,0.8499999999999943,42.9006,42.9006,-60.0,-60.0,0.6768040657043457,0.253983736038208
-22.072515030228644,-39.87182849562885,39.87182849562885,0.8799999999999955,44.7294,49.4538,-60.0,-60.0,0.5634393692016602,0.24965998530387878
-22.015084087233006,-38.629772431796674,38.629772431796674,0.9099999999999966,44.7294,46.532799999999995,-60.0,-60.0,0.5714521408081055,0.24959781765937805
-21.98401956238355,-37.39956141724488,37.39956141724488,0.9399999999999977,44.7294,55.372,-60.0,-60.0,0.40801477432250977,0.2432776540517807
-22.15665256918873,-36.12714288533048,36.12714288533048,0.9699999999999989,44.7294,49.8856,-60.0,-60.0,0.4346466064453125,0.24453294277191162
-22.717065611152837,-34.77789668657402,34.77789668657402,0.0,34.417,47.7774,-60.0,-60.0,0.40558624267578125,0.245046004652977
-23.290335038975932,-33.45231179575993,33.45231179575993,0.030000000000001137,34.417,70.5612,-60.0,-60.0,-0.09705114364624023,0.2247149497270584
-24.116299201582244,-32.002810696491366,32.002810696491366,0.060000000000002274,44.7294,51.9176,-60.0,-60.0,0.1394505500793457,0.23190514743328094
-24.856656924611187,-30.511679607881774,30.511679607881774,0.09000000000000341,44.7294,55.372,-60.0,-60.0,-0.04104185104370117,0.2262154519557953
-25.50115998551759,-29.028106495760397,29.028106495760397,0.12000000000000455,54.889399999999995,54.889399999999995,-60.0,-60.0,-0.1577157974243164,0.22074198722839355
-25.906953946662217,-27.522007880127667,27.522007880127667,0.15000000000000568,55.041799999999995,78.8162,-60.0,-60.0,-0.721919059753418,0.20718061923980713
-26.223986338316976,-25.979751028609748,25.979751028609748,0.18000000000000682,52.0192,52.0192,-60.0,-60.0,-0.300844669342041,0.2174554020166397
-26.560526843950676,-24.415987324192233,24.415987324192233,0.20999999999999375,60.401199999999996,55.041799999999995,-60.0,-60.0,-0.47899627685546875,0.21232183277606964
-26.600506434107142,-22.958597330659842,22.958597330659842,0.23999999999999488,52.8574,52.8574,-60.0,-60.0,-0.5126743316650391,0.21299809217453003
-26.289650764372922,-21.46396197405756,21.46396197405756,0.269999999999996,57.962799999999994,55.041799999999995,-60.0,-60.0,-0.646000862121582,0.20980475842952728
-25.91272481074544,-19.95216184722578,19.95216184722578,0.29999999999999716,51.308,44.7294,-60.0,-60.0,-0.48920440673828125,0.2143750786781311
-26.4587549552912,-18.273329652878807,18.273329652878807,0.3299999999999983,51.1048,44.7294,-60.0,-60.0,-0.6078948974609375,0.21136021614074707
-27.69581351114364,-16.70170418330846,16.70170418330846,0.35999999999999943,42.6212,42.6212,-60.0,-60.0,-0.6895427703857422,0.20979095995426178
-30.209378948683167,-14.592941908293334,14.592941908293334,0.39000000000000057,44.3484,44.3484,-60.0,-60.0,-0.9366426467895508,0.20329292118549347
-32.887800811898245,-12.269985577770852,12.269985577770852,0.4200000000000017,47.7266,44.7294,-60.0,-60.0,-1.1709423065185547,0.19761621952056885
-35.06929484142731,-9.859597566641003,9.859597566641003,0.45000000000000284,73.279,44.7294,-60.0,-60.0,-1.3909144401550293,0.19013836979866028
-36.517217846214216,-7.440957332828427,7.440957332828427,0.480000000000004,47.8028,34.417,-60.0,-60.0,-1.3447892665863037,0.19310705363750458
-36.65317074975902,-5.149808832550043,5.149808832550043,0.5100000000000051,62.6618,34.417,-60.0,-60.0,-1.4873549938201904,0.18924081325531006
-36.27045736894652,-3.062620507409484,3.062620507409484,0.5400000000000063,44.8056,24.0792,-60.0,-60.0,-1.3799893856048584,0.19362619519233704
-35.570202074480115,-1.0371756659642835,1.0371756659642835,0.5699999999999932,46.0756,24.0792,-60.0,-60.0,-1.4778826236724854,0.1925283968448639
-34.75477252509313,-0.1,0.1,0.5999999999999943,41.656,24.0792,-60.0,-60.0,-1.4980556964874268,0.19327446818351746
-33.92523009377232,-0.1,0.1,0.6299999999999955,52.501799999999996,24.0792,-60.0,-60.0,-1.475057601928711,0.19293440878391266
-31.153107060593694,4.14034243345295,0.1,0.6599999999999966,44.983399999999996,24.0792,-60.0,-60.0,-1.516589879989624,0.19496862590312958
-19.42680497696659,5.960000664380464,0.1,0.7000000000000028,57.5818,24.0792,-60.0,-60.0,-1.1885735988616943,0.20651040971279144
-29.36197261269084,7.722090347957645,-7.722090347957645,0.7399999999999949,50.5714,34.417,-60.0,-60.0,-1.9568455219268799,0.18762828409671783
-29.217465597762594,9.432559245285,-9.432559245285,0.769999999999996,63.0682,34.417,-60.0,-60.0,-2.021862030029297,0.186838760972023
-29.077290902095484,10.968194199695267,-10.968194199695267,0.8100000000000023,67.9196,34.417,-60.0,-60.0,-2.0814037322998047,0.18597042560577393
-28.179132988625813,12.499510451682816,-12.499510451682816,0.8499999999999943,48.006,24.0792,-60.0,-60.0,-1.9254512786865234,0.1925056129693985
-26.41210442012393,13.892235359757159,-13.892235359757159,0.8900000000000006,63.169799999999995,24.0792,-60.0,-60.0,-1.9845285415649414,0.19104599952697754
-24.804899815666186,15.100849820097492,-15.100849820097492,0.9200000000000017,50.749199999999995,24.0792,-60.0,-60.0,-1.9451630115509033,0.19452689588069916
-23.405564759989247,16.284361268405853,-16.284361268405853,0.9500000000000028,49.199799999999996,24.0792,-60.0,-60.0,-1.9451894760131836,0.19564713537693024
-23.507409981393085,17.64269746553446,-17.64269746553446,0.980000000000004,44.3484,24.0792,-60.0,-60.0,-1.9704885482788086,0.1957462579011917
-24.901145061347155,19.053530202968105,-19.053530202968105,0.01999999999999602,47.066199999999995,13.7668,-60.0,-60.0,-1.9253277778625488,0.19595251977443695
-26.46971494782976,20.879155898156952,-20.879155898156952,0.04999999999999716,52.1462,13.7668,-60.0,-60.0,-2.0343971252441406,0.1908741593360901
-27.295062918261117,22.555327072129344,-22.555327072129344,0.0799999999999983,58.4454,13.7668,-60.0,-60.0,-2.1154041290283203,0.1863742172718048
-27.53971030405318,24.164381560310954,-24.164381560310954,0.10999999999999943,46.913799999999995,13.7668,-60.0,-60.0,-2.1204872131347656,0.18897639214992523
-27.210786580613174,25.67051143490435,-25.67051143490435,0.14000000000000057,48.513999999999996,13.7668,-60.0,-60.0,-2.154249668121338,0.18694210052490234
-26.633251907419844,27.132821896090505,-27.132821896090505,0.1700000000000017,56.108599999999996,13.7668,-60.0,-60.0,-2.1848855018615723,0.18371811509132385
-25.722705986197894,28.474215952779538,-28.474215952779538,0.20000000000000284,48.4632,13.7668,-60.0,-60.0,-2.1849803924560547,0.1843346357345581
-23.974961084334282,29.628815487926442,-29.628815487926442,0.22999999999998977,47.2694,13.7668,-60.0,-60.0,-2.1664509773254395,0.18447551131248474
-22.352615944479723,30.71594349795457,-30.71594349795457,0.2599999999999909,43.815,13.7668,-60.0,-60.0,-2.1455276012420654,0.1851518750190735
-20.94319253346254,31.72358803290905,-31.72358803290905,0.28999999999999204,44.704,13.7668,-60.0,-60.0,-2.1306896209716797,0.1847606599330902
-20.226512444602932,32.74160795076062,-32.74160795076062,0.3199999999999932,50.8762,13.7668,-60.0,-60.0,-2.1348047256469727,0.18255184590816498
-20.130122755276957,33.84049495194575,-33.84049495194575,0.3499999999999943,50.8,13.7668,-60.0,-60.0,-2.145709753036499,0.18113671243190765
-20.199570653493694,34.93220837475607,-34.93220837475607,0.37999999999999545,48.387,13.7668,-60.0,-60.0,-2.155773878097534,0.1801290214061737
-20.27056473139825,36.03821881741685,-36.03821881741685,0.4099999999999966,57.2008,24.0792,-60.0,-60.0,-2.270800828933716,0.17694856226444244
-19.764419469054125,37.03985524541886,-37.03985524541886,0.44999999999998863,52.832,24.0792,-60.0,-60.0,-2.2521350383758545,0.17683376371860504
-18.76911644948198,37.94630160883197,-37.94630160883197,0.4900000000000091,42.0116,24.0792,-60.0,-60.0,-2.2101733684539795,0.1785515397787094
-17.415303135796567,38.750529914766915,-38.750529914766915,0.5200000000000102,49.9364,24.0792,-60.0,-60.0,-2.1985740661621094,0.17704017460346222
-15.897062120450848,39.46992811247253,-39.46992811247253,0.5600000000000023,45.7708,13.7668,-60.0,-60.0,-2.0781776905059814,0.1791469305753708
-14.6524759800105,40.14964541083433,-40.14964541083433,0.5900000000000034,41.4782,13.7668,-60.0,-60.0,-2.043187379837036,0.18051591515541077
-13.719935204534005,40.833253540015576,-40.833253540015576,0.6200000000000045,52.4764,13.7668,-60.0,-60.0,-2.0470831394195557,0.17884641885757446
-13.161080117061614,41.49002184513293,-41.49002184513293,0.6500000000000057,56.2864,13.7668,-60.0,-60.0,-2.042402982711792,0.17826487123966217
-13.192599191693613,42.20330081964138,-42.20330081964138,0.6899999999999977,43.078399999999995,13.7668,-60.0,-60.0,-2.0120797157287598,0.18017415702342987
-13.496695023204628,42.9756428992179,-42.9756428992179,0.7199999999999989,53.3908,24.0792,-60.0,-60.0,-2.1139988899230957,0.17544151842594147
-13.865322751579043,43.72807143407081,-43.72807143407081,0.7599999999999909,57.5056,24.0792,-60.0,-60.0,-2.1242599487304688,0.17380806803703308
-14.015633646539165,44.47475417131812,-44.47475417131812,0.789999999999992,42.1386,24.0792,-60.0,-60.0,-2.1291863918304443,0.17661349475383759
-13.934699976350055,45.16484720523845,-45.16484720523845,0.8199999999999932,57.531,24.0792,-60.0,-60.0,-2.120453357696533,0.17267894744873047
-13.532584353441491,45.8654356175936,-45.8654356175936,0.8600000000000136,42.037,24.0792,-60.0,-60.0,-2.1249513626098633,0.17634128034114838
-12.905836530415142,46.476918763017025,-46.476918763017025,0.9000000000000057,46.1518,24.0792,-60.0,-60.0,-2.1139259338378906,0.17566150426864624
-12.070901571393764,47.05311338581761,-47.05311338581761,0.9399999999999977,45.6692,24.0792,-60.0,-60.0,-2.1016297340393066,0.17631827294826508
-11.096657819891679,47.574157788851856,-47.574157788851856,0.9799999999999898,51.5366,24.0792,-60.0,-60.0,-2.0818023681640625,0.17569966614246368
-10.402576279192719,48.084658881155356,-48.084658881155356,0.020000000000010232,47.3456,13.7668,-60.0,-60.0,-1.9900872707366943,0.1809655874967575
-9.649658282719711,48.54228507956842,-48.54228507956842,0.05000000000001137,45.6184,13.7668,-60.0,-60.0,-1.9794726371765137,0.1825457066297531
-8.748823078344872,48.91403213450027,-48.91403213450027,0.0800000000000125,43.916599999999995,13.7668,-60.0,-60.0,-1.965796709060669,0.18432225286960602
-8.118270645036647,49.283447856041285,-49.283447856041285,0.12000000000000455,57.022999999999996,13.7668,-60.0,-60.0,-1.9423441886901855,0.1820649653673172
-7.742460997944873,49.700529467451204,-49.700529467451204,0.1599999999999966,48.7934,13.7668,-60.0,-60.0,-1.9453999996185303,0.18514810502529144
-7.791304533175296,50.07596048309449,-50.07596048309449,0.18999999999999773,40.081199999999995,13.7668,-60.0,-60.0,-1.9541075229644775,0.18795232474803925
-8.117866236852253,50.56935331349653,-50.56935331349653,0.21999999999999886,60.579,24.0792,-60.0,-60.0,-2.041964530944824,0.17540138959884644
-8.059218449940362,50.96127950027871,-50.96127950027871,0.25,47.625,24.0792,-60.0,-60.0,-2.056555986404419,0.1787704974412918
-7.88832114645446,51.31844073771252,-51.31844073771252,0.28000000000000114,45.8216,24.0792,-60.0,-60.0,-2.055969476699829,0.179621160030365
-7.612832045869154,51.71840832226227,-51.71840832226227,0.3100000000000023,52.4764,24.0792,-60.0,-60.0,-2.045036792755127,0.17856673896312714
-6.997278878021255,52.05116374940453,-52.05116374940453,0.3400000000000034,41.8084,24.0792,-60.0,-60.0,-2.045657157897949,0.18217803537845612
-6.53200738693854,52.31228276303565,-52.31228276303565,0.37000000000000455,50.7238,13.7668,-60.0,-60.0,-1.9263548851013184,0.1909923255443573
-6.381437193614455,52.615609271281826,-52.615609271281826,0.4099999999999966,53.6956,24.0792,-60.0,-60.0,-2.0234978199005127,0.18048246204853058
-6.369792954851931,52.9768881275669,-52.9768881275669,0.4399999999999977,42.849799999999995,13.7668,-60.0,-60.0,-1.9329428672790527,0.19526496529579163
-6.735804613715138,53.41146198227429,-53.41146198227429,0.46999999999999886,39.014399999999995,24.0792,-60.0,-60.0,-2.0362541675567627,0.18509821593761444
-7.109797598251851,53.782175962645965,-53.782175962645965,0.5099999999999909,50.672999999999995,24.0792,-60.0,-60.0,-2.0361218452453613,0.18187479674816132
-7.337278342141743,54.198402662274034,-54.198402662274034,0.5500000000000114,50.977799999999995,24.0792,-60.0,-60.0,-2.037747383117676,0.1821557730436325
-7.510068933059601,54.64078754326088,-54.64078754326088,0.5900000000000034,54.4576,24.0792,-60.0,-60.0,-2.0347607135772705,0.18180084228515625
-7.329276038911572,54.97052223323119,-54.97052223323119,0.6299999999999955,35.052,24.0792,-60.0,-60.0,-2.0366568565368652,0.1886284053325653
-7.166442564375551,55.341286274645974,-55.341286274645974,0.6599999999999966,47.370999999999995,24.0792,-60.0,-60.0,-2.0337729454040527,0.18555456399917603
-6.986535076425733,55.71777901332501,-55.71777901332501,0.6999999999999886,45.3136,24.0792,-60.0,-60.0,-2.029168128967285,0.1873728483915329
-6.883079055299049,56.04645753180295,-56.04645753180295,0.7400000000000091,55.0164,24.0792,-60.0,-60.0,-2.02072811126709,0.18539924919605255
-6.683417416725909,56.387096843451666,-56.387096843451666,0.7800000000000011,48.437799999999996,24.0792,-60.0,-60.0,-2.0206878185272217,0.1885576695203781
-6.493194819737336,56.73557481335004,-56.73557481335004,0.8199999999999932,52.806599999999996,24.0792,-60.0,-60.0,-2.0149526596069336,0.18838553130626678
-6.436914705294897,57.07660466738271,-57.07660466738271,0.8499999999999943,50.0888,24.0792,-60.0,-60.0,-2.012857437133789,0.19040392339229584
-6.675974149634896,57.45048188918431,-57.45048188918431,0.8799999999999955,52.832,24.0792,-60.0,-60.0,-2.013253927230835,0.1903034746646881
-7.329450005083628,57.88436879145784,-57.88436879145784,0.9199999999999875,46.3296,24.0792,-60.0,-60.0,-2.0219361782073975,0.19305011630058289
-7.919262038423924,58.37282052610808,-58.37282052610808,0.9499999999999886,44.958,24.0792,-60.0,-60.0,-2.029510021209717,0.19443826377391815
-8.382288940679448,58.79960434358212,-58.79960434358212,0.9799999999999898,47.7774,24.0792,-60.0,-60.0,-2.0317494869232178,0.19424645602703094
-8.162461766603803,59.2406140887797,-59.2406140887797,0.020000000000010232,45.516799999999996,13.7668,-60.0,-60.0,-1.9779136180877686,0.21635136008262634
-7.470723364833294,59.541425736473144,-59.541425736473144,0.05000000000001137,53.213,13.7668,-60.0,-60.0,-1.9588699340820312,0.21611173450946808
-6.4675298481265795,59.82038607503329,-59.82038607503329,0.0800000000000125,44.196,13.7668,-60.0,-60.0,-1.9543285369873047,0.2243022620677948
-5.116201567293269,59.92371610181264,-59.92371610181264,0.11000000000001364,49.0982,13.7668,-60.0,-60.0,-1.9295258522033691,0.22563455998897552
-4.231427609487783,60.10573896095765,-60.10573896095765,0.13999999999998636,42.7228,13.7668,-60.0,-60.0,-1.9219298362731934,0.23210880160331726
-3.6929304900291138,60.273876076662376,-60.273876076662376,0.1699999999999875,45.466,13.7668,-60.0,-60.0,-1.9093494415283203,0.23321835696697235
-3.4770848045544374,60.45541414481185,-60.45541414481185,0.19999999999998863,38.5064,13.7668,-60.0,-60.0,-1.9108030796051025,0.24045848846435547
-3.725979352526836,60.615192774848985,-60.615192774848985,0.22999999999998977,51.2318,13.7668,-60.0,-60.0,-1.9022514820098877,0.23290662467479706
-4.327974422803074,60.923906808923896,-60.923906808923896,0.2599999999999909,41.147999999999996,13.7668,-60.0,-60.0,-1.9229254722595215,0.23912057280540466
-4.911927464294435,61.194977297093494,-61.194977297093494,0.28999999999999204,48.818799999999996,13.7668,-60.0,-60.0,-1.9220020771026611,0.23590295016765594
-5.379365345484349,61.499550956540375,-61.499550956540375,0.3199999999999932,43.992799999999995,13.7668,-60.0,-60.0,-1.932328224182129,0.23971229791641235
-5.438315482159647,61.809684503297056,-61.809684503297056,0.3499999999999943,47.599599999999995,13.7668,-60.0,-60.0,-1.9280169010162354,0.24018259346485138
-5.102341668709276,62.0811364759366,-62.0811364759366,0.37999999999999545,46.5582,13.7668,-60.0,-60.0,-1.923555850982666,0.24379421770572662
-4.8304048815948715,62.23930759791178,-62.23930759791178,0.4099999999999966,52.07,13.7668,-60.0,-60.0,-1.912363052368164,0.24293583631515503
-4.487014602787688,62.46924759589394,-62.46924759589394,0.44999999999998863,43.8912,13.7668,-60.0,-60.0,-1.916093349456787,0.25024721026420593
-4.345616338237209,62.664518201776076,-62.664518201776076,0.47999999999998977,48.3362,13.7668,-60.0,-60.0,-1.9082536697387695,0.24993479251861572
-4.364839811012077,62.910805239796304,-62.910805239796304,0.5099999999999909,50.4698,13.7668,-60.0,-60.0,-1.9047737121582031,0.2509171664714813
-4.173910106956745,63.11770694569974,-63.11770694569974,0.539999999999992,47.0154,13.7668,-60.0,-60.0,-1.9054007530212402,0.25521576404571533
-4.181884496940141,63.34167925554913,-63.34167925554913,0.5699999999999932,62.8904,13.7668,-60.0,-60.0,-1.8822908401489258,0.2485698163509369
-4.384413920928164,63.576947354735026,-63.576947354735026,0.5999999999999943,62.8904,13.7668,-60.0,-60.0,-1.8837463855743408,0.2502005100250244
-4.508925597204366,63.84697390084436,-63.84697390084436,0.6399999999999864,54.432199999999995,13.7668,-60.0,-60.0,-1.8967044353485107,0.25705209374427795
-4.649674872793846,64.09003892820027,-64.09003892820027,0.6699999999999875,51.130199999999995,13.7668,-60.0,-60.0,-1.9019646644592285,0.2608395218849182
-4.739788239678507,64.32999043391034,-64.32999043391034,0.710000000000008,54.61,13.7668,-60.0,-60.0,-1.8969941139221191,0.261004775762558
-4.707235351435714,64.57401741207131,-64.57401741207131,0.7400000000000091,48.387,13.7668,-60.0,-60.0,-1.9038889408111572,0.267013818025589
-4.661152589487469,64.81314108301167,-64.81314108301167,0.7700000000000102,45.339,13.7668,-60.0,-60.0,-1.905965805053711,0.27129045128822327
-4.5700818950635,65.02681432375849,-65.02681432375849,0.8000000000000114,44.0436,13.7668,-60.0,-60.0,-1.9052603244781494,0.2744815945625305
-4.5463587003572465,65.25380015222014,-65.25380015222014,0.8300000000000125,46.0248,13.7668,-60.0,-60.0,-1.9014782905578613,0.2756894528865814
-4.435512740670924,65.50421482056865,-65.50421482056865,0.8600000000000136,41.1734,13.7668,-60.0,-60.0,-1.904592752456665,0.28148752450942993
-4.4186368441561745,65.7098238881434,-65.7098238881434,0.8899999999999864,55.4736,13.7668,-60.0,-60.0,-1.884460687637329,0.2751428484916687
-4.338465893746873,65.95588831464165,-65.95588831464165,0.9199999999999875,51.815999999999995,13.7668,-60.0,-60.0,-1.8875586986541748,0.2800692319869995
-4.600421864449215,66.17808980522865,-66.17808980522865,0.9499999999999886,43.687999999999995,24.0792,-60.0,-60.0,-1.970851182937622,0.24743865430355072
-4.612428282094867,66.43579600709982,-66.43579600709982,0.9799999999999898,42.9006,24.0792,-60.0,-60.0,-1.9708075523376465,0.25012633204460144
-4.345792167131664,66.63136394558677,-66.63136394558677,0.009999999999990905,40.9702,13.7668,-60.0,-60.0,-1.9156816005706787,0.2868715226650238
-3.7373081435969944,66.78543762599647,-66.78543762599647,0.03999999999999204,48.3108,3.4543999999999997,-60.0,-60.0,-1.8092403411865234,0.33087217807769775
-3.049687883950753,66.87327280129949,-66.87327280129949,0.06999999999999318,43.916599999999995,3.4543999999999997,-60.0,-60.0,-1.8035483360290527,0.3371953070163727
-2.845914342285646,67.02189062384649,-67.02189062384649,0.09999999999999432,44.0436,13.7668,-60.0,-60.0,-1.8893218040466309,0.29379338026046753
-2.110038857296374,67.11538235965803,-67.11538235965803,0.12999999999999545,54.1782,13.7668,-60.0,-60.0,-1.8647193908691406,0.29079458117485046
-1.5621530071485052,67.08943437724756,-67.08943437724756,0.1599999999999966,42.4434,13.7668,-60.0,-60.0,-1.8699274063110352,0.3023225665092468
-1.2047245428478055,67.14224655173943,-67.14224655173943,0.18999999999999773,49.275999999999996,13.7668,-60.0,-60.0,-1.858508825302124,0.29717910289764404
-1.2544538219322194,67.2270947812725,-67.2270947812725,0.21999999999999886,48.4632,13.7668,-60.0,-60.0,-1.8595385551452637,0.29860979318618774
-1.7282494952005074,67.3336098925492,-67.3336098925492,0.25,51.3842,13.7668,-60.0,-60.0,-1.8610284328460693,0.29665687680244446
-1.9253480735061728,67.48649377529289,-67.48649377529289,0.28000000000000114,50.0634,13.7668,-60.0,-60.0,-1.864617109298706,0.298651784658432
-1.7893210809447622,67.57413303242855,-67.57413303242855,0.3100000000000023,48.971199999999996,13.7668,-60.0,-60.0,-1.8635618686676025,0.3008419871330261
-1.920873063562053,67.64351284102487,-67.64351284102487,0.3400000000000034,53.9242,13.7668,-60.0,-60.0,-1.8574223518371582,0.2982514202594757
-2.1483610945648017,67.76520183666135,-67.76520183666135,0.37000000000000455,45.1612,13.7668,-60.0,-60.0,-1.87196946144104,0.30456459522247314
-2.378252941230856,67.89575308487643,-67.89575308487643,0.4000000000000057,42.7482,13.7668,-60.0,-60.0,-1.8762052059173584,0.30800047516822815
-2.5022902036831005,68.029672258554,-68.029672258554,0.4300000000000068,52.3748,13.7668,-60.0,-60.0,-1.8648600578308105,0.30204764008522034
-2.3033960609732076,68.14750138237609,-68.14750138237609,0.46000000000000796,47.0408,13.7668,-60.0,-60.0,-1.8690011501312256,0.30744847655296326
-2.046399773054893,68.21569746424491,-68.21569746424491,0.4900000000000091,48.361599999999996,13.7668,-60.0,-60.0,-1.8630170822143555,0.3082922101020813
-1.8726474668970134,68.31867798856565,-68.31867798856565,0.5200000000000102,51.968399999999995,13.7668,-60.0,-60.0,-1.8546617031097412,0.3077784776687622
-1.8824812311351313,68.37512637430558,-68.37512637430558,0.5500000000000114,42.849799999999995,13.7668,-60.0,-60.0,-1.8648200035095215,0.31623363494873047
-1.9940600454282649,68.52238143605182,-68.52238143605182,0.5800000000000125,51.7906,13.7668,-60.0,-60.0,-1.8549318313598633,0.3100534677505493
-2.0536999829688214,68.62489521499353,-68.62489521499353,0.6200000000000045,55.5244,13.7668,-60.0,-60.0,-1.8489742279052734,0.3088326156139374
-2.2003373322560176,68.74728737611636,-68.74728737611636,0.6500000000000057,48.0822,13.7668,-60.0,-60.0,-1.8612596988677979,0.3146537244319916
-2.1368234174450818,68.85510219496415,-68.85510219496415,0.6800000000000068,48.894999999999996,13.7668,-60.0,-60.0,-1.8584296703338623,0.31565698981285095
-2.1596631398810175,68.95549610348677,-68.95549610348677,0.710000000000008,47.625,13.7668,-60.0,-60.0,-1.8597517013549805,0.31767788529396057
-2.213463264289542,69.07532097119083,-69.07532097119083,0.7400000000000091,44.958,13.7668,-60.0,-60.0,-1.8633153438568115,0.3207319676876068
-2.142886606177931,69.17813885236167,-69.17813885236167,0.7700000000000102,52.3748,13.7668,-60.0,-60.0,-1.85084867477417,0.3173934519290924
-2.0124293773853212,69.30903822380861,-69.30903822380861,0.8000000000000114,45.7708,13.7668,-60.0,-60.0,-1.8578405380249023,0.32370707392692566
-2.062236434128457,69.36268944654422,-69.36268944654422,0.8300000000000125,58.674,13.7668,-60.0,-60.0,-1.838036060333252,0.31592950224876404
-2.0794268022699463,69.50881627135607,-69.50881627135607,0.8600000000000136,50.546,13.7668,-60.0,-60.0,-1.85026216506958,0.32289043068885803
-2.337176806144039,69.60226205008883,-69.60226205008883,0.8899999999999864,48.4886,13.7668,-60.0,-60.0,-1.8559846878051758,0.32464876770973206
-2.6395981572095355,69.73705267999182,-69.73705267999182,0.9199999999999875,52.044599999999996,13.7668,-60.0,-60.0,-1.8537571430206299,0.32301658391952515
-2.4270350266858354,69.87944984077257,-69.87944984077257,0.9499999999999886,39.242999999999995,13.7668,-60.0,-60.0,-1.863844633102417,0.33791908621788025
-2.4302125079868597,69.98096476446841,-69.98096476446841,0.9799999999999898,57.0484,13.7668,-60.0,-60.0,-1.8411140441894531,0.3233879804611206
-2.174202502845215,70.08834163732807,-70.08834163732807,0.009999999999990905,37.083999999999996,3.4543999999999997,-60.0,-60.0,-1.7914032936096191,0.38416174054145813
-2.0259706073070065,70.15675255004977,-70.15675255004977,0.030000000000001137,37.236399999999996,3.4543999999999997,-60.0,-60.0,-1.7881660461425781,0.3855731785297394
-1.8262447526691343,70.27913701904397,-70.27913701904397,0.060000000000002274,38.6334,3.4543999999999997,-60.0,-60.0,-1.782844066619873,0.38589733839035034
-1.1364911474207426,70.26565800495447,-70.26565800495447,0.0800000000000125,49.5554,13.7668,-60.0,-60.0,-1.8504652976989746,0.32855167984962463
-0.4004898917507977,70.25905942369553,-70.25905942369553,0.11000000000001364,47.1678,13.7668,-60.0,-60.0,-1.8425812721252441,0.33355650305747986
0.11200123708884746,70.21895843314817,-70.21895843314817,0.13999999999998636,47.294799999999995,13.7668,-60.0,-60.0,-1.8342921733856201,0.33565080165863037
0.1630499895302857,70.23102717218914,-70.23102717218914,0.1599999999999966,43.8658,13.7668,-60.0,-60.0,-1.834852933883667,0.34149056673049927
-0.1599877723655494,70.21207381926446,-70.21207381926446,0.18000000000000682,41.4782,13.7668,-60.0,-60.0,-1.8405442237854004,0.34356689453125
-0.6364394598384957,70.32009235536596,-70.32009235536596,0.19999999999998863,45.466,13.7668,-60.0,-60.0,-1.8453762531280518,0.3363219201564789
-0.7912130362994254,70.38297924150287,-70.38297924150287,0.2300000000000182,39.2684,13.7668,-60.0,-60.0,-1.8497843742370605,0.34609994292259216
-0.7507230290234485,70.40186968005393,-70.40186968005393,0.2599999999999909,39.2176,13.7668,-60.0,-60.0,-1.8486201763153076,0.3468065559864044
-0.6973835262351844,70.43557923832843,-70.43557923832843,0.29000000000002046,48.285399999999996,13.7668,-60.0,-60.0,-1.8423268795013428,0.3341348171234131
-0.6085013613084564,70.44856898834068,-70.44856898834068,0.3199999999999932,49.149,13.7668,-60.0,-60.0,-1.839296817779541,0.33419811725616455
-0.8347669059661713,70.49232796365747,-70.49232796365747,0.35000000000002274,51.6382,13.7668,-60.0,-60.0,-1.8378996849060059,0.33251646161079407
-0.8809718499265629,70.55160993756427,-70.55160993756427,0.37999999999999545,47.0408,13.7668,-60.0,-60.0,-1.8445351123809814,0.3364805579185486
-0.8101316795537488,70.59579429436648,-70.59579429436648,0.410000000000025,38.1254,13.7668,-60.0,-60.0,-1.8468589782714844,0.3514331877231598
-0.7943956239837818,70.59204191179688,-70.59204191179688,0.4399999999999977,44.907199999999996,13.7668,-60.0,-60.0,-1.843221664428711,0.3410610556602478
-0.7140633061113612,70.66846399872807,-70.66846399872807,0.4700000000000273,47.3964,13.7668,-60.0,-60.0,-1.839920997619629,0.3386460542678833
-0.6123325525755632,70.67892398345325,-70.67892398345325,0.5,49.7332,13.7668,-60.0,-60.0,-1.8346822261810303,0.3375854790210724
-0.601369436944125,70.7006310366966,-70.7006310366966,0.5299999999999727,48.5648,13.7668,-60.0,-60.0,-1.8357000350952148,0.3388640284538269
-0.5625266514521725,70.75988703242841,-70.75988703242841,0.5600000000000023,46.2534,13.7668,-60.0,-60.0,-1.8364496231079102,0.34278473258018494
-0.6509978013572132,70.75226438110029,-70.75226438110029,0.589999999999975,53.492399999999996,13.7668,-60.0,-60.0,-1.827568769454956,0.3363979160785675
-0.7441809040183457,70.82895595600401,-70.82895595600401,0.6200000000000045,57.2262,13.7668,-60.0,-60.0,-1.821925163269043,0.334656298160553
-0.6067920588318165,70.83675339558603,-70.83675339558603,0.6499999999999773,49.657,13.7668,-60.0,-60.0,-1.831657886505127,0.3404587507247925
-0.6097980728097467,70.82653678990972,-70.82653678990972,0.6899999999999977,55.6768,13.7668,-60.0,-60.0,-1.8215017318725586,0.3366047739982605
-0.5558661512422787,70.86721653073542,-70.86721653073542,0.7200000000000273,47.7774,13.7668,-60.0,-60.0,-1.8324472904205322,0.3427717387676239
-0.6793480129479225,70.89937323292281,-70.89937323292281,0.75,52.730399999999996,13.7668,-60.0,-60.0,-1.8259379863739014,0.3395789563655853
-0.7451828523537807,70.95813043845614,-70.95813043845614,0.7799999999999727,48.666399999999996,13.7668,-60.0,-60.0,-1.832399606704712,0.34296390414237976
-0.6017230865271779,70.9464710089286,-70.9464710089286,0.8100000000000023,55.422799999999995,13.7668,-60.0,-60.0,-1.8193540573120117,0.33896735310554504
-0.6376182759999399,70.98437175581137,-70.98437175581137,0.839999999999975,44.704,13.7668,-60.0,-60.0,-1.8330013751983643,0.3492797613143921
-0.5786178853330624,70.99569883120087,-70.99569883120087,0.8700000000000045,59.5376,13.7668,-60.0,-60.0,-1.810892105102539,0.33726760745048523
-0.47617480443741284,71.00076271051968,-71.00076271051968,0.8999999999999773,53.0098,13.7668,-60.0,-60.0,-1.819852590560913,0.3422362506389618
-0.4413976595720869,71.02295459628526,-71.02295459628526,0.9300000000000068,50.8762,13.7668,-60.0,-60.0,-1.8221495151519775,0.3442523777484894
-0.20637944609045406,71.04036302741326,-71.04036302741326,0.9599999999999795,41.3512,13.7668,-60.0,-60.0,-1.8257637023925781,0.35821595788002014
-0.30747336931752883,71.03300050853001,-71.03300050853001,0.9900000000000091,59.562999999999995,13.7668,-60.0,-60.0,-1.8050212860107422,0.3393901586532593
-0.38380836254301814,71.05237821850085,-71.05237821850085,0.01999999999998181,43.434,3.4543999999999997,-60.0,-60.0,-1.7524452209472656,0.3936060667037964
-0.4355031953010588,71.08658132765062,-71.08658132765062,0.05000000000001137,55.575199999999995,3.4543999999999997,-60.0,-60.0,-1.733217716217041,0.3823755085468292
-0.327927729034705,71.1055727122736,-71.1055727122736,0.07999999999998408,52.1716,3.4543999999999997,-60.0,-60.0,-1.7375149726867676,0.38553717732429504
0.043149997092552655,71.12433135640354,-71.12433135640354,0.11000000000001364,43.002199999999995,13.7668,-60.0,-60.0,-1.8355262279510498,0.35146641731262207
0.37419718417401293,71.09567731018838,-71.09567731018838,0.12999999999999545,35.0012,13.7668,-60.0,-60.0,-1.8331060409545898,0.36576980352401733
0.5113611428630138,71.06429167610108,-71.06429167610108,0.160000000000025,43.3324,13.7668,-60.0,-60.0,-1.827498435974121,0.3530089855194092
0.36924575264721854,71.02438712829478,-71.02438712829478,0.18999999999999773,53.086,13.7668,-60.0,-60.0,-1.820676326751709,0.3397164046764374
0.17041843894607486,71.10228246070272,-71.10228246070272,0.22000000000002728,49.784,13.7668,-60.0,-60.0,-1.8277275562286377,0.3423702120780945
-0.023759140158777347,71.10405072038542,-71.10405072038542,0.25,42.9514,13.7668,-60.0,-60.0,-1.8342349529266357,0.3520273268222809
0.032951981250787674,71.05373775003498,-71.05373775003498,0.2799999999999727,54.3814,13.7668,-60.0,-60.0,-1.8214490413665771,0.33878180384635925
0.08965997870741353,71.04864861325368,-71.04864861325368,0.3100000000000023,50.927,13.7668,-60.0,-60.0,-1.825653076171875,0.34145766496658325
0.01055170881473292,71.07428501152893,-71.07428501152893,0.339999999999975,56.565799999999996,13.7668,-60.0,-60.0,-1.8170454502105713,0.3379206657409668
-3.0593943152388414e-06,71.04835645575324,-71.04835645575324,0.37000000000000455,41.8592,13.7668,-60.0,-60.0,-1.8324666023254395,0.35415926575660706
-3.0593943152388414e-06,71.04349859728883,-71.04349859728883,0.39999999999997726,61.5442,13.7668,-60.0,-60.0,-1.8076860904693604,0.3347124457359314
-0.11459800250352828,70.99958784969475,-70.99958784969475,0.4300000000000068,42.5704,13.7668,-60.0,-60.0,-1.833007574081421,0.3523806035518646
-0.062252222804529404,71.0389515661601,-71.0389515661601,0.45999999999997954,44.323,13.7668,-60.0,-60.0,-1.8307387828826904,0.3505268394947052
0.1534415234274361,71.02025128519298,-71.02025128519298,0.4900000000000091,50.546,13.7668,-60.0,-60.0,-1.8223295211791992,0.34298422932624817
0.44911633421590524,70.93431415788734,-70.93431415788734,0.5199999999999818,46.2788,13.7668,-60.0,-60.0,-1.821153163909912,0.34932032227516174
0.5721901316404885,70.91662917335134,-70.91662917335134,0.5500000000000114,40.843199999999996,13.7668,-60.0,-60.0,-1.8213529586791992,0.3585745692253113
0.3878135918307561,70.89509499677499,-70.89509499677499,0.5799999999999841,54.051199999999994,13.7668,-60.0,-60.0,-1.8124828338623047,0.3407130241394043
0.17849425302193128,70.89356310948199,-70.89356310948199,0.6100000000000136,38.9636,13.7668,-60.0,-60.0,-1.8271615505218506,0.359788179397583
0.3359413414268761,70.86720777790799,-70.86720777790799,0.6399999999999864,39.37,13.7668,-60.0,-60.0,-1.8241384029388428,0.359874427318573
0.46898056674614236,70.80412510157976,-70.80412510157976,0.6700000000000159,52.958999999999996,13.7668,-60.0,-60.0,-1.8118336200714111,0.34142762422561646
0.6690304652751833,70.76694306794646,-70.76694306794646,0.6999999999999886,42.0624,13.7668,-60.0,-60.0,-1.8171734809875488,0.3566185534000397
0.8539767519618534,70.7114128131407,-70.7114128131407,0.7300000000000182,53.6702,13.7668,-60.0,-60.0,-1.8047590255737305,0.34163734316825867
0.8779042117222944,70.63711301417393,-70.63711301417393,0.7599999999999909,50.7238,13.7668,-60.0,-60.0,-1.808692216873169,0.3431577980518341
1.0347802276420375,70.58870372578585,-70.58870372578585,0.7900000000000205,48.768,13.7668,-60.0,-60.0,-1.8071541786193848,0.34660860896110535
0.9706643487164303,70.54225716885416,-70.54225716885416,0.8199999999999932,68.4022,13.7668,-60.0,-60.0,-1.7766797542572021,0.33108532428741455
1.032482000075946,70.48521944768584,-70.48521944768584,0.8500000000000227,48.209199999999996,13.7668,-60.0,-60.0,-1.806772232055664,0.3468025028705597
1.3563780104564256,70.41791396942816,-70.41791396942816,0.8799999999999955,50.520599999999995,13.7668,-60.0,-60.0,-1.8001482486724854,0.3442955017089844
1.4635396426660066,70.30953185303458,-70.30953185303458,0.910000000000025,49.9872,13.7668,-60.0,-60.0,-1.798621416091919,0.34471648931503296
1.3890754260953209,70.20781982836193,-70.20781982836193,0.9399999999999977,53.568599999999996,13.7668,-60.0,-60.0,-1.7955303192138672,0.3396647572517395
1.430373028073815,70.15987684541284,-70.15987684541284,0.9700000000000273,44.6532,13.7668,-60.0,-60.0,-1.8012750148773193,0.35178908705711365
1.457648663129338,70.05479572872433,-70.05479572872433,0.0,40.7924,3.4543999999999997,-60.0,-60.0,-1.719606876373291,0.3967698812484741
1.4254244628722348,69.98584827741365,-69.98584827741365,0.029999999999972715,48.5648,3.4543999999999997,-60.0,-60.0,-1.7114548683166504,0.38346418738365173
1.3164918605341958,69.94509815381213,-69.94509815381213,0.060000000000002274,43.18,3.4543999999999997,-60.0,-60.0,-1.719041109085083,0.3913997411727905
1.080154798452135,69.95982708133783,-69.95982708133783,0.07999999999998408,44.577,13.7668,-60.0,-60.0,-1.8225505352020264,0.3414290249347687
1.1461517399855747,69.9154317843129,-69.9154317843129,0.11000000000001364,47.370999999999995,13.7668,-60.0,-60.0,-1.8197903633117676,0.3371463119983673
1.0377266683668462,69.87958161910895,-69.87958161910895,0.13999999999998636,39.0398,13.7668,-60.0,-60.0,-1.824467658996582,0.3495519757270813
0.7470658121184917,69.88520225638885,-69.88520225638885,0.17000000000001592,40.538399999999996,13.7668,-60.0,-60.0,-1.8279445171356201,0.3459884524345398
0.6214653886561894,69.85829508775223,-69.85829508775223,0.19999999999998863,38.3794,13.7668,-60.0,-60.0,-1.830120325088501,0.3487198054790497
0.5538001020013069,69.81178862035607,-69.81178862035607,0.2300000000000182,52.958999999999996,13.7668,-60.0,-60.0,-1.8213019371032715,0.3279064893722534
0.780601316136338,69.75099265733081,-69.75099265733081,0.2599999999999909,47.294799999999995,13.7668,-60.0,-60.0,-1.8233232498168945,0.3348071575164795
0.6940209208113911,69.69177302356053,-69.69177302356053,0.29000000000002046,50.596799999999995,13.7668,-60.0,-60.0,-1.8222761154174805,0.3291076123714447
0.7898544288146674,69.68310103330123,-69.68310103330123,0.3199999999999932,49.3268,13.7668,-60.0,-60.0,-1.8212580680847168,0.33143800497055054
1.0380802408852876,69.58411525056637,-69.58411525056637,0.35000000000002274,42.5958,13.7668,-60.0,-60.0,-1.8203761577606201,0.34228476881980896
1.3579098011735125,69.51055049217004,-69.51055049217004,0.37999999999999545,54.864,13.7668,-60.0,-60.0,-1.8057897090911865,0.32710587978363037
1.534111135800232,69.35737901231197,-69.35737901231197,0.410000000000025,58.7756,13.7668,-60.0,-60.0,-1.797090768814087,0.32368379831314087
1.3536679144384125,69.35150187773743,-69.35150187773743,0.4399999999999977,53.3654,13.7668,-60.0,-60.0,-1.8075761795043945,0.32687121629714966
1.4098716912486224,69.23453118415254,-69.23453118415254,0.4700000000000273,49.3776,13.7668,-60.0,-60.0,-1.8104300498962402,0.330700546503067
1.3360521431924017,69.16050564330378,-69.16050564330378,0.5,48.641,13.7668,-60.0,-60.0,-1.811640739440918,0.33090394735336304
1.549544355183373,69.09195943948222,-69.09195943948222,0.5299999999999727,42.418,13.7668,-60.0,-60.0,-1.8106904029846191,0.3411578834056854
1.7317800978699993,68.93685471009599,-68.93685471009599,0.5600000000000023,38.0492,13.7668,-60.0,-60.0,-1.8089256286621094,0.34759166836738586
1.837194836546615,68.83485586492453,-68.83485586492453,0.589999999999975,48.818799999999996,13.7668,-60.0,-60.0,-1.8032011985778809,0.3302704989910126
1.9895823429129047,68.69057434229006,-68.69057434229006,0.6200000000000045,45.085,13.7668,-60.0,-60.0,-1.8023731708526611,0.335507869720459
2.0897260102433735,68.5871400008955,-68.5871400008955,0.6499999999999773,51.434999999999995,13.7668,-60.0,-60.0,-1.7976202964782715,0.325288325548172
2.26507875515629,68.45704969968098,-68.45704969968098,0.6800000000000068,52.7558,13.7668,-60.0,-60.0,-1.794048547744751,0.3229643702507019
2.470515082460624,68.30551639848724,-68.30551639848724,0.7099999999999795,48.437799999999996,13.7668,-60.0,-60.0,-1.7929890155792236,0.32920563220977783
2.5187609417363,68.12231243690711,-68.12231243690711,0.7400000000000091,45.9994,13.7668,-60.0,-60.0,-1.7932226657867432,0.33150261640548706
2.4019646481790793,68.02852236138388,-68.02852236138388,0.7699999999999818,52.7558,13.7668,-60.0,-60.0,-1.7916245460510254,0.3197564482688904
2.418970512567491,67.88660322890286,-67.88660322890286,0.8000000000000114,51.1556,13.7668,-60.0,-60.0,-1.7920856475830078,0.3209925591945648
2.5871815457462017,67.77855044270756,-67.77855044270756,0.8299999999999841,51.663599999999995,13.7668,-60.0,-60.0,-1.789017677307129,0.32010993361473083
2.8681383038670276,67.57823753269729,-67.57823753269729,0.8600000000000136,46.685199999999995,13.7668,-60.0,-60.0,-1.786867618560791,0.3272385001182556
2.810216894803479,67.39999802477074,-67.39999802477074,0.8899999999999864,52.8574,13.7668,-60.0,-60.0,-1.7849903106689453,0.3158320486545563
2.9658562946187206,67.25484923496944,-67.25484923496944,0.9200000000000159,43.0276,13.7668,-60.0,-60.0,-1.7862224578857422,0.3304394483566284
2.966444197144076,67.06559578833183,-67.06559578833183,0.9499999999999886,41.8592,13.7668,-60.0,-60.0,-1.7863922119140625,0.3304830491542816
3.2935114446169957,66.86535237630024,-66.86535237630024,0.9800000000000182,52.2986,13.7668,-60.0,-60.0,-1.7762086391448975,0.31404057145118713
3.71582122205289,66.65456179645572,-66.65456179645572,0.009999999999990905,47.7266,3.4543999999999997,-60.0,-60.0,-1.6558730602264404,0.3604719340801239
3.4722657569476287,66.49073656218401,-66.49073656218401,0.040000000000020464,49.657,3.4543999999999997,-60.0,-60.0,-1.6584751605987549,0.35455527901649475
3.288811140060854,66.37635705330676,-66.37635705330676,0.060000000000002274,50.419,3.4543999999999997,-60.0,-60.0,-1.661139726638794,0.3513060212135315
2.9348141564858197,66.27569062561984,-66.27569062561984,0.07999999999998408,42.2148,13.7668,-60.0,-60.0,-1.8023509979248047,0.31508108973503113
2.4938147442250984,66.20609934440772,-66.20609934440772,0.11000000000001364,42.2402,13.7668,-60.0,-60.0,-1.8102288246154785,0.3124142587184906
2.189503733365059,66.15318510264007,-66.15318510264007,0.13999999999998636,46.6344,13.7668,-60.0,-60.0,-1.8134174346923828,0.30402064323425293
1.805100572122171,66.10309831105232,-66.10309831105232,0.17000000000001592,41.300399999999996,13.7668,-60.0,-60.0,-1.8203229904174805,0.30988842248916626
1.7046883539132125,66.01019375289464,-66.01019375289464,0.19999999999998863,50.291999999999994,13.7668,-60.0,-60.0,-1.8189170360565186,0.2953750193119049
1.8937250355173485,65.90585049725142,-65.90585049725142,0.2300000000000182,43.2816,13.7668,-60.0,-60.0,-1.8179748058319092,0.3057248294353485
2.0388020699008718,65.73770658662474,-65.73770658662474,0.2599999999999909,44.526199999999996,13.7668,-60.0,-60.0,-1.8145942687988281,0.3030407726764679
2.1772014633201957,65.65385468607109,-65.65385468607109,0.29000000000002046,56.007,13.7668,-60.0,-60.0,-1.8013978004455566,0.28882113099098206
2.3703643938873613,65.46935799030007,-65.46935799030007,0.3100000000000023,57.734199999999994,13.7668,-60.0,-60.0,-1.794515609741211,0.2866351306438446
2.4124388986681935,65.33607514897044,-65.33607514897044,0.339999999999975,43.7134,13.7668,-60.0,-60.0,-1.8054919242858887,0.3024565577507019
2.3918433096948895,65.2020917593826,-65.2020917593826,0.37000000000000455,46.0248,13.7668,-60.0,-60.0,-1.8040671348571777,0.29778751730918884
2.465043073357298,65.09492156704668,-65.09492156704668,0.39999999999997726,50.291999999999994,13.7668,-60.0,-60.0,-1.7996594905853271,0.29104989767074585
2.5887698993108095,64.93619201178122,-64.93619201178122,0.4300000000000068,50.0126,13.7668,-60.0,-60.0,-1.7966227531433105,0.2906416058540344
2.819155398952013,64.75386493852287,-64.75386493852287,0.45999999999997954,49.8856,13.7668,-60.0,-60.0,-1.7913689613342285,0.2902645170688629
2.9752038706448896,64.60821357743824,-64.60821357743824,0.4900000000000091,49.8094,13.7668,-60.0,-60.0,-1.787590742111206,0.289843887090683
3.030169097706195,64.42925590601288,-64.42925590601288,0.5199999999999818,39.8018,13.7668,-60.0,-60.0,-1.789412498474121,0.3032470643520355
3.232051482513044,64.24997378905618,-64.24997378905618,0.5500000000000114,47.3456,13.7668,-60.0,-60.0,-1.7820258140563965,0.29143568873405457
3.384571010176024,63.99516242910859,-63.99516242910859,0.5799999999999841,50.6222,13.7668,-60.0,-60.0,-1.7758684158325195,0.2851608395576477
3.422575998467786,63.84885267728064,-63.84885267728064,0.6100000000000136,41.8592,13.7668,-60.0,-60.0,-1.7781555652618408,0.29678094387054443
3.610734912695951,63.61454334995576,-63.61454334995576,0.6399999999999864,55.2196,13.7668,-60.0,-60.0,-1.7651987075805664,0.27658164501190186
3.7784501940260893,63.388733370008424,-63.388733370008424,0.6700000000000159,51.689,13.7668,-60.0,-60.0,-1.7633988857269287,0.2802492380142212
4.330843359249633,63.17570945635504,-63.17570945635504,0.6999999999999886,47.828199999999995,13.7668,-60.0,-60.0,-1.752924919128418,0.28633415699005127
4.496209634731489,62.8485747168359,-62.8485747168359,0.7300000000000182,46.2026,13.7668,-60.0,-60.0,-1.7487666606903076,0.2864620089530945
4.603405805369735,62.61194547597246,-62.61194547597246,0.7599999999999909,47.599599999999995,13.7668,-60.0,-60.0,-1.7444167137145996,0.28291627764701843
4.733110916484757,62.34969909732807,-62.34969909732807,0.7900000000000205,44.5008,13.7668,-60.0,-60.0,-1.7418012619018555,0.28560495376586914
4.804179321282567,62.09406267578021,-62.09406267578021,0.8199999999999932,49.53,24.0792,-60.0,-60.0,-1.8385136127471924,0.2415625900030136
5.098361818940874,61.82190952505027,-61.82190952505027,0.8500000000000227,45.135799999999996,24.0792,-60.0,-60.0,-1.8325755596160889,0.2460429072380066
5.066019330396533,61.549886466073126,-61.549886466073126,0.8799999999999955,40.4114,24.0792,-60.0,-60.0,-1.8410320281982422,0.2485053986310959
5.002436161355088,61.28522707733622,-61.28522707733622,0.910000000000025,49.199799999999996,24.0792,-60.0,-60.0,-1.8312106132507324,0.2374011129140854
4.9462714736583635,61.03307864693786,-61.03307864693786,0.9399999999999977,44.678599999999996,24.0792,-60.0,-60.0,-1.8318567276000977,0.24084386229515076
5.118888545278095,60.724278334519155,-60.724278334519155,0.9700000000000273,45.9994,24.0792,-60.0,-60.0,-1.8269414901733398,0.23795689642429352
5.35937857083036,60.43519059687974,-60.43519059687974,0.0,47.7266,13.7668,-60.0,-60.0,-1.73419189453125,0.2617640793323517
5.363352045432461,60.16658389541626,-60.16658389541626,0.029999999999972715,50.9524,13.7668,-60.0,-60.0,-1.7312405109405518,0.2556140124797821
5.151868899709457,59.920950770603525,-59.920950770603525,0.060000000000002274,52.5526,13.7668,-60.0,-60.0,-1.733783483505249,0.2509939670562744
4.740429181376794,59.73005813106571,-59.73005813106571,0.08999999999997499,53.3908,13.7668,-60.0,-60.0,-1.7412714958190918,0.24706827104091644
4.333363664167792,59.58771241448726,-59.58771241448726,0.12000000000000455,48.4124,13.7668,-60.0,-60.0,-1.7517447471618652,0.25062891840934753
4.463517278373601,59.33367022465642,-59.33367022465642,0.14999999999997726,49.8602,13.7668,-60.0,-60.0,-1.7469260692596436,0.2475852221250534
4.537861771309239,59.12206487941551,-59.12206487941551,0.18000000000000682,52.5272,13.7668,-60.0,-60.0,-1.742832899093628,0.24326340854167938
4.860953159206145,58.795970928520255,-58.795970928520255,0.20999999999997954,50.3174,13.7668,-60.0,-60.0,-1.7351830005645752,0.24485598504543304
4.909291178298,58.504780563378105,-58.504780563378105,0.2400000000000091,48.6156,13.7668,-60.0,-60.0,-1.7332396507263184,0.2450946718454361
4.941181076237209,58.21239946270798,-58.21239946270798,0.2699999999999818,45.847,13.7668,-60.0,-60.0,-1.7316713333129883,0.24655944108963013
5.280248964054932,57.921176441061675,-57.921176441061675,0.30000000000001137,45.0342,13.7668,-60.0,-60.0,-1.7226061820983887,0.24686303734779358
5.725067155166103,57.54307541411195,-57.54307541411195,0.3299999999999841,57.251599999999996,24.0792,-60.0,-60.0,-1.8192729949951172,0.20845170319080353
6.054440961408634,57.20316300278701,-57.20316300278701,0.36000000000001364,45.0088,13.7668,-60.0,-60.0,-1.7013821601867676,0.2449996918439865
6.311502558799255,56.8237050206805,-56.8237050206805,0.38999999999998636,50.8,24.0792,-60.0,-60.0,-1.805434226989746,0.2130562663078308
6.4784099867459695,56.500120109051856,-56.500120109051856,0.4200000000000159,45.7962,24.0792,-60.0,-60.0,-1.7990975379943848,0.2168610543012619
6.592451478811514,56.123945563308745,-56.123945563308745,0.44999999999998863,58.5978,24.0792,-60.0,-60.0,-1.7998120784759521,0.2046695351600647
6.712313017514007,55.786579919587496,-55.786579919587496,0.4800000000000182,58.547,24.0792,-60.0,-60.0,-1.7962968349456787,0.2039974480867386
6.681786162009792,55.46719649312861,-55.46719649312861,0.5099999999999909,53.035199999999996,24.0792,-60.0,-60.0,-1.7965855598449707,0.20739200711250305
6.718010940413035,55.08187080586728,-55.08187080586728,0.5400000000000205,44.8564,24.0792,-60.0,-60.0,-1.7943196296691895,0.2129046767950058
6.968179300734819,54.70984951394321,-54.70984951394321,0.5699999999999932,47.3456,24.0792,-60.0,-60.0,-1.7864468097686768,0.21057049930095673
7.339768695243302,54.25726355351011,-54.25726355351011,0.6100000000000136,52.654199999999996,24.0792,-60.0,-60.0,-1.7809820175170898,0.20579633116722107
7.7136905071940784,53.80843065911349,-53.80843065911349,0.6399999999999864,57.0484,24.0792,-60.0,-60.0,-1.7707066535949707,0.20228303968906403
8.20508087877635,53.30480143449164,-53.30480143449164,0.6700000000000159,40.385999999999996,24.0792,-60.0,-60.0,-1.7763605117797852,0.21353107690811157
8.68195265700629,52.7861360955169,-52.7861360955169,0.6999999999999886,48.6918,24.0792,-60.0,-60.0,-1.7588934898376465,0.20754551887512207
9.214371865951666,52.235772671088455,-52.235772671088455,0.7300000000000182,49.0728,24.0792,-60.0,-60.0,-1.750335931777954,0.20696550607681274
9.610291166204139,51.65475803254888,-51.65475803254888,0.7599999999999909,53.1622,24.0792,-60.0,-60.0,-1.7343320846557617,0.20420023798942566
9.866764711634497,51.086322848989155,-51.086322848989155,0.7900000000000205,52.9844,24.0792,-60.0,-60.0,-1.7286350727081299,0.20376883447170258
10.138263096413304,50.53780197909795,-50.53780197909795,0.8199999999999932,49.8094,24.0792,-60.0,-60.0,-1.7299630641937256,0.20503343641757965
10.524390467048912,49.933396342054664,-49.933396342054664,0.8500000000000227,44.602399999999996,24.0792,-60.0,-60.0,-1.7303075790405273,0.2076011300086975
10.99120515091175,49.301567291878385,-49.301567291878385,0.8799999999999955,59.715399999999995,24.0792,-60.0,-60.0,-1.6879723072052002,0.19993314146995544
11.596561525938942,48.6346640547289,-48.6346640547289,0.9200000000000159,42.8244,24.0792,-60.0,-60.0,-1.7121024131774902,0.20852889120578766
12.003857629654636,47.923840148560146,-47.923840148560146,0.9499999999999886,48.894999999999996,24.0792,-60.0,-60.0,-1.6912078857421875,0.20558160543441772
12.557378415683575,47.201792111655855,-47.201792111655855,0.9800000000000182,48.1584,24.0792,-60.0,-60.0,-1.6802713871002197,0.20625066757202148
13.092422386248145,46.428661316006306,-46.428661316006306,0.009999999999990905,49.5554,13.7668,-60.0,-60.0,-1.5119743347167969,0.21524663269519806
13.423765525040166,45.64942364744569,-45.64942364744569,0.040000000000020464,45.5676,13.7668,-60.0,-60.0,-1.5084826946258545,0.21675798296928406
13.610397173227607,44.93597422102741,-44.93597422102741,0.06999999999999318,51.5366,13.7668,-60.0,-60.0,-1.4853053092956543,0.21399162709712982
13.745075166078873,44.17802309032491,-44.17802309032491,0.10000000000002274,50.165,13.7668,-60.0,-60.0,-1.4777531623840332,0.21433356404304504
13.921202445382505,43.422284347984906,-43.422284347984906,0.12999999999999545,45.339,24.0792,-60.0,-60.0,-1.6421582698822021,0.20831206440925598
14.005086901724587,42.67397294675629,-42.67397294675629,0.160000000000025,39.700199999999995,24.0792,-60.0,-60.0,-1.6421141624450684,0.2113608717918396
13.971618165653776,41.95010726868697,-41.95010726868697,0.18999999999999773,56.134,24.0792,-60.0,-60.0,-1.6049327850341797,0.20652887225151062
14.02439775638014,41.201379729034784,-41.201379729034784,0.22000000000002728,44.907199999999996,24.0792,-60.0,-60.0,-1.6133460998535156,0.2113657146692276
14.393392302238544,40.35141298247644,-40.35141298247644,0.25,55.7784,24.0792,-60.0,-60.0,-1.577610969543457,0.20956256985664368
15.126501638088405,39.4691043036188,-39.4691043036188,0.2799999999999727,53.6194,24.0792,-60.0,-60.0,-1.5626420974731445,0.2126399427652359
15.996300769292976,38.49082628530118,-38.49082628530118,0.3100000000000023,48.4124,24.0792,-60.0,-60.0,-1.5458037853240967,0.21720576286315918
16.663977032132536,37.490416527720406,-37.490416527720406,0.339999999999975,61.798199999999994,24.0792,-60.0,-60.0,-1.5072810649871826,0.2144295871257782
16.873603178366213,36.56275991202645,-36.56275991202645,0.37000000000000455,49.2252,24.0792,-60.0,-60.0,-1.502030849456787,0.2213440090417862
16.78903017382803,35.656142086817646,-35.656142086817646,0.39999999999997726,57.9882,24.0792,-60.0,-60.0,-1.485302448272705,0.21822766959667206
16.60271537768554,34.75190159478216,-34.75190159478216,0.4300000000000068,54.102,24.0792,-60.0,-60.0,-1.4777519702911377,0.2208724021911621
16.774657145953288,33.820899254948934,-33.820899254948934,0.45999999999997954,43.078399999999995,24.0792,-60.0,-60.0,-1.457296371459961,0.22761103510856628
16.92762331129647,32.90887979980548,-32.90887979980548,0.4900000000000091,52.5526,24.0792,-60.0,-60.0,-1.4396772384643555,0.22401195764541626
16.60553037456386,32.063849418137124,-32.063849418137124,0.5199999999999818,54.660799999999995,24.0792,-60.0,-60.0,-1.4355733394622803,0.22314035892486572
16.061536266575583,31.229005981688772,-31.229005981688772,0.5500000000000114,53.492399999999996,24.0792,-60.0,-60.0,-1.4253525733947754,0.2237819880247116
15.684732293329384,30.416885524184284,-30.416885524184284,0.589999999999975,49.8094,24.0792,-60.0,-60.0,-1.4065229892730713,0.2260754257440567
15.858120382581959,29.51269554722722,-29.51269554722722,0.6200000000000045,49.3776,24.0792,-60.0,-60.0,-1.3866865634918213,0.22741463780403137
16.277356822634367,28.589225650992088,-28.589225650992088,0.6499999999999773,48.006,24.0792,-60.0,-60.0,-1.359069585800171,0.2296888679265976
16.71422344606928,27.649894388502705,-27.649894388502705,0.6800000000000068,41.5036,24.0792,-60.0,-60.0,-1.3136157989501953,0.23514564335346222
17.119868222221807,26.664798158441418,-26.664798158441418,0.7099999999999795,46.3296,24.0792,-60.0,-60.0,-1.2968082427978516,0.2338097095489502
17.566892257665934,25.628058945196905,-25.628058945196905,0.7400000000000091,49.4792,24.0792,-60.0,-60.0,-1.2714006900787354,0.2336084544658661
18.050574746660878,24.58163607165513,-24.58163607165513,0.7699999999999818,56.2356,34.417,-60.0,-60.0,-1.462538719177246,0.22683583199977875
18.335681984299846,23.569954668623094,-23.569954668623094,0.8000000000000114,37.211,34.417,-60.0,-60.0,-1.361703872680664,0.23791009187698364
18.62507829876286,22.50711936680204,-22.50711936680204,0.8299999999999841,50.3174,34.417,-60.0,-60.0,-1.3602027893066406,0.2330000102519989
19.00220626121053,21.428837860378593,-21.428837860378593,0.8600000000000136,53.568599999999996,34.417,-60.0,-60.0,-1.2971854209899902,0.23355752229690552
19.451002947816832,20.309010567697335,-20.309010567697335,0.8899999999999864,47.4218,24.0792,-60.0,-60.0,-0.974677562713623,0.24465949833393097
20.23859483875661,19.10605034789963,-19.10605034789963,0.9200000000000159,43.4848,24.0792,-60.0,-60.0,-0.8710460662841797,0.2490234076976776
21.082295973336116,17.834668088073165,-17.834668088073165,0.9499999999999886,53.416199999999996,34.417,-60.0,-60.0,-1.0251104831695557,0.24116982519626617
21.90251525516128,16.52938652078376,-16.52938652078376,0.9900000000000091,54.6862,34.417,-60.0,-60.0,-0.91790771484375,0.24363203346729279
22.527861226314243,15.194099965928775,-15.194099965928775,0.01999999999998181,56.641999999999996,24.0792,-60.0,-60.0,-0.5712690353393555,0.2502017915248871
23.010948453782625,13.8336803986773,-13.8336803986773,0.05000000000001137,48.387,34.417,-60.0,-60.0,-0.6997542381286621,0.2504715919494629
23.337064127345123,12.403275824493182,-12.403275824493182,0.07999999999998408,52.6288,34.417,-60.0,-60.0,-0.6022300720214844,0.2509552538394928
23.585977563458982,11.044168042114514,-11.044168042114514,0.11000000000001364,58.419999999999995,34.417,-60.0,-60.0,-0.5166478157043457,0.24936851859092712
23.900550993321254,9.780331512522704,-9.780331512522704,0.13999999999998636,50.901599999999995,34.417,-60.0,-60.0,-0.41826725006103516,0.25516512989997864
24.537804830104516,8.310952953458669,-8.310952953458669,0.17000000000001592,51.3334,34.417,-60.0,-60.0,-0.3065366744995117,0.2574196755886078
25.198727600415687,6.74700161781667,-6.74700161781667,0.19999999999998863,64.6176,44.7294,-60.0,-60.0,-0.4590740203857422,0.24681039154529572
25.519738464401847,5.334088936717453,-5.334088936717453,0.2300000000000182,52.6796,44.7294,-60.0,-60.0,-0.36768150329589844,0.25536760687828064
25.707343005638343,3.8893079731577362,-3.8893079731577362,0.2599999999999909,47.751999999999995,44.7294,-60.0,-60.0,-0.26967430114746094,0.2597070336341858
25.148218123702826,2.5541077360783895,-2.5541077360783895,0.29000000000002046,59.410599999999995,44.7294,-60.0,-60.0,-0.19823598861694336,0.2548179030418396
24.997034332082762,1.1669809602771648,-1.1669809602771648,0.3199999999999932,51.2572,51.2572,-60.0,-60.0,-0.2885308265686035,0.2569914758205414
24.595188144238957,0.1,-0.1,0.36000000000001364,59.105799999999995,55.041799999999995,-60.0,-60.0,-0.3423795700073242,0.2506966292858124
21.90519873801501,0.1,-0.1,0.38999999999998636,51.3334,51.3334,-60.0,-60.0,-0.3289680480957031,0.25409144163131714
11.794844032372938,0.4975730718226421,-0.4975730718226421,0.4200000000000159,65.6082,55.041799999999995,-60.0,-60.0,-0.7397398948669434,0.22974947094917297
-19.42680497696659,-0.1,0.1,1.4499999999999886,49.123599999999996,49.123599999999996,-60.0,-60.0,-1.5294229984283447,0.19946259260177612
-19.42680497696659,-0.1,0.1,2.490000000000009,44.678599999999996,44.678599999999996,-60.0,-60.0,-1.4340450763702393,0.2027498036623001
-19.42680497696659,-0.1,0.1,3.519999999999982,40.7416,34.417,-60.0,-60.0,-1.2163095474243164,0.20839524269104004
-19.42680497696659,-0.1,0.1,4.550000000000011,41.9354,24.0792,-60.0,-60.0,-0.9921345710754395,0.21410401165485382
-19.42680497696659,-0.1,0.1,5.579999999999984,55.651399999999995,24.0792,-60.0,-60.0,-1.0012001991271973,0.21437083184719086
-19.42680497696659,-0.1,0.1,6.610000000000014,51.053999999999995,24.0792,-60.0,-60.0,-0.9939789772033691,0.21608947217464447
-19.42680497696659,-0.1,0.1,7.639999999999986,59.181999999999995,24.0792,-60.0,-60.0,-0.9901866912841797,0.21734623610973358
-19.42680497696659,-0.1,0.1,8.670000000000016,61.7728,34.417,-60.0,-60.0,-1.2262890338897705,0.21191927790641785
-19.42680497696659,-0.1,0.1,9.699999999999989,51.2318,34.417,-60.0,-60.0,-1.2121727466583252,0.21431805193424225
