-8.881507791749161,-44.0574746137238,44.0574746137238,0.6100000000000003,0.0,0.0,-60.0,-60.0,1.567051887512207,0.39331433176994324
-6.662738175443351,-43.7833502858018,43.7833502858018,0.9100000000000001,0.0,0.0,-60.0,-60.0,1.5892839431762695,0.41560956835746765
-5.786905988312089,-43.58245042242687,43.58245042242687,0.9199999999999999,0.0,0.0,-60.0,-60.0,1.5972862243652344,0.42390432953834534
-5.2477923174424435,-43.4276145799344,43.4276145799344,0.9299999999999997,3.4543999999999997,3.4543999999999997,-60.0,-60.0,1.5448236465454102,0.41234439611434937
-4.14758174436779,-43.2996388205127,43.2996388205127,0.9399999999999995,3.4543999999999997,13.7668,-60.0,-60.0,1.4456934928894043,0.38690802454948425
-3.5844919246780145,-43.16936074527254,43.16936074527254,0.9600000000000009,13.7668,24.0792,-60.0,-60.0,1.3262434005737305,0.3553561270236969
-3.323007899639356,-43.02714634838321,43.02714634838321,0.9800000000000004,13.7668,34.417,-60.0,-60.0,1.2020578384399414,0.33165764808654785
-3.306381360522594,-42.880964612201296,42.880964612201296,1.0,13.7668,44.7294,-60.0,-60.0,1.068094253540039,0.312105268239975
-3.4485992835106893,-42.699637140989516,42.699637140989516,0.019999999999999574,13.7668,38.5572,-60.0,-60.0,1.1499137878417969,0.31885769963264465
-3.5100906158152547,-42.53298689293472,42.53298689293472,0.03999999999999915,13.7668,52.7558,-60.0,-60.0,0.966278076171875,0.2960682809352875
-3.4078943329990077,-42.37604831867421,42.37604831867421,0.05999999999999872,13.7668,64.51599999999999,-60.0,-60.0,0.8211655616760254,0.28208214044570923
-3.2430426766382157,-42.18201875698255,42.18201875698255,0.0799999999999983,13.7668,49.5554,-60.0,-60.0,1.0010313987731934,0.3007778823375702
-3.0396949794878103,-42.05603038811498,42.05603038811498,0.10000000000000142,24.0792,45.440599999999996,-60.0,-60.0,1.048896312713623,0.3018081784248352
-2.980497940582716,-41.88460693041539,41.88460693041539,0.120000000000001,24.0792,58.1406,-60.0,-60.0,0.8831148147583008,0.285072922706604
-2.894012997491946,-41.72295431841472,41.72295431841472,0.14000000000000057,24.0792,54.584599999999995,-60.0,-60.0,0.9235568046569824,0.2894640564918518
-2.917296458766867,-41.591855164920986,41.591855164920986,0.1700000000000017,24.0792,54.991,-60.0,-60.0,0.9138383865356445,0.2886222004890442
-3.1396743663160844,-41.391102483368826,41.391102483368826,0.1999999999999993,24.0792,47.3456,-60.0,-60.0,1.0016303062438965,0.2970547080039978
-3.3263566401741804,-41.198507370440126,41.198507370440126,0.23000000000000043,24.0792,44.4246,-60.0,-60.0,1.0291414260864258,0.2998785972595215
-3.553605385660569,-41.00413995923934,41.00413995923934,0.26000000000000156,24.0792,41.5036,-60.0,-60.0,1.0555143356323242,0.30265235900878906
-3.614202102372498,-40.793927108866384,40.793927108866384,0.28999999999999915,24.0792,51.587399999999995,-60.0,-60.0,0.9161133766174316,0.28871801495552063
-3.6092113978123024,-40.60034832121499,40.60034832121499,0.3200000000000003,24.0792,58.115199999999994,-60.0,-60.0,0.825648307800293,0.28115788102149963
-3.7527453513737217,-40.41091547184182,40.41091547184182,0.3500000000000014,24.0792,62.179199999999994,-60.0,-60.0,0.7651567459106445,0.27632012963294983
-3.9529092544491617,-40.17472128340997,40.17472128340997,0.379999999999999,34.417,68.199,-60.0,-60.0,0.6641602516174316,0.2657656669616699
-4.180687407499563,-39.9354346487769,39.9354346487769,0.41000000000000014,34.417,55.245,-60.0,-60.0,0.8234114646911621,0.27631711959838867
-4.453992498590967,-39.70756992717199,39.70756992717199,0.4399999999999977,34.417,44.958,-60.0,-60.0,0.947089672088623,0.28614720702171326
-4.474115589949909,-39.447574532613594,39.447574532613594,0.46999999999999886,34.417,57.5056,-60.0,-60.0,0.7697391510009766,0.2726856768131256
-4.399596519274318,-39.24508385047774,39.24508385047774,0.5,34.417,51.9176,-60.0,-60.0,0.8406105041503906,0.2778567969799042
-4.2711870862144306,-38.99151329386998,38.99151329386998,0.5300000000000011,34.417,54.229,-60.0,-60.0,0.8042407035827637,0.2756176292896271
-4.153738868719342,-38.783646429605085,38.783646429605085,0.5600000000000023,34.417,78.1558,-60.0,-60.0,0.48360395431518555,0.25654417276382446
-4.2430356142587895,-38.5340351223256,38.5340351223256,0.5900000000000034,34.417,54.4576,-60.0,-60.0,0.786766529083252,0.2748332917690277
-4.41371456283604,-38.30618222922037,38.30618222922037,0.6199999999999974,34.417,39.547799999999995,-60.0,-60.0,0.9768743515014648,0.29032665491104126
-4.652778578015535,-38.03685767412586,38.03685767412586,0.6499999999999986,34.417,66.87819999999999,-60.0,-60.0,0.5892205238342285,0.2631029188632965
-4.829234277404471,-37.75821830287255,37.75821830287255,0.6799999999999997,34.417,53.1368,-60.0,-60.0,0.7650680541992188,0.2733181416988373
-4.893904075648987,-37.50884738500488,37.50884738500488,0.7100000000000009,34.417,56.032399999999996,-60.0,-60.0,0.7151646614074707,0.27035972476005554
-5.148772886782355,-37.22083810632256,37.22083810632256,0.740000000000002,44.7294,45.3136,-60.0,-60.0,0.8544998168945312,0.27491092681884766
-5.585552459310076,-36.88414464444316,36.88414464444316,0.7700000000000031,34.417,56.2102,-60.0,-60.0,0.6766128540039062,0.2680436968803406
-6.009322006866498,-36.52004356725163,36.52004356725163,0.7999999999999972,34.417,53.3654,-60.0,-60.0,0.6970577239990234,0.2693086266517639
-6.3323531517667675,-36.154891307282085,36.154891307282085,0.8299999999999983,44.7294,52.806599999999996,-60.0,-60.0,0.699798583984375,0.265727162361145
-6.480799139132444,-35.80075397325818,35.80075397325818,0.8599999999999994,44.7294,56.794399999999996,-60.0,-60.0,0.6330327987670898,0.2628510296344757
-6.584426792281014,-35.43747797189492,35.43747797189492,0.8900000000000006,44.7294,54.864,-60.0,-60.0,0.6422090530395508,0.2630411386489868
-6.763708829218228,-35.06810125447568,35.06810125447568,0.9200000000000017,44.7294,50.368199999999995,-60.0,-60.0,0.6824064254760742,0.264392614364624
-7.146711279472829,-34.6406967029575,34.6406967029575,0.9500000000000028,44.7294,69.7992,-60.0,-60.0,0.39334535598754883,0.2530730068683624
-7.735862778779081,-34.15768214214036,34.15768214214036,0.9799999999999969,44.7294,47.218599999999995,-60.0,-60.0,0.6696219444274902,0.26280802488327026
-8.30882887428344,-33.65977408656387,33.65977408656387,0.00999999999999801,34.417,58.953399999999995,-60.0,-60.0,0.4851527214050293,0.2574569880962372
-8.596854016744615,-33.20075508297598,33.20075508297598,0.03999999999999915,34.417,48.6918,-60.0,-60.0,0.6156930923461914,0.26377490162849426
-8.65384241204043,-32.733790104428714,32.733790104428714,0.07000000000000028,34.417,57.5818,-60.0,-60.0,0.4659252166748047,0.2571623921394348
-8.607745948368553,-32.28334232042852,32.28334232042852,0.10000000000000142,34.417,64.6938,-60.0,-60.0,0.34203004837036133,0.2524794638156891
-8.751835730285565,-31.79014826143999,31.79014826143999,0.13000000000000256,34.417,50.901599999999995,-60.0,-60.0,0.5309352874755859,0.2606699764728546
-8.957679221538195,-31.295517180732983,31.295517180732983,0.14999999999999858,34.417,49.6316,-60.0,-60.0,0.5285663604736328,0.26081541180610657
-9.167935244804276,-30.786129260698996,30.786129260698996,0.17999999999999972,37.007799999999996,37.007799999999996,-60.0,-60.0,0.690453052520752,0.263945996761322
-9.29995449428358,-30.30055312548891,30.30055312548891,0.21000000000000085,44.7294,54.355999999999995,-60.0,-60.0,0.38789987564086914,0.251261830329895
-9.459698069716257,-29.79180017386969,29.79180017386969,0.240000000000002,44.7294,53.3146,-60.0,-60.0,0.3713822364807129,0.25088784098625183
-9.642324772967127,-29.22848698946699,29.22848698946699,0.2700000000000031,44.7294,62.0522,-60.0,-60.0,0.19130277633666992,0.24564211070537567
-9.803702397704296,-28.699858226917797,28.699858226917797,0.28999999999999915,43.230799999999995,43.230799999999995,-60.0,-60.0,0.490814208984375,0.2537410259246826
-9.98905249604473,-28.173810552530977,28.173810552530977,0.3200000000000003,44.7294,62.712599999999995,-60.0,-60.0,0.1112518310546875,0.24277690052986145
-10.148262126862788,-27.630606565101463,27.630606565101463,0.3400000000000034,46.837599999999995,46.837599999999995,-60.0,-60.0,0.3570232391357422,0.24859370291233063
-10.319866428755946,-27.07033505251295,27.07033505251295,0.37000000000000455,50.6476,50.6476,-60.0,-60.0,0.2508878707885742,0.24430547654628754
-10.390030010340174,-26.504765196316285,26.504765196316285,0.4000000000000057,55.041799999999995,55.245,-60.0,-60.0,0.13097000122070312,0.23972547054290771
-10.37155094378352,-25.955068605953468,25.955068605953468,0.4300000000000068,55.041799999999995,59.181999999999995,-60.0,-60.0,0.024697303771972656,0.23717918992042542
-10.345140343743047,-25.400543211427493,25.400543211427493,0.45999999999999375,50.7746,50.7746,-60.0,-60.0,0.16671419143676758,0.24226388335227966
-10.38044854469267,-24.838691061938896,24.838691061938896,0.4899999999999949,51.9176,51.9176,-60.0,-60.0,0.11559534072875977,0.24062149226665497
-10.409419273513263,-24.288329552537846,24.288329552537846,0.519999999999996,61.239399999999996,61.239399999999996,-60.0,-60.0,-0.12168455123901367,0.23150746524333954
-10.47059368121412,-23.724880379306036,23.724880379306036,0.5499999999999972,64.008,64.008,-60.0,-60.0,-0.21881914138793945,0.22826091945171356
-10.622085643090951,-23.147869697928133,23.147869697928133,0.5799999999999983,55.956199999999995,55.956199999999995,-60.0,-60.0,-0.06119966506958008,0.23405838012695312
-10.785487365546736,-22.561055102378557,22.561055102378557,0.6099999999999994,75.692,75.692,-60.0,-60.0,-0.5445170402526855,0.21824610233306885
-10.919047875247298,-21.956261870552442,21.956261870552442,0.6400000000000006,49.7078,49.7078,-60.0,-60.0,-8.821487426757812e-05,0.23704150319099426
-10.923935432789088,-21.37856061410851,21.37856061410851,0.6700000000000017,50.3174,50.3174,-60.0,-60.0,-0.04313087463378906,0.2354387491941452
-10.836560346139288,-20.830420389929653,20.830420389929653,0.7000000000000028,45.7962,45.7962,-60.0,-60.0,0.016861438751220703,0.23873405158519745
-10.69097373956886,-20.275474833709062,20.275474833709062,0.730000000000004,53.111399999999996,53.111399999999996,-60.0,-60.0,-0.16233158111572266,0.23150502145290375
-10.518410359387486,-19.731345155804302,19.731345155804302,0.7600000000000051,65.405,65.35419999999999,-60.0,-60.0,-0.4752483367919922,0.22232116758823395
-10.539834722668429,-19.15388186522917,19.15388186522917,0.7900000000000063,60.248799999999996,60.248799999999996,-60.0,-60.0,-0.39064502716064453,0.22509945929050446
-10.578003723464805,-18.57969035176812,18.57969035176812,0.8199999999999932,51.282599999999995,51.282599999999995,-60.0,-60.0,-0.21449899673461914,0.23077869415283203
-10.667976553161292,-18.012072776545004,18.012072776545004,0.8499999999999943,49.657,49.657,-60.0,-60.0,-0.21230840682983398,0.2311037927865982
-10.674181582476738,-17.450273589018188,17.450273589018188,0.8799999999999955,40.2844,40.2844,-60.0,-60.0,-0.05543088912963867,0.23792396485805511
-10.622825928624668,-16.899966185019352,16.899966185019352,0.9099999999999966,47.828199999999995,47.828199999999995,-60.0,-60.0,-0.23276805877685547,0.23106037080287933
-10.569003529896385,-16.330139447083386,16.330139447083386,0.9500000000000028,52.958999999999996,52.958999999999996,-60.0,-60.0,-0.38568687438964844,0.22668446600437164
-10.521145550267217,-15.781707026961318,15.781707026961318,0.980000000000004,70.3072,65.35419999999999,-60.0,-60.0,-0.7009468078613281,0.21741299331188202
-10.513224760253305,-15.18964058786021,15.18964058786021,0.010000000000005116,47.4218,44.7294,-60.0,-60.0,-0.26743459701538086,0.2292167991399765
-10.612119911779855,-14.622546475152143,14.622546475152143,0.04000000000000625,59.639199999999995,44.7294,-60.0,-60.0,-0.315950870513916,0.22586092352867126
-11.069408319924241,-13.985169005568025,13.985169005568025,0.06999999999999318,45.72,44.7294,-60.0,-60.0,-0.3520493507385254,0.22720173001289368
-11.619924420194117,-13.307967814343046,13.307967814343046,0.09999999999999432,58.648599999999995,44.7294,-60.0,-60.0,-0.42421770095825195,0.22301042079925537
-12.128217759499911,-12.607379935059694,12.607379935059694,0.12999999999999545,59.055,44.7294,-60.0,-60.0,-0.48198556900024414,0.221379816532135
-12.3364216594197,-11.942339141172875,11.942339141172875,0.1599999999999966,76.4032,44.7294,-60.0,-60.0,-0.5439376831054688,0.21702493727207184
-12.46226480785852,-11.257628224771938,11.257628224771938,0.18999999999999773,54.0004,44.7294,-60.0,-60.0,-0.569828987121582,0.22005876898765564
-12.938260648628779,-10.507398297829285,10.507398297829285,0.21999999999999886,55.117999999999995,55.041799999999995,-60.0,-60.0,-0.8584017753601074,0.2137170284986496
-13.552419155381788,-9.717315409673413,9.717315409673413,0.25,44.754799999999996,44.7294,-60.0,-60.0,-0.6874079704284668,0.21810252964496613
-14.13670540414715,-8.88921913532153,8.88921913532153,0.28000000000000114,42.925999999999995,42.925999999999995,-60.0,-60.0,-0.714592456817627,0.2173512727022171
-14.224143035540795,-8.09284649609726,8.09284649609726,0.3100000000000023,43.7388,43.7388,-60.0,-60.0,-0.7841882705688477,0.21573330461978912
-14.083034815069801,-7.355316017270191,7.355316017270191,0.3400000000000034,51.562,44.7294,-60.0,-60.0,-0.8543014526367188,0.2133297324180603
-13.85365396656241,-6.556171635741719,6.556171635741719,0.37000000000000455,48.2346,34.417,-60.0,-60.0,-0.6639976501464844,0.2176956832408905
-13.75714718372741,-5.885338366995284,5.885338366995284,0.4000000000000057,57.0738,34.417,-60.0,-60.0,-0.7098526954650879,0.21552979946136475
-14.076102370689505,-5.1428137562439975,5.1428137562439975,0.4300000000000068,54.203599999999994,44.7294,-60.0,-60.0,-0.9886636734008789,0.2102675586938858
-14.374534550551616,-4.337762503242473,4.337762503242473,0.45999999999999375,50.444399999999995,44.7294,-60.0,-60.0,-1.0422139167785645,0.2096455693244934
-14.446255007111061,-3.5669919611171435,3.5669919611171435,0.4899999999999949,53.1622,34.417,-60.0,-60.0,-0.868006706237793,0.2125028669834137
-13.849469862895624,-2.902989591747962,2.902989591747962,0.519999999999996,59.943999999999996,34.417,-60.0,-60.0,-0.8937735557556152,0.21152080595493317
-12.838406627403849,-2.3295709546361065,2.3295709546361065,0.5499999999999972,59.2074,34.417,-60.0,-60.0,-0.8942956924438477,0.21225187182426453
-11.943701140785974,-1.792780432633923,1.792780432633923,0.5799999999999983,54.127399999999994,34.417,-60.0,-60.0,-0.8924140930175781,0.2135402262210846
-10.35309400790066,-1.4661354272351366,1.4661354272351366,0.6099999999999994,60.3758,34.417,-60.0,-60.0,-0.8626594543457031,0.21460604667663574
-6.970796218027958,-1.6863312625208415,1.6863312625208415,0.6400000000000006,47.980599999999995,34.417,-60.0,-60.0,-0.7260236740112305,0.22105799615383148
-6.765006767316014,-1.373785189015476,1.373785189015476,0.6700000000000017,55.1688,34.417,-60.0,-60.0,-0.7460141181945801,0.21979765594005585
-6.765006767316014,-1.373785189015476,1.373785189015476,1.7000000000000028,52.577999999999996,44.7294,-60.0,-60.0,-0.968719482421875,0.2167454957962036
-6.765006767316014,-1.373785189015476,1.373785189015476,2.730000000000004,58.674,44.7294,-60.0,-60.0,-0.9743261337280273,0.21703098714351654
-6.765006767316014,-1.373785189015476,1.373785189015476,3.760000000000005,51.2572,44.7294,-60.0,-60.0,-0.9628262519836426,0.21946005523204803
-6.241050175856035,3.354260464344638,-3.354260464344638,0.7900000000000063,68.1482,44.7294,-60.0,-60.0,-1.239856243133545,0.209901824593544
-7.344738954401142,3.7610827561798184,-3.7610827561798184,0.8199999999999932,53.6194,44.7294,-60.0,-60.0,-1.2894799709320068,0.20923592150211334
-9.324187986402018,4.364670865464831,-4.364670865464831,0.8499999999999943,68.0974,34.417,-60.0,-60.0,-1.1712751388549805,0.21079248189926147
-10.242332784102055,4.995374658481049,-4.995374658481049,0.8799999999999955,49.3776,34.417,-60.0,-60.0,-1.2274036407470703,0.21007929742336273
-10.765163630193301,5.626969192077954,-5.626969192077954,0.9099999999999966,60.9092,34.417,-60.0,-60.0,-1.2866759300231934,0.20849862694740295
-11.37806200218273,6.281931474284917,-6.281931474284917,0.9399999999999977,53.111399999999996,34.417,-60.0,-60.0,-1.335707664489746,0.20792324841022491
-11.286467736327301,6.8705649664342365,-6.8705649664342365,0.9699999999999989,72.4408,34.417,-60.0,-60.0,-1.3748254776000977,0.20658864080905914
-11.375443596335623,7.465190637799218,-7.465190637799218,0.010000000000005116,41.9862,24.0792,-60.0,-60.0,-1.1693687438964844,0.21266698837280273
-11.290322613905857,7.957877449358901,-7.957877449358901,0.04000000000000625,47.7012,24.0792,-60.0,-60.0,-1.198146104812622,0.212164506316185
-11.473309468465388,8.643146819480851,-8.643146819480851,0.06999999999999318,61.340999999999994,24.0792,-60.0,-60.0,-1.251777172088623,0.21077463030815125
-11.120099676237938,9.220408627043323,-9.220408627043323,0.09999999999999432,47.066199999999995,24.0792,-60.0,-60.0,-1.260744571685791,0.2117190659046173
-10.488719024663885,9.742462803819825,-9.742462803819825,0.12999999999999545,45.5676,24.0792,-60.0,-60.0,-1.2675056457519531,0.2122614085674286
-9.971956439569054,10.24052590143309,-10.24052590143309,0.1599999999999966,57.5818,24.0792,-60.0,-60.0,-1.2876641750335693,0.21187812089920044
-9.433473332472127,10.699894737285968,-10.699894737285968,0.18999999999999773,58.3692,24.0792,-60.0,-60.0,-1.2958402633666992,0.2122144103050232
-9.448674258750387,11.207000038149577,-11.207000038149577,0.21999999999999886,49.9618,24.0792,-60.0,-60.0,-1.315850019454956,0.212434783577919
-9.481882175905481,11.723487123783087,-11.723487123783087,0.25,47.1932,24.0792,-60.0,-60.0,-1.3411223888397217,0.2122907042503357
-9.760653077163235,12.275663831030865,-12.275663831030865,0.28000000000000114,50.444399999999995,24.0792,-60.0,-60.0,-1.3807506561279297,0.21148359775543213
-10.175562224850346,12.854287522672257,-12.854287522672257,0.3100000000000023,47.879,24.0792,-60.0,-60.0,-1.4202041625976562,0.21075339615345
-10.529635729633734,13.452274401301311,-13.452274401301311,0.3400000000000034,51.130199999999995,24.0792,-60.0,-60.0,-1.4695379734039307,0.20988729596138
-10.688127741949371,14.03026162010162,-14.03026162010162,0.37000000000000455,56.007,24.0792,-60.0,-60.0,-1.5203723907470703,0.2090129852294922
-10.520575722834373,14.580540729462191,-14.580540729462191,0.4000000000000057,49.047399999999996,24.0792,-60.0,-60.0,-1.5276484489440918,0.2088470607995987
-10.374630939819259,15.121775293543884,-15.121775293543884,0.4300000000000068,58.166,24.0792,-60.0,-60.0,-1.575852870941162,0.20856809616088867
-10.522855019940428,15.711730934005741,-15.711730934005741,0.46000000000000796,49.7586,24.0792,-60.0,-60.0,-1.5859146118164062,0.20813247561454773
-10.773086182206585,16.307479801935823,-16.307479801935823,0.4900000000000091,49.5554,24.0792,-60.0,-60.0,-1.6164696216583252,0.20769886672496796
-10.978369654820703,16.913094650986103,-16.913094650986103,0.5200000000000102,45.288199999999996,24.0792,-60.0,-60.0,-1.6238915920257568,0.20794132351875305
-10.930811840070648,17.488952537641573,-17.488952537641573,0.5500000000000114,40.9448,24.0792,-60.0,-60.0,-1.6224632263183594,0.20847691595554352
-10.670253657554818,18.04035190083073,-18.04035190083073,0.5800000000000125,45.135799999999996,24.0792,-60.0,-60.0,-1.6564712524414062,0.20784342288970947
-10.493449504085303,18.57874634119773,-18.57874634119773,0.6100000000000136,53.339999999999996,24.0792,-60.0,-60.0,-1.7114853858947754,0.20643407106399536
-10.428464026238961,19.121974353461997,-19.121974353461997,0.6399999999999864,46.1264,24.0792,-60.0,-60.0,-1.6950244903564453,0.20740245282649994
-10.407708553076786,19.686027886212592,-19.686027886212592,0.6699999999999875,52.7558,24.0792,-60.0,-60.0,-1.745898723602295,0.2060680240392685
-10.344855107800125,20.223343604288463,-20.223343604288463,0.6999999999999886,52.7812,24.0792,-60.0,-60.0,-1.7627265453338623,0.2058635801076889
-10.147176880206292,20.745562939381077,-20.745562939381077,0.7299999999999898,46.0756,24.0792,-60.0,-60.0,-1.7442922592163086,0.2068922519683838
-9.94765293824817,21.241864763411332,-21.241864763411332,0.7599999999999909,47.8536,24.0792,-60.0,-60.0,-1.762303113937378,0.2063230723142624
-9.764088272591632,21.76163016396871,-21.76163016396871,0.789999999999992,52.196999999999996,24.0792,-60.0,-60.0,-1.7903389930725098,0.20497341454029083
-9.547705444185684,22.242959677231177,-22.242959677231177,0.8199999999999932,45.135799999999996,24.0792,-60.0,-60.0,-1.7688536643981934,0.2061796337366104
-9.366286427469042,22.718652823282174,-22.718652823282174,0.8499999999999943,49.7332,24.0792,-60.0,-60.0,-1.7956953048706055,0.2048250436782837
-9.135956617843616,23.187428619288358,-23.187428619288358,0.8799999999999955,45.6184,24.0792,-60.0,-60.0,-1.785341739654541,0.20541433990001678
-8.939501489024419,23.644666812194572,-23.644666812194572,0.9099999999999966,57.5818,24.0792,-60.0,-60.0,-1.8386096954345703,0.20253297686576843
-8.787227845946783,24.08221316404909,-24.08221316404909,0.9399999999999977,48.0822,24.0792,-60.0,-60.0,-1.8083860874176025,0.20423392951488495
-8.610800187063601,24.528576687200314,-24.528576687200314,0.9699999999999989,51.053999999999995,24.0792,-60.0,-60.0,-1.8257572650909424,0.2032814472913742
-8.53765783337459,24.965538740823135,-24.965538740823135,0.0,43.18,13.7668,-60.0,-60.0,-1.6497688293457031,0.2067590355873108
-8.348534211668703,25.418536142333167,-25.418536142333167,0.030000000000001137,42.6212,13.7668,-60.0,-60.0,-1.654883861541748,0.20658275485038757
-7.983846992205183,25.780036792504664,-25.780036792504664,0.060000000000002274,55.2196,13.7668,-60.0,-60.0,-1.701887607574463,0.2021038979291916
-7.624240706636239,26.173903550527413,-26.173903550527413,0.09000000000000341,52.3748,13.7668,-60.0,-60.0,-1.6920719146728516,0.2031860202550888
-7.162380380538778,26.505210638678246,-26.505210638678246,0.12000000000000455,45.9232,24.0792,-60.0,-60.0,-1.8293232917785645,0.20310883224010468
-6.893246591724604,26.845963281377628,-26.845963281377628,0.15000000000000568,51.739799999999995,24.0792,-60.0,-60.0,-1.8506579399108887,0.2017568200826645
-6.690220829825624,27.201387138427133,-27.201387138427133,0.18000000000000682,46.2026,13.7668,-60.0,-60.0,-1.6700396537780762,0.20545126497745514
-6.519788185884103,27.536168390223175,-27.536168390223175,0.21000000000000796,55.5498,24.0792,-60.0,-60.0,-1.8677868843078613,0.20058225095272064
-6.380505673979991,27.838125477797874,-27.838125477797874,0.2400000000000091,48.742599999999996,13.7668,-60.0,-60.0,-1.685129165649414,0.2040477693080902
-6.459207086288698,28.16504277712264,-28.16504277712264,0.27000000000001023,50.2412,24.0792,-60.0,-60.0,-1.858757734298706,0.20112569630146027
-6.521301071678817,28.51850901553731,-28.51850901553731,0.30000000000001137,39.852599999999995,24.0792,-60.0,-60.0,-1.830125093460083,0.2029162347316742
-6.489586750286548,28.873364219727506,-28.873364219727506,0.3300000000000125,47.447199999999995,24.0792,-60.0,-60.0,-1.861894130706787,0.20099414885044098
-6.3015471255393996,29.15853903131831,-29.15853903131831,0.36000000000001364,49.8856,24.0792,-60.0,-60.0,-1.8699920177459717,0.200364351272583
-6.002558888421807,29.451721729347437,-29.451721729347437,0.38999999999998636,51.4604,24.0792,-60.0,-60.0,-1.872318983078003,0.19999802112579346
-5.761193693355912,29.768880695674234,-29.768880695674234,0.4199999999999875,38.354,24.0792,-60.0,-60.0,-1.8328938484191895,0.20215867459774017
-5.548764675025022,30.02389106163179,-30.02389106163179,0.46000000000000796,43.3578,24.0792,-60.0,-60.0,-1.8422374725341797,0.20150917768478394
-5.366627339181764,30.29983492943425,-30.29983492943425,0.4900000000000091,48.3108,24.0792,-60.0,-60.0,-1.8581008911132812,0.20036135613918304
-5.166080526078557,30.56540150818911,-30.56540150818911,0.5200000000000102,56.794399999999996,24.0792,-60.0,-60.0,-1.8832449913024902,0.19822706282138824
-5.125908986955084,30.817021201641015,-30.817021201641015,0.5500000000000114,40.6654,24.0792,-60.0,-60.0,-1.841799020767212,0.20101770758628845
-5.070642943966636,31.079120901050114,-31.079120901050114,0.5800000000000125,54.660799999999995,24.0792,-60.0,-60.0,-1.8810057640075684,0.19856767356395721
-5.021509626047489,31.347736787326735,-31.347736787326735,0.6100000000000136,44.145199999999996,24.0792,-60.0,-60.0,-1.8548705577850342,0.20007281005382538
-4.9529445904854725,31.60076609855827,-31.60076609855827,0.6399999999999864,44.145199999999996,24.0792,-60.0,-60.0,-1.857618808746338,0.19976671040058136
-4.871139382758057,31.845173404329138,-31.845173404329138,0.6699999999999875,56.6674,24.0792,-60.0,-60.0,-1.889364242553711,0.19717541337013245
-4.899287787098959,32.094078174278025,-32.094078174278025,0.710000000000008,48.768,24.0792,-60.0,-60.0,-1.8716299533843994,0.19877249002456665
-4.8443932886347225,32.353699793619214,-32.353699793619214,0.7400000000000091,43.230799999999995,24.0792,-60.0,-60.0,-1.8655920028686523,0.19885559380054474
-4.755536649050679,32.567224614916306,-32.567224614916306,0.7700000000000102,47.2694,24.0792,-60.0,-60.0,-1.8729009628295898,0.19833898544311523
-4.553387958307942,32.80945135811539,-32.80945135811539,0.8000000000000114,71.9328,24.0792,-60.0,-60.0,-1.9262778759002686,0.1907111555337906
-4.3152553223419305,33.01799156943939,-33.01799156943939,0.8300000000000125,56.515,24.0792,-60.0,-60.0,-1.8854670524597168,0.1965228170156479
-4.203344180674593,33.22369827512852,-33.22369827512852,0.8600000000000136,42.4434,24.0792,-60.0,-60.0,-1.8606810569763184,0.1982775181531906
-4.008405411639842,33.43332765003362,-33.43332765003362,0.9000000000000057,49.6316,24.0792,-60.0,-60.0,-1.8694713115692139,0.1976441890001297
-4.100315299879732,33.63186425965917,-33.63186425965917,0.9300000000000068,51.308,24.0792,-60.0,-60.0,-1.8767204284667969,0.19716554880142212
-4.179480469976708,33.864371640832516,-33.864371640832516,0.960000000000008,50.165,24.0792,-60.0,-60.0,-1.8797123432159424,0.1968555450439453
-4.093043041347227,34.070823142654554,-34.070823142654554,0.9900000000000091,48.9966,24.0792,-60.0,-60.0,-1.8781063556671143,0.19673749804496765
-4.0150339436186515,34.245690196440606,-34.245690196440606,0.020000000000010232,47.7012,13.7668,-60.0,-60.0,-1.779953956604004,0.1966991126537323
-3.9024517524439353,34.46897700179848,-34.46897700179848,0.05000000000001137,43.992799999999995,13.7668,-60.0,-60.0,-1.7762742042541504,0.19744496047496796
-3.6831268896192495,34.63723810001604,-34.63723810001604,0.0800000000000125,55.1434,13.7668,-60.0,-60.0,-1.7848830223083496,0.19465495645999908
-3.482135666169594,34.81286917188625,-34.81286917188625,0.11000000000001364,40.4114,13.7668,-60.0,-60.0,-1.765172004699707,0.19801823794841766
-3.3358739889803366,35.01038038545368,-35.01038038545368,0.13999999999998636,40.919399999999996,24.0792,-60.0,-60.0,-1.8855671882629395,0.1958729773759842
-3.198501067422782,35.20688243542888,-35.20688243542888,0.1699999999999875,42.0878,13.7668,-60.0,-60.0,-1.7657744884490967,0.19766327738761902
-3.252796649656006,35.347079565677845,-35.347079565677845,0.19999999999998863,42.3418,13.7668,-60.0,-60.0,-1.7688450813293457,0.19735480844974518
-3.3393401381611825,35.542967320833256,-35.542967320833256,0.22999999999998977,45.9232,13.7668,-60.0,-60.0,-1.7770495414733887,0.19609294831752777
-3.5262402977104137,35.72144372261357,-35.72144372261357,0.2599999999999909,54.102,24.0792,-60.0,-60.0,-1.914581060409546,0.1934223473072052
-3.739656042990378,35.94016893623908,-35.94016893623908,0.28999999999999204,43.535599999999995,24.0792,-60.0,-60.0,-1.9069242477416992,0.19410794973373413
-3.7084866568199213,36.12289753101239,-36.12289753101239,0.3199999999999932,59.867799999999995,24.0792,-60.0,-60.0,-1.9270946979522705,0.19123730063438416
-3.5780916529319766,36.299314018218745,-36.299314018218745,0.3499999999999943,45.1612,24.0792,-60.0,-60.0,-1.906723976135254,0.19365839660167694
-3.436147343533,36.45461239274197,-36.45461239274197,0.37999999999999545,41.1988,24.0792,-60.0,-60.0,-1.897367238998413,0.19386453926563263
-3.307321391763072,36.637070005518495,-36.637070005518495,0.4099999999999966,48.006,24.0792,-60.0,-60.0,-1.9052953720092773,0.19325177371501923
-3.139556823775478,36.790945426976876,-36.790945426976876,0.4399999999999977,45.592999999999996,24.0792,-60.0,-60.0,-1.8977351188659668,0.1933741271495819
-3.148901373131444,36.96239693410892,-36.96239693410892,0.46999999999999886,46.532799999999995,24.0792,-60.0,-60.0,-1.899315357208252,0.19307133555412292
-3.268954924302646,37.16265296332353,-37.16265296332353,0.5099999999999909,46.9646,24.0792,-60.0,-60.0,-1.902266502380371,0.19267185032367706
-3.3763500309228625,37.356910643371826,-37.356910643371826,0.5500000000000114,57.0738,24.0792,-60.0,-60.0,-1.9218313694000244,0.19057011604309082
-3.3755276193915944,37.52848285405488,-37.52848285405488,0.5900000000000034,50.419,24.0792,-60.0,-60.0,-1.9088644981384277,0.19186648726463318
-3.4642224825683465,37.707832427075914,-37.707832427075914,0.6299999999999955,48.9204,24.0792,-60.0,-60.0,-1.9078354835510254,0.1916673630475998
-3.4803737438497246,37.90664480668661,-37.90664480668661,0.6699999999999875,50.0126,24.0792,-60.0,-60.0,-1.9091978073120117,0.1913236677646637
-3.514201497019066,38.0721744359969,-38.0721744359969,0.710000000000008,43.611799999999995,24.0792,-60.0,-60.0,-1.899364948272705,0.19154398143291473
-3.4844848856718014,38.26135991496993,-38.26135991496993,0.75,55.498999999999995,24.0792,-60.0,-60.0,-1.9204940795898438,0.18962442874908447
-3.5106778867753174,38.42281104914916,-38.42281104914916,0.7800000000000011,55.3974,24.0792,-60.0,-60.0,-1.9202911853790283,0.18939976394176483
-3.4531805756416594,38.60412425731837,-38.60412425731837,0.8199999999999932,47.5742,24.0792,-60.0,-60.0,-1.901771068572998,0.19065579771995544
-3.3060876003947914,38.761860012210136,-38.761860012210136,0.8600000000000136,63.3476,24.0792,-60.0,-60.0,-1.92655611038208,0.18736319243907928
-3.149959236086679,38.93312279288894,-38.93312279288894,0.9000000000000057,46.5582,24.0792,-60.0,-60.0,-1.8952677249908447,0.1905299574136734
-3.026586359537065,39.08396967844874,-39.08396967844874,0.9300000000000068,55.753,24.0792,-60.0,-60.0,-1.9071860313415527,0.18893124163150787
-3.035227503465558,39.243698700485,-39.243698700485,0.960000000000008,49.123599999999996,24.0792,-60.0,-60.0,-1.8954153060913086,0.19006094336509705
-2.9957827960318832,39.40388508883565,-39.40388508883565,0.9900000000000091,52.2224,24.0792,-60.0,-60.0,-1.8969306945800781,0.189303919672966
-2.984495559254017,39.53798609377664,-39.53798609377664,0.020000000000010232,41.6814,13.7668,-60.0,-60.0,-1.8077993392944336,0.1918550729751587
-2.9659181442947684,39.70451438844637,-39.70451438844637,0.05000000000001137,52.2478,13.7668,-60.0,-60.0,-1.8292574882507324,0.1895727515220642
-2.7944596268247186,39.83815998351024,-39.83815998351024,0.0800000000000125,49.199799999999996,13.7668,-60.0,-60.0,-1.8212530612945557,0.1903248429298401
-2.6354805286017045,39.95906784466498,-39.95906784466498,0.11000000000001364,52.07,13.7668,-60.0,-60.0,-1.821889877319336,0.18983107805252075
-2.3836668061570117,40.097362828557934,-40.097362828557934,0.13999999999998636,45.0088,24.0792,-60.0,-60.0,-1.9016304016113281,0.1890753209590912
-2.0538766001258484,40.19347772862239,-40.19347772862239,0.1699999999999875,45.059599999999996,13.7668,-60.0,-60.0,-1.7935123443603516,0.19177457690238953
-1.8878397027115548,40.25807383682268,-40.25807383682268,0.19999999999998863,53.848,24.0792,-60.0,-60.0,-1.901123285293579,0.18819397687911987
-1.890842787726628,40.36138538635814,-40.36138538635814,0.22999999999998977,46.5582,13.7668,-60.0,-60.0,-1.7923283576965332,0.19158905744552612
-2.0192000205546305,40.46865796990012,-40.46865796990012,0.2599999999999909,44.6532,24.0792,-60.0,-60.0,-1.8955276012420654,0.18907567858695984
-2.2493082312510415,40.601485562367365,-40.601485562367365,0.30000000000001137,61.3664,24.0792,-60.0,-60.0,-1.9234085083007812,0.1860337108373642
-2.2146404665870967,40.71446245135302,-40.71446245135302,0.3300000000000125,49.6824,24.0792,-60.0,-60.0,-1.9014763832092285,0.18824943900108337
-2.0980885244120824,40.793897709695976,-40.793897709695976,0.36000000000001364,52.832,24.0792,-60.0,-60.0,-1.8998217582702637,0.18777227401733398
-2.0320346500044444,40.904747404069056,-40.904747404069056,0.38999999999998636,46.1264,24.0792,-60.0,-60.0,-1.8975136280059814,0.18858498334884644
-2.01814027143005,40.98611304696943,-40.98611304696943,0.4199999999999875,52.2224,24.0792,-60.0,-60.0,-1.8985705375671387,0.1877654641866684
-1.9193421337230483,41.09524439519006,-41.09524439519006,0.46000000000000796,55.8546,24.0792,-60.0,-60.0,-1.899355411529541,0.18713386356830597
-1.7303696940193618,41.1681158124246,-41.1681158124246,0.4900000000000091,59.410599999999995,24.0792,-60.0,-60.0,-1.902522087097168,0.18655535578727722
-1.5431267512641977,41.237903790295036,-41.237903790295036,0.5200000000000102,74.4474,24.0792,-60.0,-60.0,-1.9213817119598389,0.18361590802669525
-1.4028641529247814,41.312975808470206,-41.312975808470206,0.5500000000000114,54.102,24.0792,-60.0,-60.0,-1.8869736194610596,0.18777066469192505
-1.4034532804035833,41.38050428332039,-41.38050428332039,0.5900000000000034,48.4124,24.0792,-60.0,-60.0,-1.8859221935272217,0.18864285945892334
-1.406870213922185,41.45323894935709,-41.45323894935709,0.6200000000000045,52.0192,24.0792,-60.0,-60.0,-1.8865141868591309,0.1880033314228058
-1.3787685862445622,41.51766141109027,-41.51766141109027,0.6500000000000057,44.704,24.0792,-60.0,-60.0,-1.8836352825164795,0.18908914923667908
-1.2987018659936562,41.59273004030302,-41.59273004030302,0.6800000000000068,49.047399999999996,24.0792,-60.0,-60.0,-1.8839426040649414,0.18847759068012238
-1.3794755536238517,41.63363941348037,-41.63363941348037,0.710000000000008,57.531,24.0792,-60.0,-60.0,-1.886378288269043,0.18701894581317902
-1.3731128321121278,41.7190347632881,-41.7190347632881,0.7400000000000091,55.0164,24.0792,-60.0,-60.0,-1.8859400749206543,0.18735957145690918
-1.492761500676708,41.775320664788964,-41.775320664788964,0.7800000000000011,43.078399999999995,24.0792,-60.0,-60.0,-1.8842434883117676,0.1894180327653885
-1.5404171018934278,41.84385553693513,-41.84385553693513,0.8199999999999932,59.791599999999995,24.0792,-60.0,-60.0,-1.8891563415527344,0.18637561798095703
-1.3296922530334319,41.92263266315523,-41.92263266315523,0.8499999999999943,47.751999999999995,24.0792,-60.0,-60.0,-1.8833897113800049,0.18856322765350342
-1.1631249568563695,41.95380456785839,-41.95380456785839,0.8799999999999955,51.4096,24.0792,-60.0,-60.0,-1.8806579113006592,0.18798860907554626
-0.9156837422275302,41.99520237199286,-41.99520237199286,0.9099999999999966,47.8028,24.0792,-60.0,-60.0,-1.8748908042907715,0.18890981376171112
-0.8025288813031568,42.015437703991836,-42.015437703991836,0.9399999999999977,55.9308,24.0792,-60.0,-60.0,-1.8734569549560547,0.1876111626625061
-0.8138446636963201,42.05770178148526,-42.05770178148526,0.9699999999999989,49.504599999999996,24.0792,-60.0,-60.0,-1.8729043006896973,0.18863245844841003
-0.7358116707888611,42.07973073524331,-42.07973073524331,0.009999999999990905,49.149,13.7668,-60.0,-60.0,-1.783421277999878,0.1909404844045639
-0.7450649761031151,42.13547472305752,-42.13547472305752,0.03999999999999204,46.2026,13.7668,-60.0,-60.0,-1.7803153991699219,0.19143927097320557
-0.618580329649866,42.16056465960939,-42.16056465960939,0.06999999999999318,56.413399999999996,13.7668,-60.0,-60.0,-1.7962088584899902,0.18971876800060272
-0.4513003384502931,42.18316702933558,-42.18316702933558,0.09999999999999432,51.562,13.7668,-60.0,-60.0,-1.780238389968872,0.19085943698883057
-0.3304624134295236,42.16837068691072,-42.16837068691072,0.12999999999999545,46.456599999999995,24.0792,-60.0,-60.0,-1.877589225769043,0.18876774609088898
-0.365947854622666,42.23779584482433,-42.23779584482433,0.160000000000025,56.032399999999996,24.0792,-60.0,-60.0,-1.879866600036621,0.1870594024658203
-0.40762225647448025,42.28200117693301,-42.28200117693301,0.18999999999999773,47.7012,13.7668,-60.0,-60.0,-1.7724182605743408,0.1916505992412567
-0.29633248879312446,42.27981713812755,-42.27981713812755,0.2400000000000091,41.300399999999996,24.0792,-60.0,-60.0,-1.872107744216919,0.19062606990337372
-0.16529305812961745,42.279759541810726,-42.279759541810726,0.2699999999999818,49.199799999999996,24.0792,-60.0,-60.0,-1.873945951461792,0.1883552372455597
-0.030184481040996403,42.252850504547204,-42.252850504547204,0.30000000000001137,36.1442,24.0792,-60.0,-60.0,-1.8610353469848633,0.19292861223220825
-0.09997892637897592,42.23369910383113,-42.23369910383113,0.3299999999999841,49.6316,24.0792,-60.0,-60.0,-1.8713898658752441,0.18845602869987488
-0.09903575971005965,42.231753554715716,-42.231753554715716,0.36000000000001364,54.051199999999994,24.0792,-60.0,-60.0,-1.8711838722229004,0.18780000507831573
-3.059394824127595e-06,42.22345614793733,-42.22345614793733,0.38999999999998636,46.1264,24.0792,-60.0,-60.0,-1.866731882095337,0.1895180493593216
-0.14589927821079046,42.227354280318636,-42.227354280318636,0.4200000000000159,53.974999999999994,24.0792,-60.0,-60.0,-1.8710267543792725,0.18782657384872437
-0.1955331301392903,42.269303682218016,-42.269303682218016,0.44999999999998863,51.0286,24.0792,-60.0,-60.0,-1.8715403079986572,0.18821638822555542
-0.056652159851006044,42.25618312594169,-42.25618312594169,0.4800000000000182,40.894,24.0792,-60.0,-60.0,-1.8626751899719238,0.19135691225528717
0.07857776084305741,42.24125136650995,-42.24125136650995,0.5199999999999818,45.1104,24.0792,-60.0,-60.0,-1.8623576164245605,0.1900920867919922
0.40243202397478905,42.21744690185244,-42.21744690185244,0.5600000000000023,47.3964,24.0792,-60.0,-60.0,-1.856614351272583,0.18976974487304688
0.5078245369636342,42.151168545392395,-42.151168545392395,0.589999999999975,52.044599999999996,24.0792,-60.0,-60.0,-1.8548879623413086,0.18898546695709229
0.47652540916336206,42.15325362037714,-42.15325362037714,0.6200000000000045,54.7624,24.0792,-60.0,-60.0,-1.8552138805389404,0.18855682015419006
0.6457490333525101,42.09229076888271,-42.09229076888271,0.6499999999999773,59.943999999999996,24.0792,-60.0,-60.0,-1.851412057876587,0.1880086064338684
0.5585155052453546,42.03731478685693,-42.03731478685693,0.6800000000000068,52.882799999999996,24.0792,-60.0,-60.0,-1.85164213180542,0.18911321461200714
0.4642060877334405,42.02702940509862,-42.02702940509862,0.7099999999999795,57.480199999999996,24.0792,-60.0,-60.0,-1.853254795074463,0.188345268368721
0.35957865621885116,42.00774153202003,-42.00774153202003,0.75,51.8668,24.0792,-60.0,-60.0,-1.8540048599243164,0.18918010592460632
0.341659106668102,41.982873242029335,-41.982873242029335,0.7900000000000205,51.9938,24.0792,-60.0,-60.0,-1.8535065650939941,0.1892077922821045
0.52191199386818,41.92298014440551,-41.92298014440551,0.8199999999999932,57.480199999999996,24.0792,-60.0,-60.0,-1.8495428562164307,0.18861639499664307
0.7792457611654637,41.86088267068723,-41.86088267068723,0.8500000000000227,52.6288,24.0792,-60.0,-60.0,-1.8431739807128906,0.18972043693065643
0.9344802232577478,41.79279370931805,-41.79279370931805,0.8899999999999864,48.9458,24.0792,-60.0,-60.0,-1.838395118713379,0.19059398770332336
0.9561672171650599,41.742663503382474,-41.742663503382474,0.9200000000000159,66.294,24.0792,-60.0,-60.0,-1.8479366302490234,0.18775805830955505
1.080449434155281,41.68241156743805,-41.68241156743805,0.9499999999999886,49.5554,24.0792,-60.0,-60.0,-1.8338518142700195,0.19078832864761353
1.2059588456683235,41.624019630781845,-41.624019630781845,0.9800000000000182,45.72,24.0792,-60.0,-60.0,-1.8279776573181152,0.19227832555770874
1.2816714441854542,41.51910913791195,-41.51910913791195,0.009999999999990905,42.1132,13.7668,-60.0,-60.0,-1.730240821838379,0.19624187052249908
1.3361110592376162,41.436479283728325,-41.436479283728325,0.040000000000020464,57.480199999999996,13.7668,-60.0,-60.0,-1.745750904083252,0.19180534780025482
1.2232817980326427,41.41389567207365,-41.41389567207365,0.06999999999999318,56.108599999999996,13.7668,-60.0,-60.0,-1.7463011741638184,0.19202616810798645
1.2297631174378725,41.347183922302136,-41.347183922302136,0.10000000000002274,55.7022,13.7668,-60.0,-60.0,-1.7443480491638184,0.19219191372394562
1.3289821972150342,41.29330918305853,-41.29330918305853,0.12999999999999545,41.021,24.0792,-60.0,-60.0,-1.8338747024536133,0.19346840679645538
1.5480128243433495,41.19601213757107,-41.19601213757107,0.160000000000025,49.6062,24.0792,-60.0,-60.0,-1.8335485458374023,0.1912761777639389
1.6866660315983784,41.11270431092173,-41.11270431092173,0.18999999999999773,41.071799999999996,24.0792,-60.0,-60.0,-1.8242108821868896,0.1941298395395279
1.6752399416832455,40.99973040282983,-40.99973040282983,0.22000000000002728,51.1048,24.0792,-60.0,-60.0,-1.8288650512695312,0.19130811095237732
1.5917194803737535,40.96399259231133,-40.96399259231133,0.25,46.608999999999995,24.0792,-60.0,-60.0,-1.8277702331542969,0.19246770441532135
1.6082120793422854,40.86086000657115,-40.86086000657115,0.2799999999999727,41.605199999999996,24.0792,-60.0,-60.0,-1.8227782249450684,0.1941380798816681
1.4115212375238189,40.78545906500594,-40.78545906500594,0.3100000000000023,50.749199999999995,24.0792,-60.0,-60.0,-1.8306362628936768,0.191433385014534
1.2465554799687084,40.72839972736941,-40.72839972736941,0.339999999999975,43.5864,24.0792,-60.0,-60.0,-1.8298101425170898,0.19316822290420532
1.1452678720805258,40.687659733053295,-40.687659733053295,0.37000000000000455,50.1396,24.0792,-60.0,-60.0,-1.8339362144470215,0.19140096008777618
1.0196354362813995,40.619688912015036,-40.619688912015036,0.39999999999997726,42.5958,24.0792,-60.0,-60.0,-1.8317091464996338,0.19335432350635529
1.246025198095986,40.53871573574076,-40.53871573574076,0.4300000000000068,55.5498,24.0792,-60.0,-60.0,-1.830756425857544,0.19090290367603302
1.2155041734300007,40.44027180051394,-40.44027180051394,0.45999999999997954,65.96379999999999,24.0792,-60.0,-60.0,-1.8504903316497803,0.18877898156642914
1.3445949402681319,40.3978610726333,-40.3978610726333,0.4900000000000091,47.370999999999995,24.0792,-60.0,-60.0,-1.8239281177520752,0.1927948296070099
1.5674513200745264,40.30520830979333,-40.30520830979333,0.5199999999999818,46.608999999999995,24.0792,-60.0,-60.0,-1.8175811767578125,0.19342544674873352
1.6925557163116747,40.188071842166984,-40.188071842166984,0.5600000000000023,46.355,24.0792,-60.0,-60.0,-1.813063144683838,0.19382968544960022
1.8240628262445133,40.09171678202972,-40.09171678202972,0.6000000000000227,53.111399999999996,24.0792,-60.0,-60.0,-1.8116240501403809,0.19259142875671387
1.7921447670623656,39.985029425435435,-39.985029425435435,0.6399999999999864,53.035199999999996,24.0792,-60.0,-60.0,-1.8105652332305908,0.19274425506591797
1.7510383237955136,39.87880768185826,-39.87880768185826,0.6800000000000068,45.2374,24.0792,-60.0,-60.0,-1.806243896484375,0.19466519355773926
1.6843690448890654,39.8065919365292,-39.8065919365292,0.7200000000000273,51.892199999999995,24.0792,-60.0,-60.0,-1.8094208240509033,0.19311438500881195
1.4533482285950328,39.732429958506216,-39.732429958506216,0.7599999999999909,53.213,24.0792,-60.0,-60.0,-1.8131277561187744,0.19282108545303345
1.3247402101857073,39.66963595300313,-39.66963595300313,0.7900000000000205,41.1988,24.0792,-60.0,-60.0,-1.8092026710510254,0.19552844762802124
1.3959682800191913,39.59127643641217,-39.59127643641217,0.8199999999999932,45.7962,24.0792,-60.0,-60.0,-1.8087878227233887,0.19449524581432343
1.489518491536154,39.49160007272756,-39.49160007272756,0.8500000000000227,50.1142,24.0792,-60.0,-60.0,-1.807729959487915,0.1936628371477127
1.653153050641935,39.402047218395275,-39.402047218395275,0.8799999999999955,40.8178,24.0792,-60.0,-60.0,-1.797959327697754,0.19651910662651062
1.7426165792438941,39.30286946219282,-39.30286946219282,0.9200000000000159,51.2318,24.0792,-60.0,-60.0,-1.800044059753418,0.1941259503364563
1.8790039802522385,39.197382399689346,-39.197382399689346,0.9599999999999795,42.5196,24.0792,-60.0,-60.0,-1.7908048629760742,0.1967395842075348
2.047927408350619,39.095496602626525,-39.095496602626525,0.9900000000000091,46.1772,24.0792,-60.0,-60.0,-1.7877256870269775,0.19616377353668213
2.0731245759430865,38.94663816285672,-38.94663816285672,0.029999999999972715,45.0342,13.7668,-60.0,-60.0,-1.6895520687103271,0.19828800857067108
2.0047136037985704,38.88030296973491,-38.88030296973491,0.060000000000002274,51.943,13.7668,-60.0,-60.0,-1.6981542110443115,0.1954304426908493
1.9773947051321648,38.774480939185224,-38.774480939185224,0.08999999999997499,42.8244,13.7668,-60.0,-60.0,-1.682910442352295,0.1995057612657547
1.8699945718903142,38.67269352097343,-38.67269352097343,0.12000000000000455,48.4124,13.7668,-60.0,-60.0,-1.6953110694885254,0.19678647816181183
1.8396092210550594,38.601165872868386,-38.601165872868386,0.14999999999997726,48.1584,24.0792,-60.0,-60.0,-1.8061447143554688,0.19556619226932526
1.9565516639566485,38.487336417575726,-38.487336417575726,0.18000000000000682,48.5394,24.0792,-60.0,-60.0,-1.802988052368164,0.1958058923482895
1.9632638865765626,38.40919772258611,-38.40919772258611,0.20999999999997954,53.5178,24.0792,-60.0,-60.0,-1.8110685348510742,0.1949244737625122
2.115510519664583,38.27913190910641,-38.27913190910641,0.2400000000000091,61.163199999999996,24.0792,-60.0,-60.0,-1.8163957595825195,0.19345976412296295
2.1671358202036175,38.15339423188877,-38.15339423188877,0.2699999999999818,41.3258,24.0792,-60.0,-60.0,-1.784071445465088,0.19873502850532532
2.1350543717389967,38.046808754718555,-38.046808754718555,0.30000000000001137,43.992799999999995,24.0792,-60.0,-60.0,-1.7845511436462402,0.19815824925899506
2.21398994615933,37.906760394999445,-37.906760394999445,0.339999999999975,50.8762,24.0792,-60.0,-60.0,-1.7949938774108887,0.1964544653892517
2.1855599653876427,37.77865468916762,-37.77865468916762,0.37000000000000455,48.387,24.0792,-60.0,-60.0,-1.7890257835388184,0.19736766815185547
2.2949769907967417,37.63474095418862,-37.63474095418862,0.39999999999997726,47.294799999999995,24.0792,-60.0,-60.0,-1.7826204299926758,0.19808900356292725
2.3278165244266473,37.49106812632439,-37.49106812632439,0.4300000000000068,41.528999999999996,24.0792,-60.0,-60.0,-1.7698228359222412,0.20009881258010864
2.4552757195287294,37.37228859418403,-37.37228859418403,0.45999999999997954,49.0982,24.0792,-60.0,-60.0,-1.7795543670654297,0.19821694493293762
2.67241750100114,37.205265475801795,-37.205265475801795,0.4900000000000091,44.7802,24.0792,-60.0,-60.0,-1.7634937763214111,0.20011869072914124
2.927876472537533,37.04904828644276,-37.04904828644276,0.5299999999999727,51.4096,24.0792,-60.0,-60.0,-1.7652783393859863,0.1986861526966095
3.007713384887769,36.853227576555966,-36.853227576555966,0.5699999999999932,47.370999999999995,24.0792,-60.0,-60.0,-1.7565088272094727,0.2004137635231018
3.094944469216993,36.707802552356696,-36.707802552356696,0.6000000000000227,49.504599999999996,24.0792,-60.0,-60.0,-1.753678560256958,0.20008936524391174
3.1386134231019183,36.52322665978903,-36.52322665978903,0.6299999999999955,49.352199999999996,24.0792,-60.0,-60.0,-1.7491989135742188,0.2004949301481247
3.190741024541321,36.34339777414405,-36.34339777414405,0.660000000000025,42.2402,24.0792,-60.0,-60.0,-1.7349309921264648,0.20314854383468628
3.317364804821613,36.16864688860858,-36.16864688860858,0.6899999999999977,39.700199999999995,24.0792,-60.0,-60.0,-1.7241392135620117,0.204450324177742
3.38122266841454,35.955290986453605,-35.955290986453605,0.7200000000000273,45.8216,24.0792,-60.0,-60.0,-1.7303757667541504,0.20292676985263824
3.5107922814825234,35.75708926916917,-35.75708926916917,0.7599999999999909,44.678599999999996,24.0792,-60.0,-60.0,-1.7223472595214844,0.2038346379995346
3.5727451789081184,35.535422699970326,-35.535422699970326,0.7900000000000205,42.7482,24.0792,-60.0,-60.0,-1.7151954174041748,0.2049412727355957
3.6780751852535642,35.33622233401041,-35.33622233401041,0.8199999999999932,56.3626,24.0792,-60.0,-60.0,-1.7198503017425537,0.20139040052890778
3.895935711578565,35.11298233743514,-35.11298233743514,0.8500000000000227,45.8216,24.0792,-60.0,-60.0,-1.7009365558624268,0.20508332550525665
4.063245804162756,34.88278396617413,-34.88278396617413,0.8799999999999955,51.9938,24.0792,-60.0,-60.0,-1.6964292526245117,0.2036394327878952
4.1364956194080795,34.634577693630945,-34.634577693630945,0.910000000000025,45.7708,24.0792,-60.0,-60.0,-1.6849761009216309,0.20625510811805725
4.21670885203862,34.416225726826376,-34.416225726826376,0.9399999999999977,63.5,24.0792,-60.0,-60.0,-1.7122888565063477,0.20043928921222687
4.326564663616114,34.170333934689864,-34.170333934689864,0.9700000000000273,55.0926,24.0792,-60.0,-60.0,-1.6830768585205078,0.20359548926353455
-6.765006767316014,-1.373785189015476,1.373785189015476,1.0,51.511199999999995,24.0792,-60.0,-60.0,-0.49717235565185547,0.22751809656620026
5.027063683653302,33.52271122648644,-33.52271122648644,0.029999999999972715,50.1142,24.0792,-60.0,-60.0,-1.6702101230621338,0.20707789063453674
5.151518062849911,33.27180044832566,-33.27180044832566,0.060000000000002274,53.8226,24.0792,-60.0,-60.0,-1.6709647178649902,0.20580081641674042
5.151225698504544,33.00001730864776,-33.00001730864776,0.08999999999997499,50.8,24.0792,-60.0,-60.0,-1.6590499877929688,0.2075183093547821
4.933750125834144,32.785528957908596,-32.785528957908596,0.12000000000000455,54.102,13.7668,-60.0,-60.0,-1.5098114013671875,0.20754216611385345
4.768061549783041,32.57292877755867,-32.57292877755867,0.14999999999997726,55.9308,24.0792,-60.0,-60.0,-1.6725163459777832,0.2049858570098877
4.917717430188496,32.304874297616294,-32.304874297616294,0.18000000000000682,52.705,24.0792,-60.0,-60.0,-1.6562626361846924,0.2069927304983139
4.9780993069943085,32.08715520326207,-32.08715520326207,0.20999999999997954,49.911,24.0792,-60.0,-60.0,-1.6436777114868164,0.20865097641944885
5.12806958933846,31.825088991109237,-31.825088991109237,0.2400000000000091,48.285399999999996,13.7668,-60.0,-60.0,-1.4723989963531494,0.2124236524105072
5.24003354547148,31.526213832451965,-31.526213832451965,0.2699999999999818,47.675799999999995,13.7668,-60.0,-60.0,-1.4590857028961182,0.21334916353225708
5.399987375809292,31.192876161479823,-31.192876161479823,0.30000000000001137,48.006,24.0792,-60.0,-60.0,-1.6108033657073975,0.21113410592079163
5.545257777279267,30.86638681405564,-30.86638681405564,0.3299999999999841,46.0502,24.0792,-60.0,-60.0,-1.5952446460723877,0.21267366409301758
5.569842163350156,30.540046192375563,-30.540046192375563,0.36000000000001364,58.3946,24.0792,-60.0,-60.0,-1.6206371784210205,0.20713156461715698
5.633424989207459,30.216155191111625,-30.216155191111625,0.38999999999998636,53.9242,24.0792,-60.0,-60.0,-1.5999424457550049,0.2095910608768463
5.786456832064088,29.889451665261102,-29.889451665261102,0.4200000000000159,49.8602,24.0792,-60.0,-60.0,-1.5779173374176025,0.21216848492622375
5.995501017959159,29.533227378337127,-29.533227378337127,0.44999999999998863,54.432199999999995,24.0792,-60.0,-60.0,-1.577104091644287,0.2105853110551834
6.182012501656247,29.23208659658055,-29.23208659658055,0.4800000000000182,45.1612,24.0792,-60.0,-60.0,-1.5393259525299072,0.21586871147155762
6.416305459053577,28.869063523146544,-28.869063523146544,0.5099999999999909,54.0258,24.0792,-60.0,-60.0,-1.5496864318847656,0.21211114525794983
6.611298207874661,28.50545127379477,-28.50545127379477,0.5400000000000205,44.577,24.0792,-60.0,-60.0,-1.508396863937378,0.21764278411865234
6.761787458041167,28.140649031513004,-28.140649031513004,0.5699999999999932,58.9788,24.0792,-60.0,-60.0,-1.5371191501617432,0.2109411060810089
6.920606561588074,27.77288434820384,-27.77288434820384,0.6000000000000227,47.0154,24.0792,-60.0,-60.0,-1.4882597923278809,0.21766674518585205
7.109156042399343,27.36339642833003,-27.36339642833003,0.6299999999999955,53.035199999999996,24.0792,-60.0,-60.0,-1.4904375076293945,0.21528886258602142
7.297550879485719,26.939081704143945,-26.939081704143945,0.660000000000025,56.718199999999996,24.0792,-60.0,-60.0,-1.489759922027588,0.21405161917209625
7.464983024433846,26.52340088108577,-26.52340088108577,0.6899999999999977,52.6796,24.0792,-60.0,-60.0,-1.4566328525543213,0.21695177257061005
7.612539418649822,26.087092832952397,-26.087092832952397,0.7200000000000273,42.5196,24.0792,-60.0,-60.0,-1.4078104496002197,0.22311623394489288
7.780885559504025,25.660948229254828,-25.660948229254828,0.75,52.3748,24.0792,-60.0,-60.0,-1.4291191101074219,0.21839380264282227
7.62082090396213,25.244948444221702,-25.244948444221702,0.7799999999999727,50.977799999999995,34.417,-60.0,-60.0,-1.6044070720672607,0.21649371087551117
7.355598312802036,24.91643481040804,-24.91643481040804,0.8100000000000023,44.602399999999996,34.417,-60.0,-60.0,-1.596766471862793,0.21947169303894043
7.076242052200148,24.559134870182344,-24.559134870182344,0.839999999999975,49.352199999999996,24.0792,-60.0,-60.0,-1.400780200958252,0.22026485204696655
6.993501025729606,24.194313532976167,-24.194313532976167,0.8700000000000045,47.9298,24.0792,-60.0,-60.0,-1.3853120803833008,0.22135762870311737
7.330606716695552,23.803321525336944,-23.803321525336944,0.910000000000025,53.8226,24.0792,-60.0,-60.0,-1.4002060890197754,0.21873782575130463
7.450320400330223,23.37144501402865,-23.37144501402865,0.9399999999999977,48.818799999999996,24.0792,-60.0,-60.0,-1.3579809665679932,0.22229933738708496
7.5559503771436125,22.96570957838723,-22.96570957838723,0.9700000000000273,42.2656,24.0792,-60.0,-60.0,-1.307677984237671,0.22688144445419312
7.361280464344972,22.57988355598254,-22.57988355598254,0.009999999999990905,45.0088,24.0792,-60.0,-60.0,-1.3333275318145752,0.22475317120552063
7.034730065434447,22.24266644763245,-22.24266644763245,0.040000000000020464,55.372,24.0792,-60.0,-60.0,-1.3845634460449219,0.2186463624238968
6.8121816715036925,21.903023398556336,-21.903023398556336,0.06999999999999318,39.9796,13.7668,-60.0,-60.0,-1.0869786739349365,0.23095980286598206
6.652360480875844,21.556557481144036,-21.556557481144036,0.10000000000002274,65.151,24.0792,-60.0,-60.0,-1.400050163269043,0.21637074649333954
6.704056606893313,21.20729386580005,-21.20729386580005,0.12999999999999545,42.1132,24.0792,-60.0,-60.0,-1.2881371974945068,0.22704221308231354
6.791432390991577,20.83776113908854,-20.83776113908854,0.160000000000025,54.61,24.0792,-60.0,-60.0,-1.330132007598877,0.22067312896251678
6.856754579797226,20.482167419645886,-20.482167419645886,0.18999999999999773,47.498,24.0792,-60.0,-60.0,-1.291456699371338,0.22468549013137817
6.896729444423489,20.106811373876422,-20.106811373876422,0.22000000000002728,46.3804,24.0792,-60.0,-60.0,-1.2711358070373535,0.22582659125328064
6.910788768848839,19.750230262867554,-19.750230262867554,0.25,50.7238,24.0792,-60.0,-60.0,-1.2686080932617188,0.22425279021263123
6.9876354572562205,19.362211745236753,-19.362211745236753,0.2799999999999727,35.636199999999995,24.0792,-60.0,-60.0,-1.180802345275879,0.23350533843040466
7.127729758975112,18.949881961995047,-18.949881961995047,0.3100000000000023,45.1612,24.0792,-60.0,-60.0,-1.2069916725158691,0.22829051315784454
7.30097267561597,18.5602571124011,-18.5602571124011,0.339999999999975,50.0634,24.0792,-60.0,-60.0,-1.1941263675689697,0.22678613662719727
7.522059352005934,18.133299000873016,-18.133299000873016,0.37000000000000455,54.127399999999994,34.417,-60.0,-60.0,-1.368114709854126,0.22140005230903625
7.656028114684838,17.713649382338247,-17.713649382338247,0.39999999999997726,49.8856,34.417,-60.0,-60.0,-1.3372201919555664,0.22380231320858002
7.731865960110535,17.289438487423183,-17.289438487423183,0.4300000000000068,48.513999999999996,34.417,-60.0,-60.0,-1.3118000030517578,0.22470231354236603
7.767401649127252,16.872840925471127,-16.872840925471127,0.45999999999997954,50.4698,24.0792,-60.0,-60.0,-1.0886201858520508,0.22967565059661865
7.8636129753633695,16.441826882697278,-16.441826882697278,0.4900000000000091,55.0164,24.0792,-60.0,-60.0,-1.073169231414795,0.22825606167316437
8.094217825834681,15.997260341895451,-15.997260341895451,0.5199999999999818,59.5376,24.0792,-60.0,-60.0,-1.052504062652588,0.22709405422210693
8.393528677716992,15.506497434405553,-15.506497434405553,0.5600000000000023,47.7266,34.417,-60.0,-60.0,-1.2119560241699219,0.2277398556470871
8.595708667247582,15.02965799741818,-15.02965799741818,0.589999999999975,45.1104,34.417,-60.0,-60.0,-1.1861226558685303,0.22917066514492035
8.703668453493915,14.567920753093022,-14.567920753093022,0.6200000000000045,53.3146,34.417,-60.0,-60.0,-1.1524415016174316,0.2278849482536316
8.785324887428756,14.083351330826986,-14.083351330826986,0.6499999999999773,48.4886,34.417,-60.0,-60.0,-1.1302447319030762,0.22965110838413239
8.913035144839661,13.589756236936893,-13.589756236936893,0.6800000000000068,41.1988,34.417,-60.0,-60.0,-1.106881856918335,0.23208333551883698
9.094173798078625,13.088912749789774,-13.088912749789774,0.7099999999999795,47.0154,34.417,-60.0,-60.0,-1.0703685283660889,0.23148559033870697
9.291090440284465,12.578472147064765,-12.578472147064765,0.7400000000000091,48.590199999999996,34.417,-60.0,-60.0,-1.0342044830322266,0.2318873107433319
9.43100358124603,12.055848880163497,-12.055848880163497,0.7799999999999727,46.228,34.417,-60.0,-60.0,-1.000239610671997,0.23312626779079437
9.625304450935873,11.51476293255784,-11.51476293255784,0.8100000000000023,56.032399999999996,34.417,-60.0,-60.0,-0.9577631950378418,0.2317899614572525
9.764199718488896,10.979323638370833,-10.979323638370833,0.8500000000000227,43.383199999999995,34.417,-60.0,-60.0,-0.927238941192627,0.23530402779579163
9.932551294141422,10.43335328939792,-10.43335328939792,0.8799999999999955,45.2628,34.417,-60.0,-60.0,-0.8879351615905762,0.23585274815559387
10.121754098946646,9.87412220073321,-9.87412220073321,0.910000000000025,52.7812,34.417,-60.0,-60.0,-0.8441839218139648,0.23538728058338165
10.278377967936994,9.31053828248957,-9.31053828248957,0.9499999999999886,57.734199999999994,34.417,-60.0,-60.0,-0.7982349395751953,0.23448939621448517
10.44624917010518,8.73897735464036,-8.73897735464036,0.9800000000000182,51.663599999999995,34.417,-60.0,-60.0,-0.7652726173400879,0.23792700469493866
10.516811749585743,8.163112799600881,-8.163112799600881,0.009999999999990905,54.229,34.417,-60.0,-60.0,-0.7229423522949219,0.23680615425109863
10.491964623320207,7.5398780699068375,-7.5398780699068375,0.040000000000020464,53.3146,34.417,-60.0,-60.0,-0.6874666213989258,0.23773793876171112
10.458277858756254,6.975436164669792,-6.975436164669792,0.06999999999999318,55.3212,34.417,-60.0,-60.0,-0.6509642601013184,0.23727619647979736
10.563645674612859,6.472536931702717,-6.472536931702717,0.10000000000002274,58.6232,34.417,-60.0,-60.0,-0.6132626533508301,0.23616105318069458
11.0199458281544,5.834443527534937,-5.834443527534937,0.12999999999999545,44.297599999999996,34.417,-60.0,-60.0,-0.579615592956543,0.24393080174922943
11.397590865900776,5.190072078293847,-5.190072078293847,0.160000000000025,52.451,34.417,-60.0,-60.0,-0.5153641700744629,0.24150215089321136
11.592205869901195,4.559411555159084,-4.559411555159084,0.18999999999999773,54.965599999999995,44.7294,-60.0,-60.0,-0.7455320358276367,0.23559065163135529
11.584116434023334,3.945650994315129,-3.945650994315129,0.22000000000002728,41.7576,41.7576,-60.0,-60.0,-0.6414241790771484,0.24256631731987
11.425336952287852,3.350395883349988,-3.350395883349988,0.25,60.0456,44.7294,-60.0,-60.0,-0.6608314514160156,0.23451419174671173
10.58854857058238,2.8799649741099844,-2.8799649741099844,0.2799999999999727,52.806599999999996,44.7294,-60.0,-60.0,-0.6683459281921387,0.2367270141839981
9.60653209673281,2.4954921341125598,-2.4954921341125598,0.3100000000000023,51.0794,44.7294,-60.0,-60.0,-0.6737298965454102,0.23599322140216827
8.478307582594837,2.168213402141025,-2.168213402141025,0.339999999999975,72.18679999999999,44.7294,-60.0,-60.0,-0.6717195510864258,0.22770123183727264
6.268376737288175,2.1453339703057503,-2.1453339703057503,0.37000000000000455,55.7022,44.7294,-60.0,-60.0,-0.7495875358581543,0.22943449020385742
4.869781945784209,2.127382653322855,-2.127382653322855,0.39999999999997726,57.8612,44.7294,-60.0,-60.0,-0.7964043617248535,0.2262543886899948
3.91515583137511,2.109696434638039,-2.109696434638039,0.4300000000000068,71.04379999999999,44.7294,-60.0,-60.0,-0.8296294212341309,0.2239418625831604
-6.765006767316014,-1.373785189015476,1.373785189015476,1.4599999999999795,52.0954,34.417,-60.0,-60.0,-0.7415351867675781,0.22122079133987427
-6.765006767316014,-1.373785189015476,1.373785189015476,2.490000000000009,62.23,34.417,-60.0,-60.0,-0.7433934211730957,0.22170212864875793
-6.765006767316014,-1.373785189015476,1.373785189015476,3.519999999999982,48.666399999999996,34.417,-60.0,-60.0,-0.7325801849365234,0.2243509143590927
-6.765006767316014,-1.373785189015476,1.373785189015476,4.550000000000011,52.730399999999996,34.417,-60.0,-60.0,-0.7355742454528809,0.22493332624435425
-6.765006767316014,-1.373785189015476,1.373785189015476,5.579999999999984,58.2422,44.7294,-60.0,-60.0,-0.9677114486694336,0.22064803540706635
-6.765006767316014,-1.373785189015476,1.373785189015476,6.610000000000014,55.575199999999995,44.7294,-60.0,-60.0,-0.9614591598510742,0.22239243984222412
-6.765006767316014,-1.373785189015476,1.373785189015476,7.639999999999986,52.425599999999996,44.7294,-60.0,-60.0,-0.9573469161987305,0.22410652041435242
-6.765006767316014,-1.373785189015476,1.373785189015476,8.670000000000016,52.4002,44.7294,-60.0,-60.0,-0.9696869850158691,0.22490262985229492
-6.765006767316014,-1.373785189015476,1.373785189015476,9.699999999999989,73.8886,34.417,-60.0,-60.0,-0.779716968536377,0.22807037830352783
