-55.57698270977202,36.806591047961824,-36.806591047961824,0.5700000000000003,0.0,0.0,-60.0,-60.0,-2.5004968643188477,0.16796904802322388
-21.306250204314463,35.4771005109782,-35.4771005109782,0.8699999999999992,0.0,0.0,-60.0,-60.0,-1.9308459758758545,0.1982302963733673
-10.125992053269515,34.934729124188834,-34.934729124188834,0.8800000000000008,0.0,0.0,-60.0,-60.0,-1.6503214836120605,0.21796777844429016
-4.691072239755928,34.55334252206507,-34.55334252206507,0.8900000000000006,3.4543999999999997,3.4543999999999997,-60.0,-60.0,-1.5585417747497559,0.223043292760849
4.56328420420752,33.59257950842023,-33.59257950842023,0.9000000000000004,13.7668,3.4543999999999997,-60.0,-60.0,-1.3229942321777344,0.22918133437633514
4.179008330429437,33.45731974705476,-33.45731974705476,0.9199999999999999,24.0792,13.7668,-60.0,-60.0,-1.499715805053711,0.21870039403438568
3.8422437946389723,33.32490560744716,-33.32490560744716,0.9299999999999997,34.417,13.7668,-60.0,-60.0,-1.5198419094085693,0.21424779295921326
3.6370968646194064,33.1885991391537,-33.1885991391537,0.9399999999999995,43.815,13.7668,-60.0,-60.0,-1.5271620750427246,0.2103760540485382
3.4732641975664214,33.017886942853806,-33.017886942853806,0.9600000000000009,55.041799999999995,24.0792,-60.0,-60.0,-1.6895499229431152,0.2038630098104477
3.1906234935873643,32.87438235320268,-32.87438235320268,0.9899999999999984,48.0822,24.0792,-60.0,-60.0,-1.676046371459961,0.2065572738647461
2.9881373621236964,32.72613218585439,-32.72613218585439,0.010000000000001563,45.7962,13.7668,-60.0,-60.0,-1.56089186668396,0.20842792093753815
2.8863073699964765,32.58438430237014,-32.58438430237014,0.030000000000001137,44.2722,13.7668,-60.0,-60.0,-1.558405876159668,0.20909099280834198
2.792633517132238,32.41906947252301,-32.41906947252301,0.05999999999999872,58.496199999999995,13.7668,-60.0,-60.0,-1.5707955360412598,0.2039385288953781
2.770697662870619,32.2687565916977,-32.2687565916977,0.08999999999999986,50.368199999999995,13.7668,-60.0,-60.0,-1.554279088973999,0.20688162744045258
2.806806113688945,32.12307863563493,-32.12307863563493,0.120000000000001,51.587399999999995,24.0792,-60.0,-60.0,-1.702092170715332,0.20474734902381897
2.952040405595504,31.986832204047538,-31.986832204047538,0.14999999999999858,47.8536,24.0792,-60.0,-60.0,-1.686701774597168,0.20685136318206787
3.1860397654248227,31.80516689033111,-31.80516689033111,0.17999999999999972,48.8696,24.0792,-60.0,-60.0,-1.679948329925537,0.20688673853874207
3.2699507230089138,31.640280241518372,-31.640280241518372,0.21000000000000085,48.2346,24.0792,-60.0,-60.0,-1.6729154586791992,0.2074832171201706
3.3408645265707544,31.46526996737261,-31.46526996737261,0.23999999999999844,46.3042,13.7668,-60.0,-60.0,-1.5097408294677734,0.2109508514404297
3.3862158011610024,31.261440615766798,-31.261440615766798,0.2699999999999996,66.9036,24.0792,-60.0,-60.0,-1.7178308963775635,0.20141321420669556
3.4054829358892937,31.073442395402296,-31.073442395402296,0.3000000000000007,51.8414,24.0792,-60.0,-60.0,-1.6668744087219238,0.20655588805675507
3.4848929384825906,30.879548090776634,-30.879548090776634,0.3299999999999983,47.6504,24.0792,-60.0,-60.0,-1.6501095294952393,0.2088811844587326
3.568399938714176,30.655947791283822,-30.655947791283822,0.35999999999999943,48.9204,24.0792,-60.0,-60.0,-1.6465532779693604,0.20862391591072083
3.6452576022860517,30.43536496506666,-30.43536496506666,0.39000000000000057,51.968399999999995,24.0792,-60.0,-60.0,-1.6477971076965332,0.20750293135643005
3.7811500224538213,30.235485411768213,-30.235485411768213,0.4299999999999997,42.5196,24.0792,-60.0,-60.0,-1.6147966384887695,0.2125421166419983
3.8930019031893517,29.99594646595206,-29.99594646595206,0.46000000000000085,53.467,24.0792,-60.0,-60.0,-1.6357543468475342,0.20760375261306763
4.014326974427839,29.799941923542573,-29.799941923542573,0.490000000000002,48.7172,24.0792,-60.0,-60.0,-1.6155827045440674,0.2102857232093811
4.245905189085538,29.53839023829194,-29.53839023829194,0.5200000000000031,61.8236,24.0792,-60.0,-60.0,-1.6458134651184082,0.2063133865594864
4.397772240163433,29.321081187375462,-29.321081187375462,0.5499999999999972,51.206399999999995,24.0792,-60.0,-60.0,-1.601639986038208,0.2101345658302307
4.583890296765434,29.064440568004983,-29.064440568004983,0.5900000000000034,59.5376,24.0792,-60.0,-60.0,-1.6174805164337158,0.20763787627220154
4.737601678215459,28.805037636731456,-28.805037636731456,0.6199999999999974,49.9872,24.0792,-60.0,-60.0,-1.5771369934082031,0.21179081499576569
4.825146262678682,28.531912861000006,-28.531912861000006,0.6499999999999986,48.437799999999996,24.0792,-60.0,-60.0,-1.5637705326080322,0.2129928022623062
4.940917113578276,28.249983926287026,-28.249983926287026,0.6799999999999997,56.0578,24.0792,-60.0,-60.0,-1.5754265785217285,0.2097022384405136
5.013784216487137,27.974148599780733,-27.974148599780733,0.7100000000000009,70.104,24.0792,-60.0,-60.0,-1.6357004642486572,0.20536509156227112
5.11649090436092,27.69522073181978,-27.69522073181978,0.740000000000002,48.742599999999996,24.0792,-60.0,-60.0,-1.535581350326538,0.21419985592365265
5.275280771033759,27.39510262724025,-27.39510262724025,0.7700000000000031,52.3748,24.0792,-60.0,-60.0,-1.5342226028442383,0.2129366546869278
5.428439514756524,27.08206414526587,-27.08206414526587,0.7999999999999972,54.3306,24.0792,-60.0,-60.0,-1.5276825428009033,0.21252849698066711
5.554250878663395,26.774479513749878,-26.774479513749878,0.8400000000000034,59.6138,24.0792,-60.0,-60.0,-1.5362355709075928,0.21098639070987701
5.698920009822386,26.463459290257205,-26.463459290257205,0.8699999999999974,51.815999999999995,24.0792,-60.0,-60.0,-1.495694875717163,0.21488916873931885
5.825489540646482,26.140164086039256,-26.140164086039256,0.8999999999999986,53.1622,24.0792,-60.0,-60.0,-1.4872665405273438,0.21475647389888763
6.011359510555624,25.80780694974056,-25.80780694974056,0.9299999999999997,58.419999999999995,24.0792,-60.0,-60.0,-1.4978852272033691,0.21262110769748688
6.353079489927144,25.424944429974836,-25.424944429974836,0.9600000000000009,57.810399999999994,24.0792,-60.0,-60.0,-1.4788098335266113,0.2136896699666977
6.851815358355701,25.00110806235325,-25.00110806235325,0.0,43.306999999999995,13.7668,-60.0,-60.0,-1.2123119831085205,0.2256065011024475
7.413688533525271,24.555235476203325,-24.555235476203325,0.030000000000001137,64.28739999999999,13.7668,-60.0,-60.0,-1.282012701034546,0.2151290476322174
7.830356532226096,24.09438871646491,-24.09438871646491,0.060000000000002274,44.983399999999996,13.7668,-60.0,-60.0,-1.164565086364746,0.2270890325307846
8.104459474274385,23.630035882427123,-23.630035882427123,0.09000000000000341,51.739799999999995,13.7668,-60.0,-60.0,-1.1837759017944336,0.22363601624965668
8.30086069388619,23.17377146782549,-23.17377146782549,0.11999999999999744,51.892199999999995,24.0792,-60.0,-60.0,-1.3660526275634766,0.22140225768089294
8.538115964363792,22.693637428761605,-22.693637428761605,0.1599999999999966,43.306999999999995,24.0792,-60.0,-60.0,-1.2974083423614502,0.22750912606716156
9.005524790519825,22.151976213766318,-22.151976213766318,0.18999999999999773,57.0738,24.0792,-60.0,-60.0,-1.3312652111053467,0.2211391031742096
9.544377427538915,21.60055155299838,-21.60055155299838,0.21999999999999886,61.5442,24.0792,-60.0,-60.0,-1.3054308891296387,0.22077815234661102
10.134093164098369,21.016665079712798,-21.016665079712798,0.25,49.022,24.0792,-60.0,-60.0,-1.23209810256958,0.228378564119339
10.651634270187152,20.408883058978113,-20.408883058978113,0.28000000000000114,51.7144,24.0792,-60.0,-60.0,-1.1973624229431152,0.2288830578327179
11.013016770879483,19.74033268290504,-19.74033268290504,0.3100000000000023,54.660799999999995,24.0792,-60.0,-60.0,-1.160200595855713,0.22896677255630493
11.294881894914328,19.107541967192883,-19.107541967192883,0.3400000000000034,44.0944,24.0792,-60.0,-60.0,-1.109602928161621,0.23505724966526031
11.79257462136701,18.420418497302187,-18.420418497302187,0.36999999999999744,51.6382,24.0792,-60.0,-60.0,-1.0624918937683105,0.233456552028656
12.310660016643952,17.69979898811706,-17.69979898811706,0.4000000000000057,49.8348,34.417,-60.0,-60.0,-1.241422176361084,0.23031693696975708
12.797162458633656,16.96461517034824,-16.96461517034824,0.4399999999999977,46.2534,34.417,-60.0,-60.0,-1.1908636093139648,0.23356181383132935
13.119465298348038,16.2199684621103,-16.2199684621103,0.46999999999999886,55.2196,34.417,-60.0,-60.0,-1.140812873840332,0.2311989963054657
13.272977624006444,15.494992300965457,-15.494992300965457,0.5100000000000051,41.5798,34.417,-60.0,-60.0,-1.097785234451294,0.23702357709407806
13.461182115534852,14.751181585626373,-14.751181585626373,0.5400000000000063,56.5912,34.417,-60.0,-60.0,-1.038217544555664,0.23294541239738464
13.729667361542797,13.980994550331937,-13.980994550331937,0.5699999999999932,54.5592,34.417,-60.0,-60.0,-0.9867677688598633,0.23508058488368988
14.032498468960686,13.198427439169212,-13.198427439169212,0.5999999999999943,59.9694,34.417,-60.0,-60.0,-0.9234910011291504,0.23406773805618286
14.344712751056946,12.392944411447244,-12.392944411447244,0.6299999999999955,58.0644,34.417,-60.0,-60.0,-0.8661813735961914,0.23607322573661804
14.689158954669068,11.543421337213356,-11.543421337213356,0.6700000000000017,65.786,34.417,-60.0,-60.0,-0.8017454147338867,0.2336750328540802
15.003378193718083,10.698029967021311,-10.698029967021311,0.7000000000000028,48.7934,34.417,-60.0,-60.0,-0.7527227401733398,0.24321052432060242
15.251676984846107,9.844385415486206,-9.844385415486206,0.730000000000004,64.05879999999999,34.417,-60.0,-60.0,-0.6737442016601562,0.23686330020427704
15.463256610523548,8.968298769587138,-8.968298769587138,0.7600000000000051,55.3212,44.7294,-60.0,-60.0,-0.9097795486450195,0.23618540167808533
15.627945734900218,8.093787939702064,-8.093787939702064,0.7999999999999972,41.147999999999996,41.147999999999996,-60.0,-60.0,-0.7642011642456055,0.24495284259319305
15.498569291876136,7.197879215943735,-7.197879215943735,0.8299999999999983,62.8142,44.7294,-60.0,-60.0,-0.7816586494445801,0.23492349684238434
15.762509697028017,6.399023385097211,-6.399023385097211,0.8599999999999994,49.6824,44.7294,-60.0,-60.0,-0.7456498146057129,0.24215008318424225
16.09228776611386,5.451258773634693,-5.451258773634693,0.8900000000000006,50.3174,44.7294,-60.0,-60.0,-0.6723160743713379,0.24346300959587097
16.619766498801074,4.542579081334285,-4.542579081334285,0.9200000000000017,48.8442,44.7294,-60.0,-60.0,-0.598045825958252,0.24604927003383636
17.144362178485647,3.5704162784656193,-3.5704162784656193,0.9500000000000028,51.181,44.7294,-60.0,-60.0,-0.5121951103210449,0.24694307148456573
16.46935378626727,2.765207258125838,-2.765207258125838,0.9899999999999949,51.1048,44.7294,-60.0,-60.0,-0.48227882385253906,0.24702417850494385
16.22739632748991,1.9144256696319362,-1.9144256696319362,0.01999999999999602,53.9496,34.417,-60.0,-60.0,-0.1766972541809082,0.2501832842826843
15.206556226654085,1.1984016990845745,-1.1984016990845745,0.04999999999999716,54.3052,34.417,-60.0,-60.0,-0.1669750213623047,0.24916505813598633
13.1445347505446,0.8423777077634644,-0.8423777077634644,0.0799999999999983,62.788799999999995,44.7294,-60.0,-60.0,-0.44704246520996094,0.23728998005390167
8.9052637430143,1.1796199935274125,-1.1796199935274125,0.10999999999999943,47.751999999999995,44.7294,-60.0,-60.0,-0.6145963668823242,0.23783914744853973
0.0,-0.0,0.0,1.1400000000000006,51.2572,44.7294,-60.0,-60.0,-0.8251285552978516,0.22388429939746857
8.657916274170143,-3.2125058136330376,3.2125058136330376,0.1700000000000017,51.663599999999995,44.7294,-60.0,-60.0,-0.37299633026123047,0.24144268035888672
15.563833181068365,-4.07730906529478,4.07730906529478,0.20000000000000284,60.5028,44.7294,-60.0,-60.0,-0.10933208465576172,0.24668899178504944
19.222671909262598,-5.284320169969526,5.284320169969526,0.23000000000000398,60.198,55.041799999999995,-60.0,-60.0,-0.17118549346923828,0.24925822019577026
20.342536858218192,-6.494102727833004,6.494102727833004,0.2600000000000051,58.9026,44.7294,-60.0,-60.0,0.15297317504882812,0.26002955436706543
20.937607514468773,-7.715327025648348,7.715327025648348,0.29000000000000625,46.3804,46.3804,-60.0,-60.0,0.2752265930175781,0.2740499675273895
22.423004027750157,-9.067479547195024,9.067479547195024,0.3199999999999932,52.273199999999996,52.273199999999996,-60.0,-60.0,0.269197940826416,0.2719346582889557
23.70746264102041,-10.548053523098876,10.548053523098876,0.3499999999999943,43.840399999999995,43.840399999999995,-60.0,-60.0,0.6227750778198242,0.2937237620353699
24.65389446359849,-12.076126616439675,12.076126616439675,0.37999999999999545,46.989999999999995,46.989999999999995,-60.0,-60.0,0.6622319221496582,0.2952975928783417
25.316663223595633,-13.430826854590258,13.430826854590258,0.4099999999999966,44.704,44.704,-60.0,-60.0,0.8164429664611816,0.30699020624160767
25.560674358548106,-14.986258296331252,14.986258296331252,0.4399999999999977,34.417,58.0644,-60.0,-60.0,0.7520537376403809,0.30426841974258423
25.534138800002967,-16.455069731575815,16.455069731575815,0.46999999999999886,34.417,51.4604,-60.0,-60.0,0.9644088745117188,0.3198167383670807
25.39503136141488,-17.850666604613238,17.850666604613238,0.5,34.417,53.6194,-60.0,-60.0,0.989689826965332,0.32022804021835327
24.910792229948925,-19.2358053892393,19.2358053892393,0.5300000000000011,34.417,49.7586,-60.0,-60.0,1.064809799194336,0.3306696116924286
24.50891960268096,-20.561913207153108,20.561913207153108,0.5600000000000023,34.417,48.6918,-60.0,-60.0,1.105076789855957,0.3367123603820801
24.317758173607906,-21.889676712762935,21.889676712762935,0.5900000000000034,24.0792,43.992799999999995,-60.0,-60.0,1.2114009857177734,0.3560295104980469
23.977025029058854,-23.168246513501263,23.168246513501263,0.6200000000000045,24.0792,50.546,-60.0,-60.0,1.159627914428711,0.34402990341186523
23.449434430271193,-24.392994456186933,24.392994456186933,0.6500000000000057,24.0792,40.5638,-60.0,-60.0,1.2970161437988281,0.37573379278182983
22.818604799288167,-25.600721752054167,25.600721752054167,0.6800000000000068,24.0792,61.467999999999996,-60.0,-60.0,1.0652399063110352,0.32554513216018677
22.414100913658245,-26.763189842921637,26.763189842921637,0.7099999999999937,24.0792,54.127399999999994,-60.0,-60.0,1.1748361587524414,0.3445127308368683
22.05225946481003,-27.967412133333568,27.967412133333568,0.7399999999999949,24.0792,43.5102,-60.0,-60.0,1.321537971496582,0.3803531527519226
21.720004770034112,-29.11445067918572,29.11445067918572,0.769999999999996,24.0792,45.9232,-60.0,-60.0,1.315422534942627,0.377751886844635
21.372458141243484,-30.24149180586796,30.24149180586796,0.7999999999999972,24.0792,45.0088,-60.0,-60.0,1.346285343170166,0.38645055890083313
21.078600784738192,-31.2518690153008,31.2518690153008,0.8299999999999983,24.0792,42.037,-60.0,-60.0,1.3981866836547852,0.4033723771572113
20.886404034837533,-32.376108312144915,32.376108312144915,0.8599999999999994,24.0792,50.825399999999995,-60.0,-60.0,1.3230905532836914,0.3778616487979889
20.61133626441205,-33.466371049974576,33.466371049974576,0.8900000000000006,24.0792,60.172599999999996,-60.0,-60.0,1.2378568649291992,0.35390979051589966
20.16279959435065,-34.5257933618293,34.5257933618293,0.9200000000000017,24.0792,52.9844,-60.0,-60.0,1.3355884552001953,0.3803817927837372
19.576457582253774,-35.503457863942714,35.503457863942714,0.9399999999999977,24.0792,56.8452,-60.0,-60.0,1.3023877143859863,0.36983931064605713
19.07068739460255,-36.50982102910137,36.50982102910137,0.9699999999999989,24.0792,61.010799999999996,-60.0,-60.0,1.2683734893798828,0.3598404824733734
18.731584806493164,-37.48017438730896,37.48017438730896,1.0,24.0792,53.492399999999996,-60.0,-60.0,1.3688130378723145,0.38961952924728394
18.79827900503781,-38.55275587815159,38.55275587815159,0.030000000000001137,13.7668,42.545,-60.0,-60.0,1.527491569519043,0.44293904304504395
18.732853650806902,-39.50530713438258,39.50530713438258,0.060000000000002274,3.4543999999999997,44.221399999999996,-60.0,-60.0,1.5429258346557617,0.4407821297645569
18.13930839396703,-40.40149702645906,40.40149702645906,0.09000000000000341,3.4543999999999997,47.447199999999995,-60.0,-60.0,1.5122413635253906,0.4288906157016754
16.874358918027905,-41.110117715877315,41.110117715877315,0.12000000000000455,3.4543999999999997,49.2252,-60.0,-60.0,1.4766921997070312,0.4163045287132263
15.621713143865827,-41.819673160369,41.819673160369,0.14000000000000057,3.4543999999999997,43.611799999999995,-60.0,-60.0,1.527130126953125,0.4365774095058441
15.539943678321807,-42.672199665963156,42.672199665963156,0.1599999999999966,13.7668,56.946799999999996,-60.0,-60.0,1.3938093185424805,0.38785886764526367
16.451450857994967,-43.68426380570152,43.68426380570152,0.18999999999999773,13.7668,44.373799999999996,-60.0,-60.0,1.5717692375183105,0.46284574270248413
17.647223882725005,-44.78017227812781,44.78017227812781,0.21999999999999886,13.7668,52.6034,-60.0,-60.0,1.5493545532226562,0.4443400204181671
18.086483808524772,-45.77643473271783,45.77643473271783,0.23999999999999488,13.7668,48.006,-60.0,-60.0,1.628443717956543,0.4843481481075287
17.727216496959343,-46.67773192384833,46.67773192384833,0.2599999999999909,13.7668,43.942,-60.0,-60.0,1.6801528930664062,0.5142309069633484
16.87387308608264,-47.487458902019775,47.487458902019775,0.28000000000000114,13.7668,33.274,-60.0,-60.0,1.7779455184936523,0.5793018341064453
15.790405477824274,-48.1899042956169,48.1899042956169,0.3100000000000023,3.4543999999999997,45.6438,-60.0,-60.0,1.6810708045959473,0.48763924837112427
14.953153616505618,-48.837405488617286,48.837405488617286,0.3400000000000034,3.4543999999999997,47.218599999999995,-60.0,-60.0,1.664599895477295,0.47702527046203613
14.448684214431685,-49.59996121308406,49.59996121308406,0.37000000000000455,3.4543999999999997,49.8856,-60.0,-60.0,1.649670124053955,0.46522313356399536
14.159371674873283,-50.348131180006924,50.348131180006924,0.4000000000000057,3.4543999999999997,57.657999999999994,-60.0,-60.0,1.5955209732055664,0.43061813712120056
13.980666230587728,-51.07583858949273,51.07583858949273,0.4300000000000068,13.7668,52.451,-60.0,-60.0,1.6500611305236816,0.47135868668556213
14.002478577547796,-51.85555711259637,51.85555711259637,0.46000000000000796,13.7668,51.282599999999995,-60.0,-60.0,1.6824541091918945,0.48686158657073975
13.703352603723866,-52.56553955995287,52.56553955995287,0.4900000000000091,13.7668,50.368199999999995,-60.0,-60.0,1.7031993865966797,0.49678748846054077
13.28810954535216,-53.17370650788106,53.17370650788106,0.5200000000000102,13.7668,40.7924,-60.0,-60.0,1.7839841842651367,0.555631160736084
12.584613907450313,-53.74498662831916,53.74498662831916,0.539999999999992,13.7668,49.784,-60.0,-60.0,1.713994026184082,0.4997711777687073
11.680254169213898,-54.24114580971576,54.24114580971576,0.5600000000000023,3.4543999999999997,44.145199999999996,-60.0,-60.0,1.7461938858032227,0.5114091038703918
11.098527977014813,-54.79185781116614,54.79185781116614,0.5800000000000125,3.4543999999999997,47.7266,-60.0,-60.0,1.7166833877563477,0.49068766832351685
10.676000134970046,-55.307638989649554,55.307638989649554,0.5999999999999943,3.4543999999999997,52.1462,-60.0,-60.0,1.6857762336730957,0.467286080121994
10.512993758437013,-55.83604146609922,55.83604146609922,0.6299999999999955,13.7668,46.3804,-60.0,-60.0,1.747713565826416,0.5171685218811035
10.483643362803269,-56.447116558845124,56.447116558845124,0.6500000000000057,13.7668,54.508399999999995,-60.0,-60.0,1.7005014419555664,0.47718656063079834
10.2723853647154,-56.947677102228724,56.947677102228724,0.6800000000000068,13.7668,51.6382,-60.0,-60.0,1.730818271636963,0.4960627853870392
10.042784519991534,-57.41662062366807,57.41662062366807,0.710000000000008,13.7668,41.5798,-60.0,-60.0,1.8138694763183594,0.558221161365509
9.9795010244376,-57.90612739783903,57.90612739783903,0.7299999999999898,13.7668,56.9722,-60.0,-60.0,1.7081446647644043,0.47312131524086
9.750000461718896,-58.36586975783643,58.36586975783643,0.7599999999999909,13.7668,43.154599999999995,-60.0,-60.0,1.8194632530212402,0.5558839440345764
9.737918690163106,-58.88051201938968,58.88051201938968,0.789999999999992,13.7668,43.611799999999995,-60.0,-60.0,1.8286237716674805,0.5589582920074463
9.396466195085921,-59.309937589162026,59.309937589162026,0.8100000000000023,3.4543999999999997,39.547799999999995,-60.0,-60.0,1.8496365547180176,0.5640945434570312
8.925749506509364,-59.73196172044173,59.73196172044173,0.8300000000000125,3.4543999999999997,43.7134,-60.0,-60.0,1.8157429695129395,0.5385606288909912
8.639953978278747,-60.15778790336981,60.15778790336981,0.8499999999999943,3.4543999999999997,49.199799999999996,-60.0,-60.0,1.7770013809204102,0.5080079436302185
8.414073438873642,-60.5623532800904,60.5623532800904,0.8799999999999955,3.4543999999999997,48.1838,-60.0,-60.0,1.788956642150879,0.5153828263282776
8.480054882701136,-61.06274083532562,61.06274083532562,0.9099999999999966,13.7668,52.7812,-60.0,-60.0,1.7871975898742676,0.5130499005317688
8.620074795580361,-61.52421139285103,61.52421139285103,0.9399999999999977,13.7668,41.6814,-60.0,-60.0,1.8811979293823242,0.5866267681121826
8.643238163365286,-61.97939833833337,61.97939833833337,0.9699999999999989,13.7668,45.6438,-60.0,-60.0,1.8631973266601562,0.5676702857017517
8.196014324466287,-62.38620404141556,62.38620404141556,0.0,3.4543999999999997,34.1122,-60.0,-60.0,1.9394917488098145,0.6119940280914307
7.253874892650964,-62.61630825893996,62.61630825893996,0.030000000000001137,0.0,38.1254,-60.0,-60.0,1.8917059898376465,0.5717602968215942
5.155201830547134,-62.58126008028766,62.58126008028766,0.05000000000001137,3.4543999999999997,48.3362,-60.0,-60.0,1.7747602462768555,0.49499839544296265
3.346856775876682,-62.54888357471075,62.54888357471075,0.0800000000000125,3.4543999999999997,41.4782,-60.0,-60.0,1.7891101837158203,0.5132719278335571
2.696297932594964,-62.72067919642595,62.72067919642595,0.09999999999999432,3.4543999999999997,45.1104,-60.0,-60.0,1.753654956817627,0.48716652393341064
2.8307987706931828,-62.92336986077465,62.92336986077465,0.12999999999999545,3.4543999999999997,48.7172,-60.0,-60.0,1.734084129333496,0.4709991216659546
3.4026634032570837,-63.10520709605001,63.10520709605001,0.15000000000000568,3.4543999999999997,43.7134,-60.0,-60.0,1.7858576774597168,0.506830096244812
3.652772395206112,-63.297879301929626,63.297879301929626,0.1699999999999875,3.4543999999999997,51.968399999999995,-60.0,-60.0,1.7343473434448242,0.465969443321228
3.588540367163832,-63.490575079238546,63.490575079238546,0.19999999999998863,3.4543999999999997,40.4876,-60.0,-60.0,1.8210716247558594,0.5317410826683044
3.737011595893697,-63.75668727013076,63.75668727013076,0.21999999999999886,3.4543999999999997,45.847,-60.0,-60.0,1.7908105850219727,0.5051174163818359
3.3645981033473533,-63.81667481400835,63.81667481400835,0.25,3.4543999999999997,37.236399999999996,-60.0,-60.0,1.8470964431762695,0.5519342422485352
3.1025853280219913,-63.95383338928612,63.95383338928612,0.28000000000000114,3.4543999999999997,40.6654,-60.0,-60.0,1.8202686309814453,0.5299684405326843
2.9708534461459064,-64.12937236853934,64.12937236853934,0.30000000000001137,3.4543999999999997,39.547799999999995,-60.0,-60.0,1.8295669555664062,0.536870539188385
2.7550539025752534,-64.20695347835648,64.20695347835648,0.3199999999999932,3.4543999999999997,42.164,-60.0,-60.0,1.8081474304199219,0.5198469161987305
2.7172954688548425,-64.34807250342507,64.34807250342507,0.3400000000000034,3.4543999999999997,44.704,-60.0,-60.0,1.791996955871582,0.5062517523765564
2.5515896212945686,-64.50111424357831,64.50111424357831,0.37000000000000455,3.4543999999999997,57.5564,-60.0,-60.0,1.69755220413208,0.4374059736728668
2.6638885498168383,-64.62975039708724,64.62975039708724,0.38999999999998636,3.4543999999999997,44.7802,-60.0,-60.0,1.7963738441467285,0.5081511735916138
2.950217858376691,-64.85805155447257,64.85805155447257,0.4199999999999875,13.7668,58.115199999999994,-60.0,-60.0,1.722701072692871,0.45611849427223206
3.0141797847462115,-65.04239847698256,65.04239847698256,0.4399999999999977,13.7668,46.9392,-60.0,-60.0,1.8124871253967285,0.5215769410133362
3.0355183581009233,-65.22652589174095,65.22652589174095,0.46999999999999886,13.7668,53.467,-60.0,-60.0,1.768864631652832,0.4863196611404419
2.8837202244473077,-65.31337124145165,65.31337124145165,0.5,3.4543999999999997,36.6522,-60.0,-60.0,1.8732872009277344,0.5660718083381653
2.84150105754284,-65.44685668597238,65.44685668597238,0.5300000000000011,3.4543999999999997,38.5572,-60.0,-60.0,1.8616361618041992,0.5555786490440369
2.8983021634603277,-65.60213889807063,65.60213889807063,0.5600000000000023,3.4543999999999997,44.5008,-60.0,-60.0,1.823305606842041,0.5227354764938354
2.8907760481932137,-65.6720096544101,65.6720096544101,0.5900000000000034,3.4543999999999997,40.4114,-60.0,-60.0,1.8538665771484375,0.5475918650627136
2.788222888176468,-65.85381793040409,65.85381793040409,0.6200000000000045,3.4543999999999997,47.675799999999995,-60.0,-60.0,1.803481101989746,0.5058550834655762
2.497168415652362,-65.96157699875117,65.96157699875117,0.6399999999999864,3.4543999999999997,43.535599999999995,-60.0,-60.0,1.830063819885254,0.5275934934616089
2.4505685100313745,-66.09333492142795,66.09333492142795,0.6699999999999875,3.4543999999999997,42.7228,-60.0,-60.0,1.8377280235290527,0.5332605242729187
2.2934467963616822,-66.22434106913023,66.22434106913023,0.6899999999999977,3.4543999999999997,41.6306,-60.0,-60.0,1.8453311920166016,0.5392692685127258
2.356652846598146,-66.29299339619524,66.29299339619524,0.710000000000008,3.4543999999999997,49.403,-60.0,-60.0,1.7919087409973145,0.4957871437072754
2.4436841565537435,-66.43352599346707,66.43352599346707,0.7299999999999898,3.4543999999999997,39.319199999999995,-60.0,-60.0,1.8689603805541992,0.5571374893188477
2.424442897407079,-66.58955959112156,66.58955959112156,0.75,3.4543999999999997,60.3504,-60.0,-60.0,1.719548225402832,0.4411287009716034
2.3271691648225956,-66.71222841475833,66.71222841475833,0.7700000000000102,3.4543999999999997,41.071799999999996,-60.0,-60.0,1.8600873947143555,0.5482751727104187
2.3299940023663046,-66.80307424875434,66.80307424875434,0.789999999999992,13.7668,50.672999999999995,-60.0,-60.0,1.812906265258789,0.5119826197624207
2.3630084472577018,-66.94334949903742,66.94334949903742,0.8100000000000023,13.7668,41.7322,-60.0,-60.0,1.8807392120361328,0.5671213865280151
2.4886371126616154,-67.06765607239785,67.06765607239785,0.8300000000000125,13.7668,46.5836,-60.0,-60.0,1.851511001586914,0.5409389138221741
2.6346539402127616,-67.20772416092892,67.20772416092892,0.8499999999999943,3.4543999999999997,54.203599999999994,-60.0,-60.0,1.781820297241211,0.4814426898956299
2.5287626870559508,-67.36005412996059,67.36005412996059,0.8799999999999955,3.4543999999999997,49.428399999999996,-60.0,-60.0,1.8175020217895508,0.5086207985877991
2.514054184866762,-67.55160915594702,67.55160915594702,0.9099999999999966,13.7668,46.6344,-60.0,-60.0,1.8614778518676758,0.5461785793304443
2.627536251422441,-67.65320384153878,67.65320384153878,0.9300000000000068,13.7668,47.9298,-60.0,-60.0,1.8565173149108887,0.540939450263977
2.757641620686722,-67.81187417288052,67.81187417288052,0.9499999999999886,13.7668,38.2778,-60.0,-60.0,1.9293789863586426,0.602387011051178
3.0168838928152275,-67.94960249081247,67.94960249081247,0.9699999999999989,13.7668,49.403,-60.0,-60.0,1.8594245910644531,0.5399876236915588
3.001717200122939,-68.09020156110186,68.09020156110186,0.9900000000000091,13.7668,43.5864,-60.0,-60.0,1.9026269912719727,0.5761706233024597
2.7222947748020627,-68.24276673132894,68.24276673132894,0.020000000000010232,3.4543999999999997,41.6306,-60.0,-60.0,1.9001097679138184,0.5632189512252808
2.2115766773300196,-68.25563939553743,68.25563939553743,0.05000000000001137,0.0,37.7952,-60.0,-60.0,1.9085474014282227,0.5721302628517151
1.5059537741103366,-68.26424107719382,68.26424107719382,0.06999999999999318,3.4543999999999997,41.9608,-60.0,-60.0,1.8754501342773438,0.547117292881012
0.8809098563707305,-68.21515798229396,68.21515798229396,0.09000000000000341,3.4543999999999997,49.2252,-60.0,-60.0,1.8107433319091797,0.49723514914512634
0.458606381916081,-68.19943361099432,68.19943361099432,0.12000000000000455,3.4543999999999997,45.8978,-60.0,-60.0,1.8261404037475586,0.5113092660903931
0.5770823313652268,-68.27787236841819,68.27787236841819,0.13999999999998636,3.4543999999999997,42.0116,-60.0,-60.0,1.8576936721801758,0.5361906886100769
0.4541266109498182,-68.31216697004031,68.31216697004031,0.1599999999999966,3.4543999999999997,44.0182,-60.0,-60.0,1.8417267799377441,0.5233923196792603
0.41864191763116393,-68.29994180033985,68.29994180033985,0.18000000000000682,3.4543999999999997,49.9618,-60.0,-60.0,1.7980270385742188,0.4890347719192505
0.530930290997651,-68.32681817590216,68.32681817590216,0.21000000000000796,3.4543999999999997,48.666399999999996,-60.0,-60.0,1.8099141120910645,0.49789342284202576
0.6019557934945782,-68.41809552372412,68.41809552372412,0.22999999999998977,3.4543999999999997,46.3042,-60.0,-60.0,1.8300848007202148,0.5131333470344543
0.5858057509138447,-68.41918719705981,68.41918719705981,0.25,3.4543999999999997,42.9768,-60.0,-60.0,1.8534488677978516,0.5323902368545532
0.5901674505286159,-68.47244637593718,68.47244637593718,0.28000000000000114,3.4543999999999997,41.91,-60.0,-60.0,1.8621010780334473,0.5393725037574768
0.5051720799981498,-68.43021241976115,68.43021241976115,0.30000000000001137,3.4543999999999997,42.4688,-60.0,-60.0,1.8555264472961426,0.5346989631652832
0.703628030897008,-68.49616258982941,68.49616258982941,0.3300000000000125,3.4543999999999997,39.4208,-60.0,-60.0,1.8820934295654297,0.5559395551681519
0.6993844042947255,-68.52158142909566,68.52158142909566,0.36000000000001364,3.4543999999999997,47.370999999999995,-60.0,-60.0,1.8258256912231445,0.5095413327217102
0.5252717546681829,-68.55487601433069,68.55487601433069,0.38999999999998636,3.4543999999999997,50.9524,-60.0,-60.0,1.7973394393920898,0.48778119683265686
0.5331111824493567,-68.61613883775829,68.61613883775829,0.4199999999999875,3.4543999999999997,46.2534,-60.0,-60.0,1.8324227333068848,0.5151877999305725
0.44051043112840516,-68.65168485559002,68.65168485559002,0.44999999999998863,3.4543999999999997,48.4886,-60.0,-60.0,1.8152594566345215,0.5017784833908081
0.3990721469609518,-68.67498184280954,68.67498184280954,0.46999999999999886,3.4543999999999997,42.037,-60.0,-60.0,1.8609743118286133,0.5390311479568481
0.25878037564480105,-68.7049632271814,68.7049632271814,0.5,3.4543999999999997,41.9862,-60.0,-60.0,1.8591980934143066,0.5380770564079285
0.38009173822070486,-68.67050948259735,68.67050948259735,0.5300000000000011,3.4543999999999997,37.3634,-60.0,-60.0,1.8932886123657227,0.5668638944625854
0.8004041057110938,-68.75227087023688,68.75227087023688,0.5600000000000023,3.4543999999999997,49.657,-60.0,-60.0,1.815267562866211,0.5005411505699158
1.023642632380764,-68.79681599742945,68.79681599742945,0.5800000000000125,3.4543999999999997,39.7256,-60.0,-60.0,1.8909807205200195,0.5618447661399841
1.1216389360065755,-68.87008999930057,68.87008999930057,0.6100000000000136,3.4543999999999997,44.5516,-60.0,-60.0,1.8600597381591797,0.5351254343986511
0.6909560676378106,-68.90268085124286,68.90268085124286,0.6399999999999864,3.4543999999999997,43.5102,-60.0,-60.0,1.8599529266357422,0.5366259217262268
0.29214422505715776,-68.90080463577308,68.90080463577308,0.6699999999999875,3.4543999999999997,57.0738,-60.0,-60.0,1.7545585632324219,0.45635032653808594
0.15910049840684232,-68.86540845430736,68.86540845430736,0.6999999999999886,3.4543999999999997,42.418,-60.0,-60.0,1.8566536903381348,0.5366111993789673
0.047158465033500456,-68.88008253234362,68.88008253234362,0.7299999999999898,3.4543999999999997,50.927,-60.0,-60.0,1.7936854362487793,0.48674476146698
0.25323936538369624,-68.90088621889223,68.90088621889223,0.75,13.7668,34.163,-60.0,-60.0,1.9428167343139648,0.6037920117378235
0.4528887785168009,-68.95726927660579,68.95726927660579,0.7700000000000102,13.7668,57.1246,-60.0,-60.0,1.7799592018127441,0.4740588665008545
0.470159449451895,-68.97254471132254,68.97254471132254,0.789999999999992,3.4543999999999997,52.832,-60.0,-60.0,1.7896742820739746,0.4819508492946625
0.4156357241556646,-68.96973919333672,68.96973919333672,0.8199999999999932,3.4543999999999997,50.368199999999995,-60.0,-60.0,1.8061885833740234,0.49509257078170776
0.207673227844691,-68.99306055823088,68.99306055823088,0.8400000000000034,3.4543999999999997,53.9496,-60.0,-60.0,1.7767424583435059,0.47334474325180054
0.0198065589968318,-68.93863176935551,68.93863176935551,0.8700000000000045,13.7668,56.413399999999996,-60.0,-60.0,1.7754535675048828,0.4727674424648285
-0.2791790260573355,-68.93425152687755,68.93425152687755,0.9000000000000057,13.7668,45.1866,-60.0,-60.0,1.84950590133667,0.5350075960159302
-0.45147717175893776,-68.9051850205921,68.9051850205921,0.9300000000000068,13.7668,46.8884,-60.0,-60.0,1.832967758178711,0.5220448970794678
-0.46238187567473443,-68.87838291495083,68.87838291495083,0.960000000000008,13.7668,48.006,-60.0,-60.0,1.8240852355957031,0.5150110125541687
-0.31808371012003317,-68.87457906880601,68.87457906880601,0.9799999999999898,13.7668,47.599599999999995,-60.0,-60.0,1.8299360275268555,0.5195062756538391
-3.059395282127473e-06,-68.88445776714347,68.88445776714347,0.009999999999990905,3.4543999999999997,38.7858,-60.0,-60.0,1.8834567070007324,0.5543848872184753
-3.059395282127473e-06,-68.89197167756065,68.89197167756065,0.030000000000001137,0.0,43.3578,-60.0,-60.0,1.8442058563232422,0.5209941864013672
0.26172771956233226,-68.92212533357326,68.92212533357326,0.05000000000001137,3.4543999999999997,42.925999999999995,-60.0,-60.0,1.8596196174621582,0.5334247946739197
0.41003594590657644,-68.87339173530567,68.87339173530567,0.06999999999999318,3.4543999999999997,36.7538,-60.0,-60.0,1.9047956466674805,0.5715733766555786
0.7127635896852491,-68.96194320952287,68.96194320952287,0.09999999999999432,3.4543999999999997,49.275999999999996,-60.0,-60.0,1.8234038352966309,0.5024359226226807
0.645513270912332,-68.92536572204938,68.92536572204938,0.12000000000000455,3.4543999999999997,40.2082,-60.0,-60.0,1.8856887817382812,0.5543420314788818
0.44487232972168045,-68.93449440312378,68.93449440312378,0.15000000000000568,3.4543999999999997,44.983399999999996,-60.0,-60.0,1.8481550216674805,0.5239426493644714
0.2772896721157066,-68.98009893465473,68.98009893465473,0.1699999999999875,3.4543999999999997,45.5676,-60.0,-60.0,1.841728687286377,0.5191231369972229
-0.25041297089853065,-68.91400687729524,68.91400687729524,0.18999999999999773,3.4543999999999997,48.387,-60.0,-60.0,1.8100557327270508,0.49638599157333374
-0.4491193936115345,-68.90011070158637,68.90011070158637,0.21000000000000796,3.4543999999999997,44.0182,-60.0,-60.0,1.8372020721435547,0.5190145969390869
-0.7878536328928054,-68.82120655078728,68.82120655078728,0.22999999999998977,3.4543999999999997,50.546,-60.0,-60.0,1.7820062637329102,0.4777032136917114
-0.722432620199859,-68.7961813155692,68.7961813155692,0.25,3.4543999999999997,43.2816,-60.0,-60.0,1.8348617553710938,0.5191943049430847
-0.6023714439780458,-68.8210711430312,68.8210711430312,0.27000000000001023,3.4543999999999997,47.980599999999995,-60.0,-60.0,1.8038396835327148,0.49404650926589966
-0.6372646312093468,-68.74809761283892,68.74809761283892,0.28999999999999204,3.4543999999999997,45.4914,-60.0,-60.0,1.819375991821289,0.5070842504501343
-0.5828027701346203,-68.72773968555323,68.72773968555323,0.3199999999999932,3.4543999999999997,45.72,-60.0,-60.0,1.8181567192077637,0.5062851905822754
-0.7266172657046231,-68.66991451920501,68.66991451920501,0.3400000000000034,3.4543999999999997,41.147999999999996,-60.0,-60.0,1.846806526184082,0.5305883288383484
-0.6973245868737099,-68.6465555388088,68.6465555388088,0.36000000000001364,3.4543999999999997,53.3146,-60.0,-60.0,1.7590370178222656,0.46255460381507874
-0.5882254285067349,-68.56759033641761,68.56759033641761,0.37999999999999545,3.4543999999999997,48.6156,-60.0,-60.0,1.7933611869812012,0.48851478099823
-0.6822950015412634,-68.58363453761076,68.58363453761076,0.410000000000025,3.4543999999999997,41.9862,-60.0,-60.0,1.8394131660461426,0.5255298018455505
-0.9809214018288152,-68.52490512003791,68.52490512003791,0.4399999999999977,3.4543999999999997,42.0878,-60.0,-60.0,1.8316264152526855,0.5209603309631348
-1.3410630563810035,-68.41154198858032,68.41154198858032,0.45999999999997954,3.4543999999999997,46.8884,-60.0,-60.0,1.7876219749450684,0.48848772048950195
-1.5544954221431166,-68.31850516075384,68.31850516075384,0.4900000000000091,3.4543999999999997,51.6128,-60.0,-60.0,1.7469000816345215,0.4598795771598816
-1.472379113297032,-68.25030031655585,68.25030031655585,0.5099999999999909,3.4543999999999997,55.422799999999995,-60.0,-60.0,1.7188811302185059,0.44069212675094604
-1.428903302435134,-68.17858435833321,68.17858435833321,0.5299999999999727,3.4543999999999997,46.5582,-60.0,-60.0,1.7828044891357422,0.4873006045818329
-1.705987122868874,-68.09644706796172,68.09644706796172,0.5600000000000023,13.7668,56.9976,-60.0,-60.0,1.713852882385254,0.43853768706321716
-2.0248519925253445,-67.96145466065651,67.96145466065651,0.589999999999975,13.7668,39.623999999999995,-60.0,-60.0,1.835334300994873,0.5264296531677246
-2.168551609528792,-67.82658797342846,67.82658797342846,0.6200000000000045,13.7668,48.5394,-60.0,-60.0,1.7567100524902344,0.4757334887981415
-2.0693010141152053,-67.7427884866839,67.7427884866839,0.6399999999999864,13.7668,49.580799999999996,-60.0,-60.0,1.749227523803711,0.47040003538131714
-1.9768089852148298,-67.64103027073072,67.64103027073072,0.660000000000025,13.7668,51.206399999999995,-60.0,-60.0,1.7369050979614258,0.4616556763648987
-1.9888788774899249,-67.52774303884155,67.52774303884155,0.6899999999999977,13.7668,45.440599999999996,-60.0,-60.0,1.7769813537597656,0.4916939437389374
-2.2600790360376073,-67.41953833222416,67.41953833222416,0.7099999999999795,13.7668,48.285399999999996,-60.0,-60.0,1.745375633239746,0.4719789922237396
-2.3683077960979206,-67.24263620437938,67.24263620437938,0.7300000000000182,13.7668,42.3672,-60.0,-60.0,1.7869133949279785,0.499154657125473
-2.511292008765974,-67.12918587415216,67.12918587415216,0.75,13.7668,51.6128,-60.0,-60.0,1.7077088356018066,0.4479054808616638
-2.613656643174026,-66.97156821034203,66.97156821034203,0.7699999999999818,13.7668,40.2844,-60.0,-60.0,1.7917356491088867,0.5036525130271912
-2.7389422828422663,-66.79018067587528,66.79018067587528,0.8000000000000114,13.7668,47.9552,-60.0,-60.0,1.7209248542785645,0.46081337332725525
-3.1011777756377725,-66.61102780298943,66.61102780298943,0.8199999999999932,13.7668,55.498999999999995,-60.0,-60.0,1.6512131690979004,0.4167693257331848
-3.29598214614338,-66.41454226680231,66.41454226680231,0.8500000000000227,13.7668,52.958999999999996,-60.0,-60.0,1.6598587036132812,0.42516711354255676
-3.87387603134126,-66.19762428605769,66.19762428605769,0.8799999999999955,13.7668,55.117999999999995,-60.0,-60.0,1.6241035461425781,0.4066440463066101
-4.27908855122689,-65.93162831579941,65.93162831579941,0.910000000000025,13.7668,63.1444,-60.0,-60.0,1.546473503112793,0.3672787845134735
-4.595853462558353,-65.67609531852918,65.67609531852918,0.9399999999999977,13.7668,49.9872,-60.0,-60.0,1.6345157623291016,0.41673600673675537
-4.7963971868622925,-65.41646774614857,65.41646774614857,0.9700000000000273,13.7668,39.37,-60.0,-60.0,1.7133598327636719,0.4605881869792938
-4.679422466773659,-65.1832333024438,65.1832333024438,1.0,13.7668,52.0954,-60.0,-60.0,1.6002492904663086,0.40296846628189087
-4.586072200126669,-64.92941750600035,64.92941750600035,0.01999999999998181,3.4543999999999997,48.8442,-60.0,-60.0,1.636643409729004,0.4116916358470917
-4.129344365919589,-64.74740175347884,64.74740175347884,0.05000000000001137,3.4543999999999997,51.434999999999995,-60.0,-60.0,1.6215991973876953,0.40314701199531555
-3.2190094954969086,-64.65686430993533,64.65686430993533,0.07999999999998408,3.4543999999999997,49.3014,-60.0,-60.0,1.6521110534667969,0.421271950006485
-2.4238575304482652,-64.56960847875764,64.56960847875764,0.10000000000002274,13.7668,42.9768,-60.0,-60.0,1.7155261039733887,0.4632122814655304
-1.86664116135885,-64.52796792393266,64.52796792393266,0.12999999999999545,13.7668,46.456599999999995,-60.0,-60.0,1.6960840225219727,0.4538809061050415
-1.847915357727561,-64.40060728449838,64.40060728449838,0.14999999999997726,3.4543999999999997,46.5836,-60.0,-60.0,1.6916346549987793,0.44701093435287476
-2.026677100058987,-64.30399678071927,64.30399678071927,0.18000000000000682,3.4543999999999997,46.1264,-60.0,-60.0,1.6891188621520996,0.446765273809433
-2.3987900941744105,-64.13899554008962,64.13899554008962,0.20999999999997954,3.4543999999999997,52.3748,-60.0,-60.0,1.631887435913086,0.411457359790802
-2.8821357114296107,-63.96220801090918,63.96220801090918,0.2400000000000091,13.7668,42.6212,-60.0,-60.0,1.6917128562927246,0.45311054587364197
-3.593064625365389,-63.686870104187406,63.686870104187406,0.2699999999999818,13.7668,44.678599999999996,-60.0,-60.0,1.6519107818603516,0.4314645528793335
-4.195018432382505,-63.47566870698819,63.47566870698819,0.30000000000001137,13.7668,40.2082,-60.0,-60.0,1.6717867851257324,0.44208285212516785
-4.650553282708412,-63.19362489319893,63.19362489319893,0.3199999999999932,13.7668,49.5554,-60.0,-60.0,1.5733428001403809,0.3941289782524109
-4.758873580207754,-62.914226216880714,62.914226216880714,0.35000000000002274,13.7668,44.449999999999996,-60.0,-60.0,1.6076664924621582,0.4112429618835449
-4.720409100558373,-62.690901103894696,62.690901103894696,0.37999999999999545,13.7668,46.2788,-60.0,-60.0,1.5859107971191406,0.4024650454521179
-4.960492124735675,-62.42908418563107,62.42908418563107,0.410000000000025,13.7668,44.983399999999996,-60.0,-60.0,1.5845894813537598,0.4028453826904297
-5.255059542128264,-62.1023747202573,62.1023747202573,0.4399999999999977,13.7668,43.8658,-60.0,-60.0,1.5787224769592285,0.4013441503047943
-5.544209677056501,-61.79805196119651,61.79805196119651,0.45999999999997954,13.7668,42.7482,-60.0,-60.0,1.5736846923828125,0.400055468082428
-5.5129651709416345,-61.45297778963558,61.45297778963558,0.4900000000000091,13.7668,46.0248,-60.0,-60.0,1.5350637435913086,0.38531070947647095
-5.490770812501679,-61.21086535061404,61.21086535061404,0.5199999999999818,13.7668,42.6466,-60.0,-60.0,1.5583953857421875,0.3966130316257477
-5.8358187334118155,-60.88620894476112,60.88620894476112,0.5400000000000205,13.7668,57.403999999999996,-60.0,-60.0,1.4075021743774414,0.3423560559749603
-6.39884434311869,-60.46081923240592,60.46081923240592,0.5699999999999932,13.7668,53.416199999999996,-60.0,-60.0,1.418443202972412,0.34676045179367065
-7.15112195002557,-60.046204616583786,60.046204616583786,0.6000000000000227,13.7668,53.9496,-60.0,-60.0,1.3839597702026367,0.3372398912906647
-7.843781271096745,-59.56819863336211,59.56819863336211,0.6299999999999955,13.7668,43.2816,-60.0,-60.0,1.4531745910644531,0.35922402143478394
-8.268018649116856,-59.100769962402154,59.100769962402154,0.660000000000025,24.0792,45.059599999999996,-60.0,-60.0,1.3957061767578125,0.34323257207870483
-8.52987507755453,-58.6495981422239,58.6495981422239,0.6899999999999977,24.0792,48.26,-60.0,-60.0,1.3459177017211914,0.3304458558559418
-8.54699672136979,-58.17462075322068,58.17462075322068,0.7200000000000273,24.0792,40.513,-60.0,-60.0,1.4063830375671387,0.3494003117084503
-8.554432916103378,-57.73403437489623,57.73403437489623,0.75,24.0792,47.980599999999995,-60.0,-60.0,1.319075107574463,0.3268250823020935
-8.711907880324432,-57.26115237590885,57.26115237590885,0.7799999999999727,24.0792,45.5676,-60.0,-60.0,1.3238325119018555,0.32954534888267517
-8.94559900562301,-56.74393816709215,56.74393816709215,0.8100000000000023,24.0792,49.504599999999996,-60.0,-60.0,1.2638359069824219,0.316751092672348
-9.451198056254576,-56.19447105995556,56.19447105995556,0.839999999999975,24.0792,55.6006,-60.0,-60.0,1.174417495727539,0.30060455203056335
-10.089248322554965,-55.60039659105333,55.60039659105333,0.8700000000000045,24.0792,46.1264,-60.0,-60.0,1.2496519088745117,0.31413087248802185
-10.7660318422607,-54.98489200617319,54.98489200617319,0.8999999999999773,24.0792,55.575199999999995,-60.0,-60.0,1.1089725494384766,0.2928057610988617
-11.498331419062406,-54.33791213182458,54.33791213182458,0.9300000000000068,24.0792,46.6598,-60.0,-60.0,1.1861186027526855,0.3027685284614563
-11.85556468132276,-53.675603492646154,53.675603492646154,0.9599999999999795,24.0792,53.9242,-60.0,-60.0,1.070899486541748,0.28863826394081116
-11.928265789935148,-53.011832311109764,53.011832311109764,0.9900000000000091,34.417,63.474599999999995,-60.0,-60.0,0.9489860534667969,0.27571582794189453
-11.993031777578462,-52.39115645966006,52.39115645966006,0.01999999999998181,24.0792,54.355999999999995,-60.0,-60.0,1.0375137329101562,0.2829147279262543
-11.480329649312633,-51.813548785751664,51.813548785751664,0.05000000000001137,24.0792,43.764199999999995,-60.0,-60.0,1.1638498306274414,0.29775500297546387
-10.610525334474874,-51.37413404268873,51.37413404268873,0.07999999999998408,13.7668,47.879,-60.0,-60.0,1.112813949584961,0.296314537525177
-9.575449106445117,-50.93992689915245,50.93992689915245,0.11000000000001364,13.7668,47.3202,-60.0,-60.0,1.1303091049194336,0.30066630244255066
-8.574261348660487,-50.58132089524004,50.58132089524004,0.13999999999998636,24.0792,63.169799999999995,-60.0,-60.0,0.9392046928405762,0.27903684973716736
-8.549302549228056,-50.09998366139478,50.09998366139478,0.17000000000001592,24.0792,54.584599999999995,-60.0,-60.0,1.0346031188964844,0.28825128078460693
-8.96722628404203,-49.57432595535959,49.57432595535959,0.18999999999999773,24.0792,56.3118,-60.0,-60.0,0.988347053527832,0.2833775579929352
-9.508317735629678,-49.06312337555297,49.06312337555297,0.22000000000002728,24.0792,52.9082,-60.0,-60.0,1.004404067993164,0.28437721729278564
-10.127641182823892,-48.48769781901976,48.48769781901976,0.25,24.0792,52.0192,-60.0,-60.0,0.9874534606933594,0.28252965211868286
-10.260117146859725,-47.924052170695965,47.924052170695965,0.2799999999999727,34.417,53.2384,-60.0,-60.0,0.9745197296142578,0.27948281168937683
-10.205712554376657,-47.40088335994417,47.40088335994417,0.3100000000000023,34.417,46.608999999999995,-60.0,-60.0,1.0463171005249023,0.2868557274341583
-9.987165728471666,-46.89767050746116,46.89767050746116,0.339999999999975,34.417,47.675799999999995,-60.0,-60.0,1.0218400955200195,0.2848646640777588
-9.769469936239473,-46.43217219399221,46.43217219399221,0.37000000000000455,34.417,48.5648,-60.0,-60.0,1.0005264282226562,0.2832714021205902
-9.723777522145568,-45.88990687491811,45.88990687491811,0.39999999999997726,34.417,53.492399999999996,-60.0,-60.0,0.9202718734741211,0.27654361724853516
-9.662777593545027,-45.404700096191526,45.404700096191526,0.4300000000000068,24.0792,42.2148,-60.0,-60.0,1.033564567565918,0.2894120216369629
-9.623703100796073,-44.85457210222828,44.85457210222828,0.45999999999997954,24.0792,52.425599999999996,-60.0,-60.0,0.8827252388000488,0.27662086486816406
-9.6436998303483,-44.36479627623952,44.36479627623952,0.4900000000000091,24.0792,68.4784,-60.0,-60.0,0.649409294128418,0.26274991035461426
-9.999172057604465,-43.77208090895478,43.77208090895478,0.5199999999999818,34.417,52.0954,-60.0,-60.0,0.8695764541625977,0.2738102078437805
-10.513509687806742,-43.17274267663136,43.17274267663136,0.5500000000000114,34.417,54.102,-60.0,-60.0,0.8140888214111328,0.2699962556362152
-11.093819567271337,-42.55720256045172,42.55720256045172,0.5799999999999841,34.417,47.9298,-60.0,-60.0,0.8686375617980957,0.2738388180732727
-11.388983465544454,-41.91276826210454,41.91276826210454,0.6100000000000136,34.417,46.4058,-60.0,-60.0,0.8640813827514648,0.2737448215484619
-11.347000014809696,-41.32528687412612,41.32528687412612,0.6399999999999864,34.417,60.477399999999996,-60.0,-60.0,0.6495208740234375,0.2611522972583771
-11.3509099270421,-40.69421805808449,40.69421805808449,0.6700000000000159,34.417,64.82079999999999,-60.0,-60.0,0.5657110214233398,0.2574330270290375
-11.41571950335276,-40.06774183333844,40.06774183333844,0.6999999999999886,34.417,48.768,-60.0,-60.0,0.7729678153991699,0.26891374588012695
-11.68212277377713,-39.42931310841779,39.42931310841779,0.7300000000000182,34.417,56.1594,-60.0,-60.0,0.6422033309936523,0.2618837356567383
-11.954785231125848,-38.76394410055599,38.76394410055599,0.7599999999999909,34.417,47.980599999999995,-60.0,-60.0,0.7318344116210938,0.2670614421367645
-12.02692562414839,-38.09277536864286,38.09277536864286,0.7900000000000205,44.7294,52.7558,-60.0,-60.0,0.6533727645874023,0.25940778851509094
-12.079131364564166,-37.45326568687241,37.45326568687241,0.8199999999999932,44.7294,58.419999999999995,-60.0,-60.0,0.5566473007202148,0.2560335397720337
-12.286793337084891,-36.76660844741347,36.76660844741347,0.8500000000000227,44.7294,49.6062,-60.0,-60.0,0.6404995918273926,0.2584346830844879
-12.603257312255986,-36.09143983512372,36.09143983512372,0.8799999999999955,44.7294,59.7408,-60.0,-60.0,0.4778919219970703,0.2530588209629059
-13.000956940873742,-35.34914190736946,35.34914190736946,0.910000000000025,44.7294,55.8292,-60.0,-60.0,0.4929375648498535,0.25302720069885254
-13.125974866867754,-34.62377005488294,34.62377005488294,0.9399999999999977,44.7294,50.546,-60.0,-60.0,0.5323419570922852,0.2538965940475464
-13.273092365007681,-33.91918402953675,33.91918402953675,0.9700000000000273,44.7294,73.3806,-60.0,-60.0,0.16043901443481445,0.24010701477527618
-13.454327270586528,-33.161927417040054,33.161927417040054,0.0,44.7294,65.6082,-60.0,-60.0,0.24835586547851562,0.24327144026756287
-13.775331695740107,-32.398021734562604,32.398021734562604,0.029999999999972715,44.7294,50.520599999999995,-60.0,-60.0,0.43314456939697266,0.24997761845588684
-13.985054292513245,-31.630465829540746,31.630465829540746,0.060000000000002274,44.7294,57.6834,-60.0,-60.0,0.27085208892822266,0.24477572739124298
-13.870990023950053,-30.90014893510447,30.90014893510447,0.08999999999997499,44.7294,64.77,-60.0,-60.0,0.12319278717041016,0.23925648629665375
-13.839649877227767,-30.179874469825382,30.179874469825382,0.12000000000000455,44.7294,52.451,-60.0,-60.0,0.2850346565246582,0.24604743719100952
-13.808690411793023,-29.42118240494109,29.42118240494109,0.14999999999997726,44.7294,54.965599999999995,-60.0,-60.0,0.2063755989074707,0.24317210912704468
-13.909098012365144,-28.656350791486517,28.656350791486517,0.18000000000000682,44.7294,49.1744,-60.0,-60.0,0.2679300308227539,0.2455519139766693
-13.982889565317144,-27.905830161415654,27.905830161415654,0.20999999999997954,55.041799999999995,57.3786,-60.0,-60.0,0.06679010391235352,0.23564796149730682
-14.012359658408327,-27.143865211369167,27.143865211369167,0.2400000000000091,55.041799999999995,74.1172,-60.0,-60.0,-0.31502723693847656,0.2246917188167572
-14.321751629921808,-26.336954561539077,26.336954561539077,0.2699999999999818,42.925999999999995,42.925999999999995,-60.0,-60.0,0.26404762268066406,0.2453429102897644
-14.586796635964204,-25.54462831995136,25.54462831995136,0.30000000000001137,57.912,57.912,-60.0,-60.0,-0.09713888168334961,0.22987648844718933
-14.719439403576677,-24.733283825324804,24.733283825324804,0.3299999999999841,42.1894,42.1894,-60.0,-60.0,0.18260955810546875,0.2422059029340744
-14.236051049235341,-24.062636360302253,24.062636360302253,0.36000000000001364,60.477399999999996,60.477399999999996,-60.0,-60.0,-0.23172473907470703,0.22587677836418152
-13.496137650295845,-23.400371325590772,23.400371325590772,0.38999999999998636,49.0728,49.0728,-60.0,-60.0,0.014951229095458984,0.23550768196582794
-12.790239855885698,-22.7722734193235,22.7722734193235,0.4200000000000159,55.6006,55.6006,-60.0,-60.0,-0.14531230926513672,0.22999170422554016
-12.352679008662546,-22.144887048738045,22.144887048738045,0.44999999999998863,54.432199999999995,54.432199999999995,-60.0,-60.0,-0.14009809494018555,0.23060886561870575
-12.23010862422679,-21.536494159075946,21.536494159075946,0.4800000000000182,56.8198,56.8198,-60.0,-60.0,-0.22772645950317383,0.22792638838291168
-11.765707274630815,-20.94266420554454,20.94266420554454,0.5099999999999909,71.3994,65.35419999999999,-60.0,-60.0,-0.4525432586669922,0.22065870463848114
-11.280345070932913,-20.388626862516006,20.388626862516006,0.5400000000000205,59.7662,59.7662,-60.0,-60.0,-0.33246612548828125,0.22569407522678375
-10.815803381482645,-19.86766813668635,19.86766813668635,0.5699999999999932,58.0898,58.0898,-60.0,-60.0,-0.3083810806274414,0.22688095271587372
-10.600900568484887,-19.32088270651004,19.32088270651004,0.6000000000000227,70.231,65.35419999999999,8.395241260129813e-07,49.800000003695985,1.6974072456359863,0.9529223442077637
-10.697007077984756,-18.76774606559907,18.76774606559907,0.6399999999999864,45.135799999999996,45.135799999999996,0.10614652508760967,48.987901401210195,1.6050100326538086,0.9975599646568298
-11.443583061939004,-17.940328258921923,17.940328258921923,0.6700000000000159,32.486599999999996,32.486599999999996,0.5824572159024188,47.54591204786509,1.5185017585754395,1.0179038047790527
-13.097458441971966,-17.051346304571226,17.051346304571226,0.7099999999999795,0.0,47.0916,0.6554969567397503,46.10403505716481,1.060814380645752,1.0311025381088257
-15.346395785393202,-15.977296909321772,15.977296909321772,0.7400000000000091,3.4543999999999997,45.516799999999996,0.5717383047706326,44.67731064120394,0.9982566833496094,1.0241714715957642
-17.54363461355642,-14.811106270431784,14.811106270431784,0.7699999999999818,3.4543999999999997,46.5582,0.4698564455193155,43.16020759022546,0.8767175674438477,1.012556552886963
-19.166827920154407,-13.623319824067975,13.623319824067975,0.7900000000000205,3.4543999999999997,54.0766,0.39006093632855476,41.60709594021578,0.7196683883666992,0.9818410277366638
-20.10464415569011,-12.4200594359332,12.4200594359332,0.8199999999999932,3.4543999999999997,44.7294,0.3050607846139736,40.1375484370566,0.6927585601806641,0.984390377998352
-20.60277426139061,-11.282089547411763,11.282089547411763,0.839999999999975,13.7668,44.7294,0.2527597773569136,38.71782446438949,0.7651972770690918,0.9397187232971191
-20.850413356951414,-10.117793369616916,10.117793369616916,0.8600000000000136,13.7668,42.7482,0.42715716468994097,37.21820605462118,0.7249670028686523,0.9265268445014954
-20.91933142992789,-8.968510795062395,8.968510795062395,0.8799999999999955,13.7668,44.7294,0.6412748522733329,35.759048560335984,0.6510419845581055,0.9098256826400757
-20.907037939076215,-7.814121977067327,7.814121977067327,0.910000000000025,13.7668,44.7294,0.7759689569493753,34.31611879866671,0.5786170959472656,0.8917763829231262
-20.736728507063425,-6.647873298846452,6.647873298846452,0.9300000000000068,13.7668,44.7294,0.9290983934800943,32.88937261343211,0.5036230087280273,0.874663770198822
-20.75152416327597,-5.5344678529961975,5.5344678529961975,0.9499999999999886,13.7668,44.7294,1.0276210965217396,31.480657753133897,0.4268021583557129,0.8586651086807251
-20.89880686067795,-4.406463438774515,4.406463438774515,0.9700000000000273,13.7668,44.7294,1.1269566521232492,30.08877477726228,0.35088157653808594,0.8424499034881592
-21.104515387462385,-3.2527217926526304,3.2527217926526304,0.0,13.7668,44.7294,1.2484352653580795,27.354409326129712,0.2704148292541504,0.8119629621505737
-20.78681254621551,-2.1746981821075844,2.1746981821075844,0.01999999999998181,13.7668,34.417,1.3179080058092838,26.022178267124104,0.3009653091430664,0.7940561771392822
-20.37459569004292,-1.1045318302603302,1.1045318302603302,0.040000000000020464,13.7668,34.417,1.3929248861026953,24.711277250335442,0.2640719413757324,0.7842442989349365
-19.517058621499796,-0.16564108457610294,0.16564108457610294,0.060000000000002274,13.7668,34.417,1.453038066099354,23.41203309563643,0.23236465454101562,0.7784391641616821
-16.28803851638474,-0.1,0.1,0.07999999999998408,24.0792,34.417,1.5018563772029956,22.120222317368626,0.2981910705566406,0.7397193312644958
-10.945646498650904,-0.44324974916974647,0.44324974916974647,0.10000000000002274,24.0792,34.417,1.5617339601397582,20.856334973939628,0.3368802070617676,0.78375244140625
-10.945646498650904,-0.44324974916974647,0.44324974916974647,1.1200000000000045,24.0792,44.7294,1.6243152297240853,19.57795087414034,0.304534912109375,0.7705850005149841
-10.945646498650904,-0.44324974916974647,0.44324974916974647,2.1399999999999864,24.0792,55.041799999999995,1.6820884963021485,18.292935514432784,0.29848527908325195,0.7476390600204468
-10.945646498650904,-0.44324974916974647,0.44324974916974647,3.160000000000025,24.0792,55.041799999999995,1.7310409160437512,17.02764897161654,0.2813377380371094,0.7388928532600403
-10.945646498650904,-0.44324974916974647,0.44324974916974647,4.189999999999998,24.0792,54.2544,1.7707787381577154,15.778100053155155,0.2685403823852539,0.7344919443130493
-10.945646498650904,-0.44324974916974647,0.44324974916974647,5.220000000000027,24.0792,55.041799999999995,1.804168597996639,14.535965856337981,0.25582218170166016,0.7277153134346008
-10.945646498650904,-0.44324974916974647,0.44324974916974647,6.269999999999982,24.0792,55.041799999999995,1.8326355923143993,13.30111794848881,0.24323701858520508,0.722334623336792
-10.945646498650904,-0.44324974916974647,0.44324974916974647,7.2900000000000205,24.0792,52.6796,1.8571925278583694,12.074914067278945,0.23068523406982422,0.72043776512146
-10.945646498650904,-0.44324974916974647,0.44324974916974647,8.310000000000002,24.0792,55.041799999999995,1.8776316072406358,10.855587727522893,0.21815013885498047,0.7113387584686279
-10.945646498650904,-0.44324974916974647,0.44324974916974647,9.329999999999984,24.0792,55.041799999999995,1.8950331896396142,9.645854358882874,0.20576953887939453,0.7059587240219116
