9.808421004827538,44.282185541469715,-44.282185541469715,0.6299999999999999,0.0,0.0,-60.0,-60.0,-1.3544056415557861,0.30148905515670776
7.668467254025901,43.95867166557317,-43.95867166557317,0.9299999999999997,0.0,0.0,-60.0,-60.0,-1.372532606124878,0.29738399386405945
6.821831463170607,43.755236723128625,-43.755236723128625,0.9499999999999993,0.0,0.0,-60.0,-60.0,-1.3795545101165771,0.29462730884552
6.2728903069562,43.59078073232045,-43.59078073232045,0.9600000000000009,3.4543999999999997,3.4543999999999997,-60.0,-60.0,-1.42055082321167,0.27352023124694824
4.870726661789574,43.49749322396982,-43.49749322396982,0.9700000000000006,13.7668,3.4543999999999997,-60.0,-60.0,-1.4547040462493896,0.24310831725597382
4.216943369530295,43.40093870123827,-43.40093870123827,0.9800000000000004,24.0792,13.7668,-60.0,-60.0,-1.6422924995422363,0.21257902681827545
3.5845475829573097,43.31291886986863,-43.31291886986863,0.0,34.417,3.4543999999999997,-60.0,-60.0,-1.5558733940124512,0.21101699769496918
3.208781706649994,43.22953268130511,-43.22953268130511,0.019999999999999574,44.7294,3.4543999999999997,-60.0,-60.0,-1.5663645267486572,0.2048373818397522
2.9201743668328746,43.13699028081495,-43.13699028081495,0.03999999999999915,55.041799999999995,3.4543999999999997,-60.0,-60.0,-1.5787968635559082,0.20056745409965515
2.657359410777411,43.05164135417985,-43.05164135417985,0.05999999999999872,47.3202,13.7668,-60.0,-60.0,-1.7138032913208008,0.19547642767429352
2.454510800240627,42.96122507036064,-42.96122507036064,0.0799999999999983,50.8762,13.7668,-60.0,-60.0,-1.7176315784454346,0.19377252459526062
2.3608310720949706,42.80671665351019,-42.80671665351019,0.10999999999999943,50.5714,13.7668,-60.0,-60.0,-1.7178030014038086,0.1938536912202835
2.2128127428340476,42.71163722011599,-42.71163722011599,0.14000000000000057,51.689,24.0792,-60.0,-60.0,-1.8333239555358887,0.18979473412036896
2.0535203063784575,42.59544775562099,-42.59544775562099,0.16000000000000014,46.6344,24.0792,-60.0,-60.0,-1.8328795433044434,0.1914813220500946
1.901556535118339,42.491285361895706,-42.491285361895706,0.19000000000000128,46.2026,24.0792,-60.0,-60.0,-1.834367275238037,0.19154080748558044
1.9451878664437345,42.396188941828605,-42.396188941828605,0.21999999999999886,45.288199999999996,24.0792,-60.0,-60.0,-1.8316473960876465,0.19202660024166107
2.1855599653877578,42.24134955544059,-42.24134955544059,0.26000000000000156,42.291,24.0792,-60.0,-60.0,-1.8226027488708496,0.19359664618968964
2.2650198991387076,42.115786581150445,-42.115786581150445,0.28999999999999915,42.5958,24.0792,-60.0,-60.0,-1.8198001384735107,0.19370897114276886
2.4333280731022104,41.984394786587714,-41.984394786587714,0.3200000000000003,50.977799999999995,24.0792,-60.0,-60.0,-1.820176124572754,0.19130928814411163
2.5642970483756073,41.835257921441475,-41.835257921441475,0.3500000000000014,49.0982,24.0792,-60.0,-60.0,-1.815040111541748,0.19221098721027374
2.607359222165831,41.70094559138045,-41.70094559138045,0.379999999999999,57.886599999999994,24.0792,-60.0,-60.0,-1.8146002292633057,0.19039948284626007
2.794103719426308,41.55585354802272,-41.55585354802272,0.41000000000000014,49.6062,24.0792,-60.0,-60.0,-1.8071956634521484,0.19272734224796295
2.9054166022661367,41.37574351483651,-41.37574351483651,0.4499999999999993,39.5224,24.0792,-60.0,-60.0,-1.7952008247375488,0.19643203914165497
2.9540981130098096,41.20089028703463,-41.20089028703463,0.4800000000000004,59.8932,24.0792,-60.0,-60.0,-1.8037590980529785,0.1910623013973236
3.0571499908531683,41.0404350695937,-41.0404350695937,0.509999999999998,39.166799999999995,24.0792,-60.0,-60.0,-1.7878684997558594,0.19709093868732452
3.0610294850851125,40.82754473043627,-40.82754473043627,0.5499999999999972,49.3776,24.0792,-60.0,-60.0,-1.7925920486450195,0.19407638907432556
3.1312669486485976,40.67569634042539,-40.67569634042539,0.5799999999999983,47.3202,24.0792,-60.0,-60.0,-1.7881975173950195,0.19493739306926727
3.263487488331452,40.45199312788975,-40.45199312788975,0.6099999999999994,41.452799999999996,24.0792,-60.0,-60.0,-1.7795195579528809,0.1971004605293274
3.340864526570932,40.277819157250725,-40.277819157250725,0.6400000000000006,44.526199999999996,24.0792,-60.0,-60.0,-1.777414321899414,0.19651587307453156
3.526530863709584,40.07560424355719,-40.07560424355719,0.6799999999999997,59.055,24.0792,-60.0,-60.0,-1.7799477577209473,0.19328580796718597
3.712123074480692,39.87583822914171,-39.87583822914171,0.7199999999999989,53.086,24.0792,-60.0,-60.0,-1.7682209014892578,0.19521725177764893
3.8665380294033795,39.6519865179406,-39.6519865179406,0.75,43.078399999999995,24.0792,-60.0,-60.0,-1.7571780681610107,0.19859066605567932
4.0359716444011005,39.424295096748004,-39.424295096748004,0.7800000000000011,51.4604,24.0792,-60.0,-60.0,-1.7551088333129883,0.1968490481376648
4.18188143754483,39.197226722773884,-39.197226722773884,0.8200000000000003,47.9298,24.0792,-60.0,-60.0,-1.7470083236694336,0.19841158390045166
4.329436670131978,38.95225321999088,-38.95225321999088,0.8599999999999994,45.2628,24.0792,-60.0,-60.0,-1.7390072345733643,0.19978977739810944
4.4984878566123685,38.68997010161008,-38.68997010161008,0.8999999999999986,53.111399999999996,24.0792,-60.0,-60.0,-1.73624849319458,0.19829660654067993
4.602068046355517,38.419727995136796,-38.419727995136796,0.9399999999999977,45.592999999999996,24.0792,-60.0,-60.0,-1.725804328918457,0.20100709795951843
4.666160713765145,38.15431823610927,-38.15431823610927,0.9799999999999969,59.2074,24.0792,-60.0,-60.0,-1.7296650409698486,0.19752860069274902
4.738618621968427,37.8896905241107,-37.8896905241107,0.00999999999999801,39.166799999999995,13.7668,-60.0,-60.0,-1.6013846397399902,0.20627759397029877
4.804812280497808,37.63534063165397,-37.63534063165397,0.03999999999999915,54.127399999999994,13.7668,-60.0,-60.0,-1.6127228736877441,0.19988161325454712
4.850125894163023,37.379240361534386,-37.379240361534386,0.07000000000000028,51.511199999999995,13.7668,-60.0,-60.0,-1.6068024635314941,0.20170173048973083
4.841815001076456,37.1331571099484,-37.1331571099484,0.10000000000000142,57.022999999999996,13.7668,-60.0,-60.0,-1.603879451751709,0.19955900311470032
4.835259786384256,36.903450019171736,-36.903450019171736,0.13000000000000256,66.42099999999999,24.0792,-60.0,-60.0,-1.7463576793670654,0.19687283039093018
4.915552371920091,36.63866899605614,-36.63866899605614,0.1599999999999966,42.7482,24.0792,-60.0,-60.0,-1.7104806900024414,0.20467309653759003
4.979854428964911,36.39430558271634,-36.39430558271634,0.18999999999999773,58.8518,24.0792,-60.0,-60.0,-1.7249491214752197,0.199997678399086
5.102747981995595,36.09907305821497,-36.09907305821497,0.22999999999999687,48.209199999999996,24.0792,-60.0,-60.0,-1.7085165977478027,0.2040739357471466
5.208582413654981,35.81008761951401,-35.81008761951401,0.259999999999998,49.275999999999996,24.0792,-60.0,-60.0,-1.7012765407562256,0.20433135330677032
5.334601623213792,35.4915799097652,-35.4915799097652,0.28999999999999915,44.8818,24.0792,-60.0,-60.0,-1.689016342163086,0.2065386027097702
5.457297873410828,35.17229833191781,-35.17229833191781,0.3200000000000003,45.974,24.0792,-60.0,-60.0,-1.6804001331329346,0.20686575770378113
5.576206907017246,34.845666264579826,-34.845666264579826,0.3500000000000014,49.149,24.0792,-60.0,-60.0,-1.6729731559753418,0.2064826637506485
6.001972793710652,34.487901221150466,-34.487901221150466,0.38000000000000256,51.434999999999995,24.0792,-60.0,-60.0,-1.656510591506958,0.20693475008010864
6.670970018010381,34.06624894280148,-34.06624894280148,0.4099999999999966,43.8658,24.0792,-60.0,-60.0,-1.624983549118042,0.2113579362630844
7.293491053479278,33.592117513633276,-33.592117513633276,0.4399999999999977,48.3362,24.0792,-60.0,-60.0,-1.602799892425537,0.2114296853542328
7.722836312723044,33.15609505556303,-33.15609505556303,0.46999999999999886,53.0098,24.0792,-60.0,-60.0,-1.5964624881744385,0.21017734706401825
7.9446443896045675,32.71853974443303,-32.71853974443303,0.5,54.229,24.0792,-60.0,-60.0,-1.5865225791931152,0.21034260094165802
8.175800773648561,32.26484442456254,-32.26484442456254,0.5300000000000011,58.724799999999995,24.0792,-60.0,-60.0,-1.5839943885803223,0.20892542600631714
8.484495129683445,31.781103000588125,-31.781103000588125,0.5600000000000023,46.2788,24.0792,-60.0,-60.0,-1.5362884998321533,0.2161691039800644
8.92074441100732,31.262847950539204,-31.262847950539204,0.5900000000000034,45.1612,24.0792,-60.0,-60.0,-1.5201833248138428,0.21784143149852753
9.638540247958792,30.659853443339014,-30.659853443339014,0.6200000000000045,50.1396,24.0792,-60.0,-60.0,-1.4942307472229004,0.21713870763778687
10.478969581955624,29.99945573553421,-29.99945573553421,0.6500000000000057,53.7972,24.0792,-60.0,-60.0,-1.467466115951538,0.2172478288412094
11.293267332197608,29.29732659055169,-29.29732659055169,0.6800000000000068,46.685199999999995,24.0792,-60.0,-60.0,-1.4383723735809326,0.2225988358259201
11.873006655395084,28.58833817921833,-28.58833817921833,0.7199999999999989,62.026799999999994,24.0792,-60.0,-60.0,-1.4536352157592773,0.2159077227115631
12.222448166284304,27.89875289313342,-27.89875289313342,0.7600000000000051,47.3202,24.0792,-60.0,-60.0,-1.3873627185821533,0.22517573833465576
12.709781443317633,27.152216643846437,-27.152216643846437,0.7999999999999972,51.3842,24.0792,-60.0,-60.0,-1.376235008239746,0.22427205741405487
13.28498467340789,26.389038191225353,-26.389038191225353,0.8299999999999983,52.324,24.0792,-60.0,-60.0,-1.3541598320007324,0.22524699568748474
13.83267034709035,25.56038277438206,-25.56038277438206,0.8599999999999994,48.9966,24.0792,-60.0,-60.0,-1.316664695739746,0.2287028282880783
14.359122470333386,24.741549940346047,-24.741549940346047,0.8900000000000006,51.4858,34.417,-60.0,-60.0,-1.5105116367340088,0.22447620332241058
14.719221668874736,23.920537469708727,-23.920537469708727,0.9200000000000017,48.7172,34.417,-60.0,-60.0,-1.4729795455932617,0.22717274725437164
14.962782276713419,23.086540774009464,-23.086540774009464,0.9500000000000028,44.0182,24.0792,-60.0,-60.0,-1.211777925491333,0.2358165830373764
15.366399840656287,22.212685110983994,-22.212685110983994,0.980000000000004,52.2224,24.0792,-60.0,-60.0,-1.178819179534912,0.23357756435871124
15.908399708744398,21.296108329594365,-21.296108329594365,0.010000000000005116,44.373799999999996,24.0792,-60.0,-60.0,-1.1260123252868652,0.23865436017513275
16.417774253749062,20.342922674067676,-20.342922674067676,0.04000000000000625,59.9948,24.0792,-60.0,-60.0,-1.0709431171417236,0.23339000344276428
16.775305600061003,19.403842216381527,-19.403842216381527,0.06999999999999318,47.142399999999995,24.0792,-60.0,-60.0,-0.9896907806396484,0.24115261435508728
17.01201824714064,18.45765869609898,-18.45765869609898,0.09999999999999432,66.7512,24.0792,-60.0,-60.0,-0.9500641822814941,0.23287856578826904
17.32837086600868,17.46240555865281,-17.46240555865281,0.12999999999999545,62.331599999999995,24.0792,-60.0,-60.0,-0.8738889694213867,0.23657141625881195
17.734757272921936,16.4660838479626,-16.4660838479626,0.1599999999999966,61.467999999999996,34.417,-60.0,-60.0,-1.0343222618103027,0.2340831458568573
18.08398024053058,15.4439130308307,-15.4439130308307,0.18999999999999773,60.020199999999996,34.417,-60.0,-60.0,-0.9557409286499023,0.2364882379770279
18.37662349827001,14.371707276591565,-14.371707276591565,0.21999999999999886,55.1688,34.417,-60.0,-60.0,-0.8720526695251465,0.2403596192598343
18.672668325099078,13.321379496634808,-13.321379496634808,0.25,43.611799999999995,34.417,-60.0,-60.0,-0.8126640319824219,0.24753504991531372
19.06642222431336,12.204279845567545,-12.204279845567545,0.28000000000000114,53.035199999999996,34.417,-60.0,-60.0,-0.715390682220459,0.2449800819158554
19.430376923422077,11.0232521645291,-11.0232521645291,0.3100000000000023,69.0118,34.417,-60.0,-60.0,-0.6461281776428223,0.23782339692115784
19.85692654150587,9.988218508929844,-9.988218508929844,0.3400000000000034,63.245999999999995,34.417,-60.0,-60.0,-0.5569276809692383,0.24264715611934662
20.511289711237417,8.78157832618744,-8.78157832618744,0.37000000000000455,56.9214,44.7294,-60.0,-60.0,-0.7372598648071289,0.24234050512313843
21.001421801451635,7.571269559737637,-7.571269559737637,0.4000000000000057,56.946799999999996,44.7294,-60.0,-60.0,-0.6433253288269043,0.24453048408031464
21.334875832038726,6.29628673667883,-6.29628673667883,0.4399999999999977,45.9994,44.7294,-60.0,-60.0,-0.5689821243286133,0.251893550157547
21.377058731753184,5.107734915073102,-5.107734915073102,0.480000000000004,53.6702,44.7294,-60.0,-60.0,-0.47771501541137695,0.24959583580493927
21.54610807110173,3.9392047122684453,-3.9392047122684453,0.5100000000000051,58.267599999999995,44.7294,-60.0,-60.0,-0.39480161666870117,0.24844740331172943
21.621193841288914,2.7435434856634773,-2.7435434856634773,0.5400000000000063,50.215799999999994,44.7294,-60.0,-60.0,-0.3410005569458008,0.2548012137413025
21.748671746797875,1.5302733063762308,-1.5302733063762308,0.5699999999999932,76.8096,44.7294,-60.0,-60.0,-0.23026323318481445,0.24110016226768494
21.731040342175845,0.3326515383616182,-0.3326515383616182,0.5999999999999943,61.0616,44.7294,-60.0,-60.0,-0.1586933135986328,0.2517330050468445
20.469676880358946,0.1,-0.1,0.6299999999999955,48.0314,48.0314,-60.0,-60.0,-0.2963747978210449,0.2562622129917145
27.22861759527919,0.1,4.205999771951097,0.6599999999999966,68.7324,55.041799999999995,-60.0,-60.0,-0.14812850952148438,0.24947448074817657
32.099974441805124,-6.228745880122,6.228745880122,0.6899999999999977,70.1548,55.041799999999995,-60.0,-60.0,0.27828407287597656,0.27280595898628235
33.48949368316907,-8.325492825366224,8.325492825366224,0.7199999999999989,74.8792,65.35419999999999,-60.0,-60.0,0.21202802658081055,0.2680288553237915
34.441197544353145,-10.491979509411134,10.491979509411134,0.75,65.3796,65.35419999999999,-60.0,-60.0,0.4452705383300781,0.2857528626918793
34.923553900042094,-12.609280267824627,12.609280267824627,0.7800000000000011,53.263799999999996,53.263799999999996,-60.0,-60.0,0.8895688056945801,0.32461556792259216
35.03286783794519,-14.834920136778466,14.834920136778466,0.8100000000000023,58.547,58.547,-60.0,-60.0,0.88641357421875,0.3215903639793396
34.531357941923176,-16.791657980443922,16.791657980443922,0.8400000000000034,49.5554,49.5554,-60.0,-60.0,1.188340663909912,0.3570634126663208
33.66463523735034,-18.683621027221136,18.683621027221136,0.8700000000000045,34.417,46.4058,-60.0,-60.0,1.3237833976745605,0.3908744752407074
33.08381083187487,-20.547876980161348,20.547876980161348,0.9000000000000057,34.417,52.0954,-60.0,-60.0,1.292534351348877,0.37990623712539673
33.259421128480035,-22.389670835067903,22.389670835067903,0.9300000000000068,24.0792,50.0126,-60.0,-60.0,1.369208812713623,0.4028768837451935
32.711283937805995,-24.345462789528693,24.345462789528693,0.9599999999999937,24.0792,53.8734,-60.0,-60.0,1.3614554405212402,0.39861875772476196
32.083937974265424,-26.20742062617686,26.20742062617686,0.9899999999999949,24.0792,52.324,-60.0,-60.0,1.4121274948120117,0.4147641956806183
31.361546135300134,-27.947296452670084,27.947296452670084,0.01999999999999602,13.7668,42.4942,-60.0,-60.0,1.5736665725708008,0.46432894468307495
30.1731747508113,-29.52404006977652,29.52404006977652,0.04999999999999716,3.4543999999999997,43.2054,-60.0,-60.0,1.5807037353515625,0.4616301655769348
28.864599901466125,-30.964601692050138,30.964601692050138,0.0799999999999983,3.4543999999999997,49.8602,-60.0,-60.0,1.5132999420166016,0.4316910207271576
26.82759074246,-32.182887014211886,32.182887014211886,0.10999999999999943,3.4543999999999997,53.111399999999996,-60.0,-60.0,1.4548416137695312,0.41208940744400024
24.896971084591872,-33.33264922481033,33.33264922481033,0.12999999999999545,13.7668,44.221399999999996,-60.0,-60.0,1.5267515182495117,0.4443418085575104
24.06549941161209,-34.63026376374882,34.63026376374882,0.1599999999999966,13.7668,49.6824,-60.0,-60.0,1.4735136032104492,0.4237539768218994
24.61605010163319,-36.02821380361413,36.02821380361413,0.18999999999999773,13.7668,38.0238,-60.0,-60.0,1.654677391052246,0.5030184984207153
25.677856162401493,-37.64205603883538,37.64205603883538,0.21999999999999886,13.7668,48.0822,-60.0,-60.0,1.6046948432922363,0.47795772552490234
26.29846052088877,-39.13748596343161,39.13748596343161,0.23999999999999488,13.7668,43.535599999999995,-60.0,-60.0,1.7048587799072266,0.5281828045845032
26.93943590224423,-40.73418120182353,40.73418120182353,0.2600000000000051,13.7668,57.251599999999996,-60.0,-60.0,1.624903678894043,0.47564205527305603
26.96847469261368,-42.26022428906078,42.26022428906078,0.29000000000000625,3.4543999999999997,45.1612,-60.0,-60.0,1.790212631225586,0.5508782863616943
27.142999787925657,-43.79623247080382,43.79623247080382,0.3199999999999932,3.4543999999999997,41.1734,-60.0,-60.0,1.8684043884277344,0.5938007831573486
27.104896566132663,-45.309213345461245,45.309213345461245,0.3499999999999943,3.4543999999999997,38.2016,-60.0,-60.0,1.9330291748046875,0.6252409815788269
25.8499273202473,-46.55894381235382,46.55894381235382,0.37000000000000455,3.4543999999999997,48.641,-60.0,-60.0,1.846846580505371,0.5630839467048645
24.361750632239755,-47.688511470083625,47.688511470083625,0.4000000000000057,3.4543999999999997,40.894,-60.0,-60.0,1.9065837860107422,0.6056979894638062
22.788749220555363,-48.81814483996213,48.81814483996213,0.4300000000000068,3.4543999999999997,45.5676,-60.0,-60.0,1.8603878021240234,0.5711301565170288
21.458339178438873,-49.84693828669376,49.84693828669376,0.46000000000000796,3.4543999999999997,44.577,-60.0,-60.0,1.8639249801635742,0.5735353827476501
20.749098320033845,-50.87503088706733,50.87503088706733,0.47999999999998977,3.4543999999999997,47.9298,-60.0,-60.0,1.8457322120666504,0.55625319480896
19.974430347660668,-51.885522980778994,51.885522980778994,0.5099999999999909,3.4543999999999997,46.5074,-60.0,-60.0,1.8637728691101074,0.5667018294334412
18.80799863190311,-52.78180143450491,52.78180143450491,0.5300000000000011,3.4543999999999997,46.5074,-60.0,-60.0,1.8580379486083984,0.5625738501548767
17.890137289414753,-53.62113643724445,53.62113643724445,0.5600000000000023,3.4543999999999997,45.8724,-60.0,-60.0,1.8616523742675781,0.5645405650138855
16.877759671665046,-54.39040054956622,54.39040054956622,0.5800000000000125,3.4543999999999997,40.004999999999995,-60.0,-60.0,1.9027385711669922,0.5961976647377014
16.07144309792589,-55.200258587329316,55.200258587329316,0.6100000000000136,3.4543999999999997,43.1038,-60.0,-60.0,1.8787503242492676,0.5766100883483887
15.240099015502333,-55.87717986881086,55.87717986881086,0.6399999999999864,3.4543999999999997,33.5026,-60.0,-60.0,1.9504694938659668,0.6322659254074097
14.600042991722983,-56.57611988212206,56.57611988212206,0.6599999999999966,3.4543999999999997,49.352199999999996,-60.0,-60.0,1.8276877403259277,0.53701251745224
13.984163144836941,-57.237691787718695,57.237691787718695,0.6800000000000068,3.4543999999999997,44.221399999999996,-60.0,-60.0,1.8696136474609375,0.567089855670929
13.629328169107833,-57.981198581286606,57.981198581286606,0.710000000000008,3.4543999999999997,40.0558,-60.0,-60.0,1.9112672805786133,0.5957844853401184
13.317418781597828,-58.64450015622869,58.64450015622869,0.7400000000000091,3.4543999999999997,51.1048,-60.0,-60.0,1.8326988220214844,0.5334593057632446
47.68838057352831,-53.10090662916495,53.10090662916495,0.7700000000000102,3.4543999999999997,54.8386,-60.0,-60.0,2.3493242263793945,0.7548759579658508
41.546245649323865,-68.04849563964355,68.04849563964355,0.789999999999992,3.4543999999999997,42.6466,-60.0,-60.0,2.52166748046875,0.823974609375
16.224600780032947,-64.24951861270084,64.24951861270084,0.8199999999999932,3.4543999999999997,39.9034,-60.0,-60.0,2.0888829231262207,0.6726664900779724
-16.316786147240325,-60.48353158795723,60.48353158795723,0.8400000000000034,3.4543999999999997,45.085,-60.0,-60.0,1.2910528182983398,0.30477339029312134
-39.566021408611775,-57.215472231350596,57.215472231350596,0.8600000000000136,3.4543999999999997,48.7172,-60.0,-60.0,0.7621550559997559,0.2501567602157593
4.118492307344444,-61.64652536971639,61.64652536971639,0.8799999999999955,3.4543999999999997,46.0756,-60.0,-60.0,1.745436191558838,0.4894655644893646
17.462676310092846,-63.80598080270156,63.80598080270156,0.9000000000000057,13.7668,65.35419999999999,-60.0,-60.0,1.9342947006225586,0.5721686482429504
17.304248038243287,-64.64668195686906,64.64668195686906,0.9199999999999875,13.7668,48.056799999999996,-60.0,-60.0,2.077462673187256,0.6814821362495422
14.192563822231289,-65.01563010498282,65.01563010498282,0.9499999999999886,13.7668,43.053,-60.0,-60.0,2.055966377258301,0.6797196269035339
11.165096677303477,-65.25531883271377,65.25531883271377,0.9799999999999898,3.4543999999999997,35.3568,-60.0,-60.0,2.042097568511963,0.6631057858467102
10.115469951064046,-65.62696717904352,65.62696717904352,0.0,0.0,38.5064,-60.0,-60.0,1.9978480339050293,0.6189583539962769
8.157086974181727,-65.83361128801731,65.83361128801731,0.020000000000010232,0.0,38.227,-60.0,-60.0,1.9693617820739746,0.6053797602653503
5.549287187790788,-65.78492827413025,65.78492827413025,0.03999999999999204,3.4543999999999997,50.291999999999994,-60.0,-60.0,1.8386459350585938,0.5200872421264648
2.8426771209321853,-65.72831802728517,65.72831802728517,0.060000000000002274,3.4543999999999997,38.1762,-60.0,-60.0,1.8729348182678223,0.5593423247337341
1.253979403717814,-65.67139287490873,65.67139287490873,0.0800000000000125,3.4543999999999997,39.8018,-60.0,-60.0,1.8300957679748535,0.5302957892417908
1.9382988576063558,-65.89065244536836,65.89065244536836,0.09999999999999432,3.4543999999999997,41.5544,-60.0,-60.0,1.835118293762207,0.5303143262863159
2.5428825354206213,-66.04807931379545,66.04807931379545,0.12000000000000455,3.4543999999999997,48.768,-60.0,-60.0,1.7979536056518555,0.4973360598087311
2.7993376096891787,-66.16935602424444,66.16935602424444,0.13999999999998636,3.4543999999999997,37.617399999999996,-60.0,-60.0,1.8851203918457031,0.5670439004898071
3.084011971991993,-66.41181055769724,66.41181055769724,0.1599999999999966,3.4543999999999997,49.022,-60.0,-60.0,1.8141698837280273,0.5057189464569092
2.9884313015741997,-66.55209746100012,66.55209746100012,0.18999999999999773,3.4543999999999997,39.6494,-60.0,-60.0,1.882174015045166,0.5612237453460693
3.1762845158215267,-66.68989454032712,66.68989454032712,0.21999999999999886,3.4543999999999997,39.776399999999995,-60.0,-60.0,1.8875541687011719,0.5642439723014832
3.2502669767855195,-66.80996213338676,66.80996213338676,0.25,3.4543999999999997,40.9702,-60.0,-60.0,1.8828926086425781,0.5592969059944153
3.049919949484988,-66.9474103933246,66.9474103933246,0.27000000000001023,3.4543999999999997,49.8602,-60.0,-60.0,1.8185920715332031,0.50618976354599
2.8757823181069404,-67.1223671791208,67.1223671791208,0.28999999999999204,3.4543999999999997,44.4754,-60.0,-60.0,1.857518196105957,0.5373117923736572
2.4896373401128633,-67.20516823361416,67.20516823361416,0.3100000000000023,3.4543999999999997,51.130199999999995,-60.0,-60.0,1.8042397499084473,0.49532461166381836
2.4148514840900948,-67.34008944332716,67.34008944332716,0.3300000000000125,3.4543999999999997,54.4576,-60.0,-60.0,1.7816095352172852,0.4774467647075653
2.66341798355056,-67.58721447208714,67.58721447208714,0.36000000000001364,3.4543999999999997,45.440599999999996,-60.0,-60.0,1.856308937072754,0.5340999364852905
2.982787636626264,-67.73496022145191,67.73496022145191,0.38999999999998636,3.4543999999999997,51.815999999999995,-60.0,-60.0,1.8197875022888184,0.5024503469467163
2.971147394827205,-67.87196375180413,67.87196375180413,0.4099999999999966,3.4543999999999997,46.4058,-60.0,-60.0,1.861058235168457,0.5351000428199768
2.990841599130927,-68.04867850449874,68.04867850449874,0.4399999999999977,3.4543999999999997,51.434999999999995,-60.0,-60.0,1.8292183876037598,0.5079743266105652
2.920762317560227,-68.12931024629596,68.12931024629596,0.46999999999999886,3.4543999999999997,42.8244,-60.0,-60.0,1.8906536102294922,0.5586504340171814
2.8975965944026636,-68.28864978986695,68.28864978986695,0.5,3.4543999999999997,45.974,-60.0,-60.0,1.8712072372436523,0.5413423180580139
2.7796955784632265,-68.43067758199304,68.43067758199304,0.5300000000000011,3.4543999999999997,43.5102,-60.0,-60.0,1.8893013000488281,0.556178092956543
2.725882486449074,-68.58074092808289,68.58074092808289,0.5500000000000114,3.4543999999999997,49.8094,-60.0,-60.0,1.8467655181884766,0.5199641585350037
2.6690059347285127,-68.68998182230452,68.68998182230452,0.5699999999999932,3.4543999999999997,41.5544,-60.0,-60.0,1.9063034057617188,0.5694249868392944
2.7992788021928723,-68.85657282357701,68.85657282357701,0.5900000000000034,3.4543999999999997,46.4058,-60.0,-60.0,1.8779840469360352,0.5437504649162292
3.0282880265338674,-69.05900803958029,69.05900803958029,0.6100000000000136,3.4543999999999997,54.127399999999994,-60.0,-60.0,1.8316478729248047,0.5035837888717651
3.1402590192262205,-69.17343986167585,69.17343986167585,0.6399999999999864,3.4543999999999997,52.4764,-60.0,-60.0,1.8478260040283203,0.5155583620071411
3.1813384633636206,-69.38785463910419,69.38785463910419,0.6699999999999875,3.4543999999999997,42.3164,-60.0,-60.0,1.9245619773864746,0.5785930156707764
3.1220984039865995,-69.556706991869,69.556706991869,0.6999999999999886,3.4543999999999997,45.8724,-60.0,-60.0,1.901998519897461,0.5583576560020447
3.106346941027869,-69.67124369275692,69.67124369275692,0.7199999999999989,3.4543999999999997,50.9524,-60.0,-60.0,1.8682527542114258,0.5293135046958923
2.9750275027504482,-69.81486370165338,69.81486370165338,0.7400000000000091,3.4543999999999997,50.038,-60.0,-60.0,1.8752336502075195,0.5346721410751343
3.013415577855173,-69.93621966197642,69.93621966197642,0.7700000000000102,3.4543999999999997,51.434999999999995,-60.0,-60.0,1.8685083389282227,0.5282561779022217
3.0754303919274557,-70.12759976118487,70.12759976118487,0.8000000000000114,3.4543999999999997,44.602399999999996,-60.0,-60.0,1.9215288162231445,0.5716787576675415
3.116221047554277,-70.3133139293082,70.3133139293082,0.8300000000000125,3.4543999999999997,48.7934,-60.0,-60.0,1.896714687347412,0.549110472202301
3.0073018841172825,-70.4654787929467,70.4654787929467,0.8499999999999943,13.7668,47.4218,-60.0,-60.0,1.926100254058838,0.5774825215339661
3.023232615394443,-70.57475633796652,70.57475633796652,0.8700000000000045,3.4543999999999997,40.614599999999996,-60.0,-60.0,1.9572210311889648,0.6000190377235413
3.1270353325688656,-70.77618216357035,70.77618216357035,0.8899999999999864,3.4543999999999997,44.8564,-60.0,-60.0,1.9338092803955078,0.5778201222419739
3.1870975524727116,-70.91385803481104,70.91385803481104,0.9199999999999875,3.4543999999999997,43.230799999999995,-60.0,-60.0,1.9488835334777832,0.5898781418800354
3.287871073828748,-71.09328505455471,71.09328505455471,0.9499999999999886,3.4543999999999997,52.425599999999996,-60.0,-60.0,1.8902559280395508,0.5380402207374573
3.0410439121248896,-71.27562553240831,71.27562553240831,0.9799999999999898,3.4543999999999997,46.456599999999995,-60.0,-60.0,1.9310898780822754,0.5726543068885803
3.1668229229309968,-71.51910845053139,71.51910845053139,0.009999999999990905,3.4543999999999997,42.4688,-60.0,-60.0,1.9639415740966797,0.593479573726654
2.8900116715218775,-71.55753455861888,71.55753455861888,0.030000000000001137,0.0,43.459399999999995,-60.0,-60.0,1.9373087882995605,0.5704375505447388
1.9504281859267019,-71.4607643138192,71.4607643138192,0.05000000000001137,3.4543999999999997,46.5582,-60.0,-60.0,1.9189929962158203,0.5580590963363647
1.1114447879369145,-71.42111279864152,71.42111279864152,0.06999999999999318,3.4543999999999997,44.577,-60.0,-60.0,1.9165349006652832,0.5595470666885376
0.20519744001122012,-71.35373101584925,71.35373101584925,0.09999999999999432,3.4543999999999997,42.291,-60.0,-60.0,1.9143352508544922,0.5618018507957458
-0.08176401111502729,-71.33954793246114,71.33954793246114,0.12999999999999545,3.4543999999999997,37.5666,-60.0,-60.0,1.9414901733398438,0.5867205262184143
0.04768899752161288,-71.33975086542233,71.33975086542233,0.15000000000000568,3.4543999999999997,42.4434,-60.0,-60.0,1.9098429679870605,0.5590213537216187
0.07232927365697851,-71.38932311985958,71.38932311985958,0.1699999999999875,3.4543999999999997,42.849799999999995,-60.0,-60.0,1.9083967208862305,0.5574635863304138
0.08812733193589237,-71.39826040445787,71.39826040445787,0.18999999999999773,3.4543999999999997,42.7482,-60.0,-60.0,1.909482479095459,0.5584132075309753
0.11306229869769208,-71.39882373928451,71.39882373928451,0.21000000000000796,3.4543999999999997,41.1226,-60.0,-60.0,1.921182632446289,0.568515419960022
0.2144521667253163,-71.43219356229395,71.43219356229395,0.2400000000000091,3.4543999999999997,47.244,-60.0,-60.0,1.8807649612426758,0.5337576866149902
0.33688447842445307,-71.47043091740734,71.47043091740734,0.27000000000001023,3.4543999999999997,38.3286,-60.0,-60.0,1.945838451385498,0.5889631509780884
0.5506761432150962,-71.51612316264942,71.51612316264942,0.30000000000001137,3.4543999999999997,39.9034,-60.0,-60.0,1.9396171569824219,0.582603931427002
0.5776128103490666,-71.51319219238916,71.51319219238916,0.3199999999999932,3.4543999999999997,41.5544,-60.0,-60.0,1.9284934997558594,0.5730200409889221
0.6847084700965685,-71.58569688873077,71.58569688873077,0.3400000000000034,3.4543999999999997,52.0954,-60.0,-60.0,1.858017921447754,0.5128591060638428
0.6787555554020024,-71.59633647823553,71.59633647823553,0.37000000000000455,3.4543999999999997,36.449,-60.0,-60.0,1.9617996215820312,0.6027527451515198
0.6286562003100268,-71.701153703836,71.701153703836,0.4000000000000057,3.4543999999999997,44.0944,-60.0,-60.0,1.9152803421020508,0.560606837272644
0.619991859252257,-71.66052132811281,71.66052132811281,0.4300000000000068,3.4543999999999997,44.5008,-60.0,-60.0,1.9112844467163086,0.5577462911605835
0.7608572777521002,-71.75308906410422,71.75308906410422,0.44999999999998863,3.4543999999999997,43.7896,-60.0,-60.0,1.9206533432006836,0.5647035837173462
0.7798940701726845,-71.78076531941831,71.78076531941831,0.46999999999999886,3.4543999999999997,40.4876,-60.0,-60.0,1.944387435913086,0.5851322412490845
0.6553563340723216,-71.81577526332528,71.81577526332528,0.4900000000000091,3.4543999999999997,46.0502,-60.0,-60.0,1.904068946838379,0.5507287979125977
0.5977709375244601,-71.820750295245,71.820750295245,0.5200000000000102,3.4543999999999997,48.4886,-60.0,-60.0,1.8858819007873535,0.5357673764228821
0.43880103704055196,-71.84335621152532,71.84335621152532,0.5500000000000114,3.4543999999999997,47.8028,-60.0,-60.0,1.8880891799926758,0.5382604002952576
0.5603427219717798,-71.91235398566617,71.91235398566617,0.5800000000000125,3.4543999999999997,46.736,-60.0,-60.0,1.8991050720214844,0.5468048453330994
0.5480826655089186,-71.97507895488762,71.97507895488762,0.6100000000000136,3.4543999999999997,50.2666,-60.0,-60.0,1.8752713203430176,0.5266161561012268
0.5759624309633958,-71.94899555774113,71.94899555774113,0.6299999999999955,3.4543999999999997,43.840399999999995,-60.0,-60.0,1.9201183319091797,0.5647881031036377
0.717419763798074,-72.0169405142716,72.0169405142716,0.6599999999999966,3.4543999999999997,47.675799999999995,-60.0,-60.0,1.8972091674804688,0.5444169640541077
0.7735288458412639,-72.04137605211342,72.04137605211342,0.6800000000000068,3.4543999999999997,37.4142,-60.0,-60.0,1.9641928672790527,0.6034741401672363
0.8771380662327267,-72.07580081214833,72.07580081214833,0.710000000000008,3.4543999999999997,48.1838,-60.0,-60.0,1.8975739479064941,0.5440560579299927
0.7114669319242137,-72.12463884937173,72.12463884937173,0.7400000000000091,3.4543999999999997,45.7454,-60.0,-60.0,1.9124479293823242,0.5571810007095337
0.4487037228825617,-72.15354247001267,72.15354247001267,0.7700000000000102,3.4543999999999997,56.870599999999996,-60.0,-60.0,1.8296489715576172,0.4899980127811432
0.3809759206368721,-72.13688450003434,72.13688450003434,0.789999999999992,3.4543999999999997,57.5564,-60.0,-60.0,1.8230271339416504,0.48533350229263306
0.4085623187453308,-72.18462946571599,72.18462946571599,0.8100000000000023,3.4543999999999997,55.245,-60.0,-60.0,1.8409109115600586,0.499092698097229
0.4745802560478366,-72.22709993993884,72.22709993993884,0.8300000000000125,13.7668,49.2506,-60.0,-60.0,1.9042115211486816,0.5545329451560974
0.4244185182176932,-72.243616835504,72.243616835504,0.8600000000000136,13.7668,48.387,-60.0,-60.0,1.909454345703125,0.5593502521514893
0.21286059030346216,-72.22959618213586,72.22959618213586,0.8799999999999955,13.7668,55.270399999999995,-60.0,-60.0,1.8586492538452148,0.5151150226593018
0.2791759666603453,-72.22206006337267,72.22206006337267,0.9000000000000057,13.7668,50.038,-60.0,-60.0,1.8950624465942383,0.5474094748497009
0.4514741123618785,-72.29283753382401,72.29283753382401,0.9300000000000068,3.4543999999999997,49.352199999999996,-60.0,-60.0,1.8850040435791016,0.5350519418716431
0.46237881627810606,-72.27721034150798,72.27721034150798,0.960000000000008,13.7668,48.7172,-60.0,-60.0,1.9080696105957031,0.5584886074066162
0.3183164358290767,-72.31645933945704,72.31645933945704,0.9900000000000091,13.7668,49.580799999999996,-60.0,-60.0,1.9002528190612793,0.5520407557487488
0.0019452871197405976,-72.27955275461889,72.27955275461889,0.020000000000010232,3.4543999999999997,40.995599999999996,-60.0,-60.0,1.9393162727355957,0.5765345692634583
0.008252733185718406,-72.26568911250703,72.26568911250703,0.05000000000001137,0.0,41.0464,-60.0,-60.0,1.918534755706787,0.5611864924430847
0.3114197170562573,-72.26174487634724,72.26174487634724,0.06999999999999318,3.4543999999999997,35.179,-60.0,-60.0,1.9728755950927734,0.6074158549308777
0.756790572620915,-72.31619991498465,72.31619991498465,0.09999999999999432,3.4543999999999997,42.291,-60.0,-60.0,1.9441227912902832,0.5782500505447388
0.9050727044008519,-72.3478482992378,72.3478482992378,0.12000000000000455,3.4543999999999997,49.53,-60.0,-60.0,1.897383689880371,0.5374441742897034
0.921750775627065,-72.45872356663048,72.45872356663048,0.13999999999998636,3.4543999999999997,41.8846,-60.0,-60.0,1.9501638412475586,0.5827381610870361
0.33358349813421145,-72.38463442907548,72.38463442907548,0.1599999999999966,3.4543999999999997,55.0164,-60.0,-60.0,1.8488359451293945,0.4996289610862732
-0.09897681179156988,-72.39560982735107,72.39560982735107,0.18000000000000682,3.4543999999999997,41.5798,-60.0,-60.0,1.9350628852844238,0.5735253691673279
-0.4501214495104801,-72.31271274270695,72.31271274270695,0.19999999999998863,3.4543999999999997,43.8658,-60.0,-60.0,1.9109539985656738,0.5548578500747681
-0.4098032249943768,-72.26961047586859,72.26961047586859,0.21999999999999886,3.4543999999999997,49.275999999999996,-60.0,-60.0,1.8727927207946777,0.5230719447135925
-0.022933866972517713,-72.34842864482079,72.34842864482079,0.2400000000000091,3.4543999999999997,49.8348,-60.0,-60.0,1.8775768280029297,0.5251754522323608
0.06885134135584019,-72.35249341243953,72.35249341243953,0.2599999999999909,3.4543999999999997,35.814,-60.0,-60.0,1.9672489166259766,0.604175329208374
0.05788700920462944,-72.36329374442877,72.36329374442877,0.28000000000000114,3.4543999999999997,42.7482,-60.0,-60.0,1.9286494255065918,0.5683666467666626
-0.18769312125173046,-72.28740144937491,72.28740144937491,0.3100000000000023,3.4543999999999997,43.8658,-60.0,-60.0,1.9146699905395508,0.5580560564994812
0.022871859490501634,-72.3184453501255,72.3184453501255,0.3300000000000125,3.4543999999999997,47.904399999999995,-60.0,-60.0,1.8908710479736328,0.5369815230369568
0.07421560959902779,-72.36364458134543,72.36364458134543,0.3499999999999943,3.4543999999999997,38.4556,-60.0,-60.0,1.9544801712036133,0.592251181602478
-0.11990330879927284,-72.3230932956068,72.3230932956068,0.37000000000000455,3.4543999999999997,46.1772,-60.0,-60.0,1.9002299308776855,0.545668363571167
-0.33806645881261305,-72.28284234981172,72.28284234981172,0.4000000000000057,3.4543999999999997,57.3786,-60.0,-60.0,1.8160409927368164,0.47871270775794983
-0.5453154166938534,-72.26178951667552,72.26178951667552,0.4300000000000068,3.4543999999999997,41.3512,-60.0,-60.0,1.924504280090332,0.5689416527748108
-0.7438272750861512,-72.26109253136399,72.26109253136399,0.44999999999998863,3.4543999999999997,46.2026,-60.0,-60.0,1.886864185333252,0.5377666354179382
-0.8117229593077998,-72.13716837019793,72.13716837019793,0.4700000000000273,3.4543999999999997,48.6156,-60.0,-60.0,1.8658967018127441,0.5216502547264099
-0.8382441022720084,-72.13417593536154,72.13417593536154,0.4900000000000091,3.4543999999999997,44.373799999999996,-60.0,-60.0,1.8950672149658203,0.5462785959243774
-0.8229208183135098,-72.11398390592706,72.11398390592706,0.5199999999999818,3.4543999999999997,40.9448,-60.0,-60.0,1.9187264442443848,0.5668002963066101
-0.729269501802081,-72.06706744354557,72.06706744354557,0.5500000000000114,3.4543999999999997,42.037,-60.0,-60.0,1.9116921424865723,0.5609826445579529
-0.8042380399717027,-72.01266023579635,72.01266023579635,0.5799999999999841,3.4543999999999997,39.852599999999995,-60.0,-60.0,1.924252986907959,0.5727129578590393
-0.8466718574738877,-71.9478844897244,71.9478844897244,0.6000000000000227,3.4543999999999997,46.355,-60.0,-60.0,1.8764877319335938,0.5329071879386902
-0.6408010769378433,-71.91051277000416,71.91051277000416,0.6299999999999955,3.4543999999999997,41.783,-60.0,-60.0,1.911397933959961,0.5621784329414368
-0.7899164251022968,-71.88489240331799,71.88489240331799,0.6700000000000159,3.4543999999999997,36.2204,-60.0,-60.0,1.9473767280578613,0.5933591723442078
-1.2104988902212162,-71.79710048395863,71.79710048395863,0.6999999999999886,3.4543999999999997,46.9646,-60.0,-60.0,1.8617057800292969,0.5238603949546814
-1.3547314469111134,-71.6725183883341,71.6725183883341,0.7300000000000182,3.4543999999999997,42.8752,-60.0,-60.0,1.8850750923156738,0.5450240969657898
-1.7498046282347108,-71.60777965648738,71.60777965648738,0.7599999999999909,3.4543999999999997,40.2844,-60.0,-60.0,1.8944668769836426,0.5551730990409851
-1.9174579086193133,-71.4929573774462,71.4929573774462,0.7900000000000205,3.4543999999999997,47.0408,-60.0,-60.0,1.8409767150878906,0.5124498009681702
-2.0199653940631848,-71.36723562930074,71.36723562930074,0.8199999999999932,3.4543999999999997,40.8178,-60.0,-60.0,1.8803091049194336,0.5464817881584167
-2.4856394806003133,-71.24310013844372,71.24310013844372,0.8500000000000227,3.4543999999999997,40.64,-60.0,-60.0,1.8703961372375488,0.5407145619392395
-2.3594217763855356,-71.09251201445596,71.09251201445596,0.8799999999999955,13.7668,49.6824,-60.0,-60.0,1.8265619277954102,0.5034586787223816
-2.53311939921868,-70.96932185081187,70.96932185081187,0.8999999999999773,13.7668,55.879999999999995,-60.0,-60.0,1.7759389877319336,0.46454524993896484
-2.866847750735419,-70.79417809166605,70.79417809166605,0.9300000000000068,13.7668,63.881,-60.0,-60.0,1.7065925598144531,0.41745948791503906
-3.1390278820157635,-70.5837952423829,70.5837952423829,0.9499999999999886,13.7668,46.482,-60.0,-60.0,1.8226571083068848,0.5038183331489563
-3.8806240661696676,-70.36429033810929,70.36429033810929,0.9800000000000182,13.7668,47.9552,-60.0,-60.0,1.7905354499816895,0.48269832134246826
-4.033335171549909,-70.14241197145965,70.14241197145965,0.009999999999990905,3.4543999999999997,47.066199999999995,-60.0,-60.0,1.777303695678711,0.47193047404289246
-3.440082661630066,-69.99231543983886,69.99231543983886,0.040000000000020464,3.4543999999999997,49.784,-60.0,-60.0,1.7648191452026367,0.4628346264362335
-2.0077193315739583,-70.01526198039674,70.01526198039674,0.060000000000002274,3.4543999999999997,38.1762,-60.0,-60.0,1.8782591819763184,0.5442131757736206
-0.5012259216822462,-70.07822561565918,70.07822561565918,0.07999999999998408,3.4543999999999997,41.7322,-60.0,-60.0,1.8784193992614746,0.5434586405754089
0.6156891487089685,-70.16523576434612,70.16523576434612,0.10000000000002274,3.4543999999999997,46.685199999999995,-60.0,-60.0,1.8659205436706543,0.5283626317977905
1.108027080892553,-70.2579452450307,70.2579452450307,0.12999999999999545,3.4543999999999997,47.5488,-60.0,-60.0,1.8707799911499023,0.5300955772399902
0.8970577461704405,-70.32990094362131,70.32990094362131,0.160000000000025,3.4543999999999997,43.840399999999995,-60.0,-60.0,1.8943548202514648,0.5503513216972351
0.22429635418587507,-70.24421717263311,70.24421717263311,0.18999999999999773,3.4543999999999997,39.928799999999995,-60.0,-60.0,1.9074301719665527,0.5649207234382629
-0.7202518863863255,-70.12618730251518,70.12618730251518,0.22000000000002728,3.4543999999999997,40.7416,-60.0,-60.0,1.8816423416137695,0.5476716160774231
-1.1628303377992086,-70.01631887898247,70.01631887898247,0.25,3.4543999999999997,44.2722,-60.0,-60.0,1.8458824157714844,0.5206755995750427
-1.1708439541892481,-70.00256433162629,70.00256433162629,0.2799999999999727,3.4543999999999997,39.547799999999995,-60.0,-60.0,1.8787693977355957,0.5483334064483643
-1.441628102593567,-69.90414097627315,69.90414097627315,0.30000000000001137,3.4543999999999997,39.878,-60.0,-60.0,1.869199275970459,0.5422095060348511
-1.9095676709789189,-69.78504766537041,69.78504766537041,0.3299999999999841,3.4543999999999997,51.511199999999995,-60.0,-60.0,1.7742915153503418,0.46973109245300293
-2.405969125638247,-69.61160050435187,69.61160050435187,0.36000000000001364,3.4543999999999997,46.3042,-60.0,-60.0,1.7984938621520996,0.49125149846076965
-2.7870497742635205,-69.4664412976819,69.4664412976819,0.38999999999998636,3.4543999999999997,51.3334,-60.0,-60.0,1.751708984375,0.4583236873149872
-2.975853611833082,-69.25037863537199,69.25037863537199,0.4200000000000159,3.4543999999999997,50.6222,-60.0,-60.0,1.7484192848205566,0.4580705165863037
-3.386865026916304,-69.12057718370279,69.12057718370279,0.4399999999999977,13.7668,49.7078,-60.0,-60.0,1.758035659790039,0.46493199467658997
-3.972503888911181,-68.85552334115043,68.85552334115043,0.4700000000000273,13.7668,43.18,-60.0,-60.0,1.7926716804504395,0.4867791533470154
-4.070052453000146,-68.60893066837593,68.60893066837593,0.5,13.7668,41.0464,-60.0,-60.0,1.801464557647705,0.4938957393169403
-3.915242719208992,-68.42045108368028,68.42045108368028,0.5299999999999727,13.7668,48.513999999999996,-60.0,-60.0,1.7383074760437012,0.4565969407558441
-3.5972334832622055,-68.27938496292346,68.27938496292346,0.5500000000000114,3.4543999999999997,52.577999999999996,-60.0,-60.0,1.7005386352539062,0.4328271448612213
-3.5435638781806484,-68.07842159145557,68.07842159145557,0.5699999999999932,3.4543999999999997,41.5036,-60.0,-60.0,1.7795000076293945,0.4899264872074127
-4.331080866323236,-67.79681681155562,67.79681681155562,0.6000000000000227,13.7668,48.4886,-60.0,-60.0,1.7131142616271973,0.44509318470954895
-4.937322402662794,-67.41714017994707,67.41714017994707,0.6299999999999955,13.7668,46.863,-60.0,-60.0,1.7041659355163574,0.44093063473701477
-5.511855492378284,-67.14179194596068,67.14179194596068,0.660000000000025,13.7668,48.1076,-60.0,-60.0,1.674433708190918,0.42522838711738586
-5.9778370974812765,-66.80365241448452,66.80365241448452,0.6800000000000068,13.7668,53.492399999999996,-60.0,-60.0,1.6093688011169434,0.3941863775253296
-6.239166841566694,-66.41904722480035,66.41904722480035,0.6999999999999886,13.7668,54.0258,-60.0,-60.0,1.5884075164794922,0.3862592279911041
-6.88836622864555,-66.03238001788252,66.03238001788252,0.7200000000000273,13.7668,53.339999999999996,-60.0,-60.0,1.5698213577270508,0.37896794080734253
-7.349745125002633,-65.59540599603257,65.59540599603257,0.75,13.7668,50.9524,-60.0,-60.0,1.568516731262207,0.3796522617340088
-7.750100783055529,-65.15779768853078,65.15779768853078,0.7699999999999818,13.7668,48.4632,-60.0,-60.0,1.5694541931152344,0.38131242990493774
-8.152353547046374,-64.7088744741957,64.7088744741957,0.8000000000000114,13.7668,40.2082,-60.0,-60.0,1.6201519966125488,0.4054108262062073
-8.10296033884346,-64.26379439231575,64.26379439231575,0.8299999999999841,13.7668,43.6372,-60.0,-60.0,1.5786285400390625,0.38893792033195496
-7.9986460454072,-63.84769997657142,63.84769997657142,0.8600000000000136,13.7668,52.324,-60.0,-60.0,1.491342544555664,0.3570876717567444
-8.24169243480915,-63.38425177121129,63.38425177121129,0.8899999999999864,13.7668,49.9618,-60.0,-60.0,1.4936456680297852,0.3594835102558136
-8.905731360604843,-62.826906644640204,62.826906644640204,0.9200000000000159,13.7668,52.654199999999996,-60.0,-60.0,1.4380717277526855,0.34248992800712585
-10.081591507330888,-62.20598123323661,62.20598123323661,0.9499999999999886,13.7668,57.886599999999994,-60.0,-60.0,1.3442702293395996,0.3181794285774231
-11.226420345955287,-61.5192789642302,61.5192789642302,0.9800000000000182,24.0792,49.6062,-60.0,-60.0,1.369370937347412,0.32625168561935425
-12.11649727514617,-60.819962969614366,60.819962969614366,0.009999999999990905,13.7668,54.432199999999995,-60.0,-60.0,1.2988452911376953,0.3053818941116333
-12.272948080494922,-60.21043674320404,60.21043674320404,0.040000000000020464,13.7668,55.3212,-60.0,-60.0,1.267277717590332,0.3010862469673157
-11.597978730151889,-59.642118163432116,59.642118163432116,0.06999999999999318,13.7668,48.971199999999996,-60.0,-60.0,1.325258731842041,0.31496700644493103
-10.42236311640263,-59.23562822091917,59.23562822091917,0.08999999999997499,13.7668,51.2318,-60.0,-60.0,1.317209243774414,0.3160058557987213
-9.26852931171536,-58.81483343515058,58.81483343515058,0.12000000000000455,13.7668,45.3136,-60.0,-60.0,1.385653018951416,0.33575400710105896
-8.50456451764015,-58.38578800234371,58.38578800234371,0.13999999999998636,13.7668,60.782199999999996,-60.0,-60.0,1.240856647491455,0.3058129847049713
-8.191224070285148,-57.98679087670792,57.98679087670792,0.17000000000001592,13.7668,53.9242,-60.0,-60.0,1.3016786575317383,0.3196013867855072
-8.751529521279108,-57.45650396328986,57.45650396328986,0.18999999999999773,13.7668,47.9298,-60.0,-60.0,1.3297557830810547,0.32702669501304626
-9.922831042298014,-56.82668044694767,56.82668044694767,0.22000000000002728,13.7668,48.4886,-60.0,-60.0,1.2776718139648438,0.31589266657829285
-11.439902214939297,-56.06932572413517,56.06932572413517,0.2400000000000091,24.0792,49.428399999999996,-60.0,-60.0,1.2056283950805664,0.30205485224723816
-12.609937980949882,-55.307238836771496,55.307238836771496,0.2699999999999818,24.0792,54.9402,-60.0,-60.0,1.0987634658813477,0.2873554825782776
-13.623540892738669,-54.552282864881285,54.552282864881285,0.30000000000001137,24.0792,50.0634,-60.0,-60.0,1.1202573776245117,0.28923943638801575
-14.805978588474092,-53.64721778543893,53.64721778543893,0.3299999999999841,24.0792,52.0192,-60.0,-60.0,1.0502362251281738,0.28144991397857666
-15.661182871467904,-52.72009656299169,52.72009656299169,0.36000000000001364,24.0792,46.9646,-60.0,-60.0,1.0737524032592773,0.2834264636039734
-15.679817650028953,-51.90656263160789,51.90656263160789,0.38999999999998636,24.0792,50.7746,-60.0,-60.0,1.001516342163086,0.2776118218898773
-14.8355073827232,-51.190293709804806,51.190293709804806,0.4200000000000159,34.417,46.2026,-60.0,-60.0,1.0751099586486816,0.284368634223938
-13.956798625481083,-50.56838499955326,50.56838499955326,0.44999999999998863,24.0792,49.7586,-60.0,-60.0,1.0062885284423828,0.2805679738521576
-13.423433957186175,-49.87637315749856,49.87637315749856,0.4800000000000182,24.0792,64.643,-60.0,-60.0,0.7974028587341309,0.26588189601898193
-13.720825315019189,-49.1039643453765,49.1039643453765,0.5199999999999818,34.417,53.035199999999996,-60.0,-60.0,0.9467945098876953,0.2746838629245758
-14.050309985869802,-48.276461594396274,48.276461594396274,0.5500000000000114,34.417,56.7436,-60.0,-60.0,0.8671355247497559,0.26896142959594727
-14.060904981195613,-47.570691788597266,47.570691788597266,0.5799999999999841,34.417,50.6222,-60.0,-60.0,0.9273238182067871,0.273812860250473
-13.874045791234707,-46.84417986120107,46.84417986120107,0.6100000000000136,34.417,52.7812,-60.0,-60.0,0.8802032470703125,0.270863801240921
-13.480697386480175,-46.155470615199526,46.155470615199526,0.6399999999999864,34.417,49.9618,-60.0,-60.0,0.9043269157409668,0.2732984721660614
-13.509513881547772,-45.451896547146184,45.451896547146184,0.6700000000000159,34.417,51.562,-60.0,-60.0,0.8609933853149414,0.27059128880500793
-13.625211211016659,-44.68630285492908,44.68630285492908,0.7099999999999795,34.417,47.1932,-60.0,-60.0,0.8944153785705566,0.27340131998062134
-13.602047359422096,-43.97577491864739,43.97577491864739,0.7400000000000091,34.417,52.2224,-60.0,-60.0,0.8046426773071289,0.26775723695755005
-13.510572769112906,-43.219650173470434,43.219650173470434,0.7699999999999818,34.417,48.056799999999996,-60.0,-60.0,0.8399639129638672,0.2705736756324768
-13.477129677093865,-42.51230604443364,42.51230604443364,0.8000000000000114,34.417,47.8028,-60.0,-60.0,0.8221006393432617,0.2698650062084198
-13.698069746848683,-41.758715768467844,41.758715768467844,0.8299999999999841,34.417,64.262,-60.0,-60.0,0.5607485771179199,0.2560904622077942
-14.222149012904408,-40.933955544712056,40.933955544712056,0.8700000000000045,34.417,49.047399999999996,-60.0,-60.0,0.7408337593078613,0.26557865738868713
-14.619972373630679,-40.08944917769798,40.08944917769798,0.8999999999999773,34.417,51.3334,-60.0,-60.0,0.6735377311706543,0.26229003071784973
-15.023178548704289,-39.238640119825575,39.238640119825575,0.9300000000000068,44.7294,50.2412,-60.0,-60.0,0.6618690490722656,0.257739782333374
-15.29918573277044,-38.409455773776344,38.409455773776344,0.9599999999999795,44.7294,50.749199999999995,-60.0,-60.0,0.6202402114868164,0.2559419274330139
-15.552640310253848,-37.572422701093174,37.572422701093174,0.9900000000000091,44.7294,52.705,-60.0,-60.0,0.5595870018005371,0.2536998987197876
-15.82326220646381,-36.64483880612829,36.64483880612829,0.01999999999998181,34.417,41.452799999999996,-60.0,-60.0,0.6907739639282227,0.2624339461326599
-15.639866201638764,-35.84838539562408,35.84838539562408,0.05000000000001137,34.417,61.2902,-60.0,-60.0,0.3806877136230469,0.2485232651233673
-15.623848448132536,-34.990241451809894,34.990241451809894,0.07999999999998408,34.417,47.523399999999995,-60.0,-60.0,0.5527544021606445,0.25728365778923035
-15.52478900117825,-34.16753698726044,34.16753698726044,0.11000000000001364,34.417,52.9844,-60.0,-60.0,0.44618797302246094,0.25299566984176636
-15.69314953862065,-33.31317206518522,33.31317206518522,0.13999999999998636,34.417,63.169799999999995,-60.0,-60.0,0.2662825584411621,0.24318993091583252
-16.127765679174097,-32.3692662082307,32.3692662082307,0.17000000000001592,34.417,57.5564,-60.0,-60.0,0.30048418045043945,0.2454047054052353
-16.43101073708871,-31.470050846924853,31.470050846924853,0.19999999999998863,44.7294,55.498999999999995,-60.0,-60.0,0.24187755584716797,0.24191217124462128
-16.971478065497,-30.505546712988437,30.505546712988437,0.2300000000000182,44.7294,68.5038,-60.0,-60.0,-0.06592893600463867,0.23136872053146362
-17.5429962708774,-29.4896685445675,29.4896685445675,0.2599999999999909,55.041799999999995,58.0898,-60.0,-60.0,0.0459904670715332,0.23229831457138062
-17.956846883142045,-28.470807510971127,28.470807510971127,0.29000000000002046,52.9082,52.9082,-60.0,-60.0,0.08326053619384766,0.2336980551481247
-18.174066686479847,-27.475674804534076,27.475674804534076,0.3199999999999932,54.229,54.229,-60.0,-60.0,-0.01195383071899414,0.23051780462265015
-18.140748773753106,-26.468325820771906,26.468325820771906,0.35000000000002274,42.3164,42.3164,-60.0,-60.0,0.17709064483642578,0.23936429619789124
-17.87027879022675,-25.555513502288314,25.555513502288314,0.37999999999999545,54.584599999999995,54.584599999999995,-60.0,-60.0,-0.12544679641723633,0.22754573822021484
-17.720319992707328,-24.577744860543685,24.577744860543685,0.410000000000025,58.343799999999995,58.343799999999995,-60.0,-60.0,-0.265106201171875,0.22318467497825623
-17.800461190996632,-23.632095867403116,23.632095867403116,0.4399999999999977,52.1462,52.1462,-60.0,-60.0,-0.1780538558959961,0.22643451392650604
-17.99359402847952,-22.650526515567343,22.650526515567343,0.4800000000000182,67.7672,67.7672,-60.0,-60.0,-0.5925960540771484,0.21440309286117554
-18.336906666750398,-21.604069457544988,21.604069457544988,0.5099999999999909,51.5366,51.5366,-60.0,-60.0,-0.2990908622741699,0.22331741452217102
-18.054734205397686,-20.679530206992332,20.679530206992332,0.5400000000000205,54.5592,54.5592,-60.0,-60.0,-0.4140467643737793,0.22048667073249817
-17.258136869005227,-19.846088091422608,19.846088091422608,0.5699999999999932,47.370999999999995,47.370999999999995,-60.0,-60.0,-0.2689785957336426,0.22547809779644012
-16.349249301116686,-19.07717073782035,19.07717073782035,0.6000000000000227,48.641,48.641,-60.0,-60.0,-0.31386566162109375,0.22486446797847748
-15.569763210037742,-18.30770551085493,18.30770551085493,0.6299999999999955,53.263799999999996,53.263799999999996,-60.0,-60.0,-0.44158458709716797,0.22176741063594818
-15.124911599582639,-17.537699506036056,17.537699506036056,0.660000000000025,68.9356,55.041799999999995,-60.0,-60.0,-0.5270915031433105,0.2175699919462204
-14.397653813618788,-16.855807523530622,16.855807523530622,0.6899999999999977,52.1462,52.1462,-60.0,-60.0,-0.46228599548339844,0.2223188430070877
-13.57436729661575,-16.21381071628307,16.21381071628307,0.7200000000000273,51.2318,51.2318,8.771674045804512e-07,49.800000000126886,1.5728497505187988,0.9608662128448486
-13.159626914380432,-15.545873878552502,15.545873878552502,0.7599999999999909,55.5244,55.041799999999995,0.06266600051404249,49.02208054793195,1.5408086776733398,0.9486281275749207
-14.267947258185206,-14.541180025563428,14.541180025563428,0.7900000000000205,43.4086,43.4086,0.514922636072519,47.58600265874925,1.464280605316162,0.9660886526107788
-16.565791039646438,-13.38069103407729,13.38069103407729,0.8199999999999932,3.4543999999999997,38.7604,0.5646607735728703,46.1490674827911,0.9498863220214844,1.0291279554367065
-19.37646952458254,-12.01711906442629,12.01711906442629,0.8500000000000227,3.4543999999999997,47.8028,0.4895478532792071,44.726910691691344,0.7610201835632324,1.0132348537445068
-21.872267608456287,-10.552954801376629,10.552954801376629,0.8799999999999955,3.4543999999999997,46.0502,0.35365712829769597,43.2900726855472,0.6347179412841797,0.9961454272270203
-23.44717919908878,-9.096851483951795,9.096851483951795,0.910000000000025,13.7668,52.2986,0.2753337867813847,41.77730515132091,0.6843442916870117,0.9360186457633972
-24.262055039674856,-7.647891038609142,7.647891038609142,0.9399999999999977,13.7668,54.1528,0.2059241545769602,40.23007382637173,0.5731420516967773,0.9078468680381775
-24.083151590935614,-6.262397814793951,6.262397814793951,0.9599999999999795,13.7668,44.7294,0.20386394973319888,38.78412268813214,0.5800924301147461,0.9056759476661682
-23.919313505711273,-5.007510994203834,5.007510994203834,0.9800000000000182,13.7668,43.154599999999995,0.1437426544330596,37.376996422794406,0.5145330429077148,0.8920337557792664
-23.966145613518016,-3.69552457995606,3.69552457995606,0.0,3.4543999999999997,34.417,0.19667599991622545,34.57232237317748,0.3745913505554199,0.9327008128166199
-23.840728913944226,-2.4364310475412103,2.4364310475412103,0.009999999999990905,3.4543999999999997,34.417,0.1643923470985079,33.16727413341503,0.3112773895263672,0.9256599545478821
-24.06914707997636,-1.1081350230351816,1.1081350230351816,0.01999999999998181,3.4543999999999997,34.417,0.13767722723385267,31.76225844415096,0.24765443801879883,0.9158889055252075
-23.333236812966426,-0.1,0.1,0.029999999999972715,13.7668,34.417,0.10850552635869774,30.36441663359689,0.3042640686035156,0.827938437461853
-21.293336603937828,-0.1,0.1,0.05000000000001137,13.7668,34.417,0.10030371339599761,28.997201913455225,0.29210758209228516,0.8289597034454346
-13.73431882043,3.2468372257615066,0.1,0.06999999999999318,24.0792,34.417,0.08755295959167128,27.724738891971306,0.34978199005126953,0.8134809136390686
-18.848016462880285,4.248957853733324,-4.248957853733324,0.08999999999997499,24.0792,44.7294,0.09097183313102024,26.394711304068103,0.14923334121704102,0.7442510724067688
-21.735294371064864,5.534862508911005,-5.534862508911005,0.11000000000001364,24.0792,44.7294,0.05916379762634658,25.156030448517246,0.07579374313354492,0.7108852863311768
-21.216256016304836,6.69418130748255,-6.69418130748255,0.12999999999999545,24.0792,44.7294,0.030606706243327845,23.859030031484036,0.038949012756347656,0.7031979560852051
-20.563869561731895,7.7147746729970565,-7.7147746729970565,0.160000000000025,24.0792,44.7294,0.012413691729255355,22.61887083168168,0.011434555053710938,0.7011489868164062
-20.164413453696934,8.612539305048191,-8.612539305048191,0.18000000000000682,34.417,44.7294,0.002508934904896158,21.401092977321248,-0.031232357025146484,0.643729031085968
-19.30059628976578,9.734893969195674,-9.734893969195674,0.20999999999997954,34.417,44.7294,0.006055948004926047,20.20931868128819,-0.05220794677734375,0.6447291970252991
-18.926996267073793,10.722367153245832,-10.722367153245832,0.2400000000000091,34.417,34.417,0.010026478253820945,19.12542893667106,-0.14696598052978516,0.6624939441680908
-19.033094706203656,11.798012245877214,-11.798012245877214,0.2699999999999818,44.7294,34.417,0.017197300475713922,17.978728867716615,-0.12779617309570312,0.6427756547927856
-20.648784825208637,13.228547602259159,-13.228547602259159,0.30000000000001137,44.7294,34.417,0.019189739598455664,16.805075465717106,-0.2273411750793457,0.6290221214294434
-13.73431882043,-0.1,0.1,1.3199999999999932,44.7294,34.417,0.025608026624690545,15.627168060289318,0.40221261978149414,0.6683091521263123
-13.73431882043,-0.1,0.1,2.3500000000000227,44.7294,34.417,0.009059812820506219,14.433740833326524,0.3959083557128906,0.6651608347892761
-13.73431882043,-0.1,0.1,3.3700000000000045,34.417,44.7294,0.06768577845263872,13.251417628850865,0.1978440284729004,0.6590304970741272
-13.73431882043,-0.1,0.1,4.399999999999977,34.417,44.7294,0.09790874004148788,12.073862118754416,0.19130277633666992,0.6543747186660767
-13.73431882043,-0.1,0.1,5.420000000000016,34.417,44.7294,0.11593807420504859,10.901882116153232,0.1876354217529297,0.6497044563293457
-13.73431882043,-0.1,0.1,6.439999999999998,24.0792,55.041799999999995,0.12905460072285768,9.734714806181726,0.15560579299926758,0.6582077145576477
-13.73431882043,-0.1,0.1,7.470000000000027,24.0792,53.848,0.13742964190800133,8.568363018844376,0.1425023078918457,0.6539909243583679
-13.73431882043,-0.1,0.1,8.5,34.417,47.0408,0.14419248860872008,7.396776124727984,0.1505565643310547,0.6265971064567566
-13.73431882043,-0.1,0.1,9.529999999999973,34.417,52.324,0.15037108028376484,6.235229910182338,0.12343883514404297,0.6098542809486389
