-8.606299955988153,-44.05788074956544,44.05788074956544,0.6100000000000003,0.0,0.0,-60.0,-60.0,1.571335792541504,0.3960474729537964
-6.724735580751001,-43.78300309481174,43.78300309481174,0.9100000000000001,0.0,0.0,-60.0,-60.0,1.5883140563964844,0.4149171710014343
-5.868729808270863,-43.57844056143219,43.57844056143219,0.9199999999999999,0.0,0.0,-60.0,-60.0,1.5959124565124512,0.42292359471321106
-5.303987297590857,-43.425600728745536,43.425600728745536,0.9299999999999997,3.4543999999999997,3.4543999999999997,-60.0,-60.0,1.5436286926269531,0.41168829798698425
-4.176431438964235,-43.29905026440956,43.29905026440956,0.9399999999999995,3.4543999999999997,13.7668,-60.0,-60.0,1.4450740814208984,0.38662028312683105
-3.5954719986596895,-43.16984691438203,43.16984691438203,0.9499999999999993,13.7668,24.0792,-60.0,-60.0,1.3261280059814453,0.3552371859550476
-3.3240653991069067,-43.03373628101519,43.03373628101519,0.9600000000000009,13.7668,34.417,-60.0,-60.0,1.2024459838867188,0.33162182569503784
-3.2913406186671526,-42.8846831207618,42.8846831207618,0.9800000000000004,13.7668,44.7294,-60.0,-60.0,1.0687932968139648,0.31214144825935364
-3.4112424897869835,-42.69969952583695,42.69969952583695,1.0,24.0792,42.5958,-60.0,-60.0,1.0839166641235352,0.30863773822784424
-3.5199566698345173,-42.522397226445996,42.522397226445996,0.019999999999999574,13.7668,38.4556,-60.0,-60.0,1.1446647644042969,0.3180144727230072
-3.465808267212177,-42.374802112648794,42.374802112648794,0.03999999999999915,13.7668,57.810399999999994,-60.0,-60.0,0.9017219543457031,0.28937217593193054
-3.316134097885618,-42.17033732721896,42.17033732721896,0.05999999999999872,13.7668,48.894999999999996,-60.0,-60.0,1.0068745613098145,0.30142807960510254
-3.0482771322123474,-42.0528721653695,42.0528721653695,0.0799999999999983,13.7668,52.5526,-60.0,-60.0,0.9664325714111328,0.2968560755252838
-2.8850756568494296,-41.8897544237758,41.8897544237758,0.10000000000000142,24.0792,78.3082,-60.0,-60.0,0.6362748146057129,0.2657925486564636
-2.8544406822100648,-41.730492676160054,41.730492676160054,0.129999999999999,24.0792,42.3672,-60.0,-60.0,1.0826849937438965,0.30645743012428284
-3.0080691589821473,-41.58794732651693,41.58794732651693,0.16000000000000014,24.0792,44.8818,-60.0,-60.0,1.0426416397094727,0.3015446066856384
-3.328589121226167,-41.3629876143824,41.3629876143824,0.19000000000000128,24.0792,64.77,-60.0,-60.0,0.7757353782653809,0.2761055529117584
-3.460581031056472,-41.1735748081935,41.1735748081935,0.21999999999999886,34.417,42.5958,-60.0,-60.0,1.0452308654785156,0.2962808609008789
-3.6094462557278146,-40.98564109054194,40.98564109054194,0.25,34.417,54.6354,-60.0,-60.0,0.8792028427124023,0.2803666293621063
-3.6797219958063843,-40.77279835835915,40.77279835835915,0.28000000000000114,34.417,55.6006,-60.0,-60.0,0.8578686714172363,0.2787763476371765
-3.724218374325319,-40.57397144824496,40.57397144824496,0.3099999999999987,34.417,48.7172,-60.0,-60.0,0.9415063858032227,0.28587663173675537
-3.867832047897347,-40.38018037256932,40.38018037256932,0.33999999999999986,34.417,57.480199999999996,-60.0,-60.0,0.8153729438781738,0.27573737502098083
-3.964466681110574,-40.14513551145478,40.14513551145478,0.370000000000001,34.417,47.879,-60.0,-60.0,0.9334316253662109,0.2851698100566864
-4.048045067522946,-39.92511197807583,39.92511197807583,0.3999999999999986,34.417,48.056799999999996,-60.0,-60.0,0.9222087860107422,0.2842528223991394
-4.059707952240426,-39.728708514140216,39.728708514140216,0.4299999999999997,34.417,53.492399999999996,-60.0,-60.0,0.8432865142822266,0.27807366847991943
-4.004350823933484,-39.48757725781702,39.48757725781702,0.46000000000000085,34.417,61.569599999999994,-60.0,-60.0,0.7268037796020508,0.27046990394592285
-4.054358480980059,-39.293930124531315,39.293930124531315,0.490000000000002,34.417,56.946799999999996,-60.0,-60.0,0.7824516296386719,0.2741457223892212
-4.205835901024487,-39.031047425625545,39.031047425625545,0.5200000000000031,34.417,52.2986,-60.0,-60.0,0.8332862854003906,0.277720183134079
-4.302887493448323,-38.80333772024998,38.80333772024998,0.5499999999999972,34.417,54.2544,-60.0,-60.0,0.7970213890075684,0.2752240002155304
-4.434868189324637,-38.559038647641586,38.559038647641586,0.5799999999999983,34.417,59.2836,-60.0,-60.0,0.7166824340820312,0.2701244652271271
-4.570784780624979,-38.312320539694255,38.312320539694255,0.6099999999999994,34.417,64.9478,-60.0,-60.0,0.6257400512695312,0.2650843858718872
-4.7177158413715885,-38.04414232492515,38.04414232492515,0.6400000000000006,34.417,55.194199999999995,-60.0,-60.0,0.7490639686584473,0.27219071984291077
-4.85299674948787,-37.78346898668824,37.78346898668824,0.6700000000000017,34.417,46.3296,-60.0,-60.0,0.8598918914794922,0.28006452322006226
-4.9091186885139315,-37.52536498289774,37.52536498289774,0.7000000000000028,34.417,54.61,-60.0,-60.0,0.7351751327514648,0.27151599526405334
-5.072748491028437,-37.243188095350334,37.243188095350334,0.7299999999999969,34.417,55.0672,-60.0,-60.0,0.7154045104980469,0.2703567147254944
-5.441119562672012,-36.91081621968897,36.91081621968897,0.759999999999998,34.417,58.0136,-60.0,-60.0,0.6544008255004883,0.26680541038513184
-5.8839439868452095,-36.552055828815966,36.552055828815966,0.7899999999999991,34.417,50.038,-60.0,-60.0,0.748173713684082,0.2724873721599579
-6.266310797060964,-36.18719310943217,36.18719310943217,0.8200000000000003,34.417,49.2506,-60.0,-60.0,0.7399468421936035,0.2720334231853485
-6.468693848921251,-35.83009621790464,35.83009621790464,0.8500000000000014,34.417,45.8724,-60.0,-60.0,0.7722468376159668,0.27428141236305237
-6.564530825142939,-35.47252952159786,35.47252952159786,0.8800000000000026,34.417,62.026799999999994,-60.0,-60.0,0.5234932899475098,0.2606664299964905
-6.752314996522832,-35.09533038050646,35.09533038050646,0.9099999999999966,44.7294,54.483,-60.0,-60.0,0.6311454772949219,0.26239967346191406
-7.17433460018494,-34.663090607872306,34.663090607872306,0.9399999999999977,42.5958,42.5958,-60.0,-60.0,0.763702392578125,0.26850244402885437
-7.679538015655754,-34.194169901301706,34.194169901301706,0.9699999999999989,44.7294,64.74459999999999,-60.0,-60.0,0.4431004524230957,0.25527411699295044
-8.271771003319005,-33.71502071877208,33.71502071877208,0.0,34.417,44.7802,-60.0,-60.0,0.6964683532714844,0.26780006289482117
-8.550455452694997,-33.24365722468665,33.24365722468665,0.030000000000001137,34.417,53.467,-60.0,-60.0,0.5477085113525391,0.2604656219482422
-8.633503735438145,-32.771021629061934,32.771021629061934,0.060000000000002274,34.417,67.9196,-60.0,-60.0,0.30974340438842773,0.2508922815322876
-8.716112319632705,-32.316658850620925,32.316658850620925,0.0799999999999983,34.417,57.6072,-60.0,-60.0,0.4496293067932129,0.25671011209487915
-8.849638418918293,-31.80913639752701,31.80913639752701,0.10999999999999943,34.417,57.099199999999996,-60.0,-60.0,0.43643856048583984,0.2564672827720642
-9.132834268151655,-31.31060145167347,31.31060145167347,0.14000000000000057,34.417,57.15,-60.0,-60.0,0.41188907623291016,0.2557142674922943
-9.354838024053574,-30.776312428790966,30.776312428790966,0.1700000000000017,44.7294,55.7784,-60.0,-60.0,0.3909139633178711,0.2512805163860321
-9.517292173312473,-30.272157102488862,30.272157102488862,0.20000000000000284,44.7294,49.047399999999996,-60.0,-60.0,0.4723954200744629,0.2529977858066559
-9.67298880225079,-29.76229705334404,29.76229705334404,0.22999999999999687,44.7294,55.3974,-60.0,-60.0,0.32811403274536133,0.24980635941028595
-9.80954067454357,-29.191547638971464,29.191547638971464,0.259999999999998,55.041799999999995,61.8236,-60.0,-60.0,0.15111494064331055,0.24111181497573853
-9.867797676971213,-28.666826075046828,28.666826075046828,0.28000000000000114,55.041799999999995,55.0926,-60.0,-60.0,0.2516012191772461,0.24274325370788574
-9.960519948786951,-28.14455640580733,28.14455640580733,0.3100000000000023,53.974999999999994,53.974999999999994,-60.0,-60.0,0.2461538314819336,0.24299654364585876
-10.066219638314147,-27.60369710236558,27.60369710236558,0.3400000000000034,55.041799999999995,68.6308,-60.0,-60.0,-0.07029008865356445,0.23453010618686676
-10.26628144234279,-27.030353768039767,27.030353768039767,0.37000000000000455,53.0606,53.0606,-60.0,-60.0,0.20275640487670898,0.24220095574855804
-10.426867549562331,-26.47568339625956,26.47568339625956,0.4000000000000057,58.6232,58.6232,-60.0,-60.0,0.053786277770996094,0.23678754270076752
-10.478744648433137,-25.914244036897827,25.914244036897827,0.4300000000000068,59.0804,59.0804,-60.0,-60.0,0.011590003967285156,0.23574362695217133
-10.47093568845544,-25.356837004895525,25.356837004895525,0.45999999999999375,52.9336,52.9336,-60.0,-60.0,0.11857318878173828,0.2402341216802597
-10.381874395224608,-24.804805357725762,24.804805357725762,0.4899999999999949,53.4416,53.4416,-60.0,-60.0,0.08362102508544922,0.2392909973859787
-10.321178718490895,-24.267407860850433,24.267407860850433,0.519999999999996,62.992,62.992,-60.0,-60.0,-0.16199731826782227,0.23011094331741333
-10.329908019347117,-23.713289367465595,23.713289367465595,0.5499999999999972,75.692,75.692,-60.0,-60.0,-0.4814157485961914,0.21979926526546478
-10.505474529167055,-23.134964693851998,23.134964693851998,0.5799999999999983,61.6204,61.6204,-60.0,-60.0,-0.19383668899536133,0.22935311496257782
-10.705202926784212,-22.551534908469304,22.551534908469304,0.6099999999999994,47.5488,47.5488,-60.0,-60.0,0.0794072151184082,0.24052076041698456
-10.739063015952333,-21.9848908182446,21.9848908182446,0.6400000000000006,49.7078,49.7078,-60.0,-60.0,0.006560802459716797,0.237409308552742
-10.635865754566183,-21.422023922430665,21.422023922430665,0.6700000000000017,40.5892,40.5892,-60.0,-60.0,0.15473079681396484,0.24518021941184998
-10.443116636285044,-20.88740116324072,20.88740116324072,0.7000000000000028,48.4886,48.4886,-60.0,-60.0,-0.020791053771972656,0.2370520681142807
-10.329965072006695,-20.34052939319637,20.34052939319637,0.730000000000004,59.69,59.69,-60.0,-60.0,-0.3012866973876953,0.22729307413101196
-10.341774526574786,-19.78693752611653,19.78693752611653,0.7600000000000051,75.692,65.35419999999999,-60.0,-60.0,-0.47702503204345703,0.22059990465641022
-10.447335419726768,-19.225777392534834,19.225777392534834,0.7900000000000063,71.27239999999999,65.35419999999999,-60.0,-60.0,-0.5086345672607422,0.2206423133611679
-10.618213321839026,-18.63841773221084,18.63841773221084,0.8199999999999932,53.1622,53.1622,-60.0,-60.0,-0.2566866874694824,0.22941912710666656
-10.730015431710983,-18.07012797990383,18.07012797990383,0.8499999999999943,58.953399999999995,58.953399999999995,-60.0,-60.0,-0.4299201965332031,0.2243998795747757
-10.742989157510461,-17.503311803088746,17.503311803088746,0.8799999999999955,63.0682,63.0682,-60.0,-60.0,-0.5554165840148926,0.2211848497390747
-10.735250577940395,-16.939720181680087,16.939720181680087,0.9099999999999966,69.6976,55.041799999999995,-60.0,-60.0,-0.41982316970825195,0.22282586991786957
-10.621459244836842,-16.380209039319865,16.380209039319865,0.9399999999999977,68.5038,55.041799999999995,-60.0,-60.0,-0.4475231170654297,0.22252650558948517
-10.507070196772805,-15.843587797497316,15.843587797497316,0.9699999999999989,64.1604,55.041799999999995,-60.0,-60.0,-0.4707474708557129,0.22287480533123016
-10.321235774317845,-15.294469704804097,15.294469704804097,0.010000000000005116,52.273199999999996,44.7294,-60.0,-60.0,-0.2590656280517578,0.22863009572029114
-10.264683314723971,-14.737681775343326,14.737681775343326,0.04000000000000625,61.010799999999996,44.7294,-60.0,-60.0,-0.299436092376709,0.22622959315776825
-10.669969021369452,-14.124398291177553,14.124398291177553,0.06999999999999318,46.482,44.7294,-60.0,-60.0,-0.33238744735717773,0.22780705988407135
-11.211787446188248,-13.467774759851524,13.467774759851524,0.09999999999999432,71.95819999999999,44.7294,-60.0,-60.0,-0.41532325744628906,0.22119523584842682
-11.788530197040506,-12.780611930016258,12.780611930016258,0.12999999999999545,50.1396,44.7294,-60.0,-60.0,-0.45175647735595703,0.22380928695201874
-12.056413652500241,-12.126087383783595,12.126087383783595,0.1599999999999966,49.2506,44.7294,-60.0,-60.0,-0.4996027946472168,0.22260375320911407
-12.289550958109222,-11.441818305146539,11.441818305146539,0.18999999999999773,51.4604,44.7294,-60.0,-60.0,-0.5508074760437012,0.22098799049854279
-12.876317110439244,-10.684354597662175,10.684354597662175,0.21999999999999886,49.6316,49.6316,-60.0,-60.0,-0.7207183837890625,0.21727673709392548
-13.53369875583589,-9.894769811307789,9.894769811307789,0.25,50.291999999999994,44.7294,-60.0,-60.0,-0.6827907562255859,0.21745425462722778
-14.05413761045024,-9.099208401362674,9.099208401362674,0.28000000000000114,66.49719999999999,44.7294,-60.0,-60.0,-0.7599244117736816,0.21309781074523926
-14.106102958372958,-8.314724465328482,8.314724465328482,0.3100000000000023,40.081199999999995,40.081199999999995,-60.0,-60.0,-0.6817779541015625,0.21841008961200714
-13.959352467737883,-7.538988831631313,7.538988831631313,0.3400000000000034,45.4914,44.7294,-60.0,-60.0,-0.8324294090270996,0.2146904468536377
-13.704468457297615,-6.757923131909882,6.757923131909882,0.37000000000000455,46.355,34.417,-60.0,-60.0,-0.6446685791015625,0.2184784859418869
-13.462579009883648,-6.064005595575535,6.064005595575535,0.4000000000000057,54.584599999999995,44.7294,-60.0,-60.0,-0.9141297340393066,0.21209938824176788
-13.61908659527447,-5.4316706014185225,5.4316706014185225,0.4300000000000068,45.6692,44.7294,-60.0,-60.0,-0.9472699165344238,0.21252615749835968
-14.03044866218875,-4.625859711872771,4.625859711872771,0.45999999999999375,50.672999999999995,44.7294,-60.0,-60.0,-1.0141329765319824,0.21031758189201355
-14.319316597720684,-3.8406034998036387,3.8406034998036387,0.4899999999999949,48.513999999999996,44.7294,-60.0,-60.0,-1.0676920413970947,0.2094978541135788
-14.1231656257114,-3.1186261163875892,3.1186261163875892,0.519999999999996,68.5546,34.417,-60.0,-60.0,-0.8913755416870117,0.21086385846138
-12.943651255524312,-2.5696475950552187,2.5696475950552187,0.5499999999999972,56.9722,34.417,-60.0,-60.0,-0.8820395469665527,0.2127271592617035
-12.098148477068777,-2.00822319645347,2.00822319645347,0.5799999999999983,41.1226,34.417,-60.0,-60.0,-0.8697185516357422,0.21554431319236755
-10.905059775968914,-1.5795114714164291,1.5795114714164291,0.6099999999999994,52.120799999999996,34.417,-60.0,-60.0,-0.8685445785522461,0.2149042785167694
-8.17358222682091,-1.5863888787175382,1.5863888787175382,0.6400000000000006,62.941199999999995,34.417,-60.0,-60.0,-0.7824010848999023,0.21755725145339966
-6.504434515439489,-1.5715963293339534,1.5715963293339534,0.6700000000000017,42.799,34.417,-60.0,-60.0,-0.7106037139892578,0.22248102724552155
-6.504434515439489,-1.5715963293339534,1.5715963293339534,1.7000000000000028,49.4538,34.417,-60.0,-60.0,-0.7170276641845703,0.2226080447435379
-6.504434515439489,-1.5715963293339534,1.5715963293339534,2.730000000000004,51.892199999999995,44.7294,-60.0,-60.0,-0.9454851150512695,0.21869218349456787
-6.504434515439489,-1.5715963293339534,1.5715963293339534,3.760000000000005,51.282599999999995,44.7294,-60.0,-60.0,-0.9423866271972656,0.2200285792350769
-5.819428609077644,3.180459620094177,-3.180459620094177,0.7900000000000063,53.6194,44.7294,-60.0,-60.0,-1.2079238891601562,0.2116016149520874
-5.996843839331855,3.50259336346895,-3.50259336346895,0.8199999999999932,47.879,44.7294,-60.0,-60.0,-1.224980354309082,0.2119206339120865
-8.209202043799584,4.017775771009591,-4.017775771009591,0.8499999999999943,53.7972,44.7294,-60.0,-60.0,-1.3312270641326904,0.20798365771770477
-9.624587724946414,4.635734811292092,-4.635734811292092,0.8799999999999955,50.749199999999995,34.417,-60.0,-60.0,-1.1887309551239014,0.21091106534004211
-10.256536313525588,5.249009078979043,-5.249009078979043,0.9099999999999966,48.7934,34.417,-60.0,-60.0,-1.2413229942321777,0.20998616516590118
-10.881518983197019,5.900561418669557,-5.900561418669557,0.9399999999999977,49.3268,34.417,-60.0,-60.0,-1.2968711853027344,0.20891156792640686
-11.107385916455613,6.507296511953109,-6.507296511953109,0.9699999999999989,44.830999999999996,34.417,-60.0,-60.0,-1.3330063819885254,0.20860309898853302
-11.242979822788042,7.031897327478009,-7.031897327478009,0.0,46.3042,24.0792,-60.0,-60.0,-1.14439058303833,0.21280914545059204
-11.309652128834724,7.6646121744860505,-7.6646121744860505,0.030000000000001137,47.751999999999995,24.0792,-60.0,-60.0,-1.1826694011688232,0.21230246126651764
-11.22590992092398,8.221286464861478,-8.221286464861478,0.060000000000002274,54.1528,24.0792,-60.0,-60.0,-1.2154455184936523,0.21172139048576355
-11.00177361691332,8.779778802056537,-8.779778802056537,0.09000000000000341,58.0136,24.0792,-60.0,-60.0,-1.2417480945587158,0.2114538550376892
-10.590990413742508,9.336603871269824,-9.336603871269824,0.12000000000000455,51.308,24.0792,-60.0,-60.0,-1.2536561489105225,0.2120305448770523
-10.229063714213599,9.900576480108656,-9.900576480108656,0.15000000000000568,54.7116,34.417,-60.0,-60.0,-1.4927217960357666,0.20604746043682098
-9.630349841088412,10.35074736026982,-10.35074736026982,0.18000000000000682,48.971199999999996,24.0792,-60.0,-60.0,-1.2756366729736328,0.2127484232187271
-9.168304779179083,10.80172604955339,-10.80172604955339,0.21000000000000796,43.7134,24.0792,-60.0,-60.0,-1.280378818511963,0.2133699506521225
-9.014785720537846,11.28273986179627,-11.28273986179627,0.2400000000000091,44.6532,24.0792,-60.0,-60.0,-1.3015360832214355,0.2132391482591629
-9.366802907829964,11.82531976468144,-11.82531976468144,0.27000000000001023,60.6552,24.0792,-60.0,-60.0,-1.3684484958648682,0.21147505939006805
-9.97578748453497,12.410050047611241,-12.410050047611241,0.30000000000001137,46.4058,24.0792,-60.0,-60.0,-1.3899435997009277,0.21132275462150574
-10.417744511693027,13.022490222008054,-13.022490222008054,0.3300000000000125,51.587399999999995,24.0792,-60.0,-60.0,-1.443021297454834,0.21025413274765015
-10.625274539829833,13.583448600915167,-13.583448600915167,0.36000000000001364,60.833,24.0792,-60.0,-60.0,-1.507958173751831,0.20900152623653412
-10.520404774193901,14.123590368870826,-14.123590368870826,0.38999999999998636,55.651399999999995,24.0792,-60.0,-60.0,-1.5196194648742676,0.20919066667556763
-10.392767464060617,14.665008677527302,-14.665008677527302,0.4199999999999875,53.263799999999996,24.0792,-60.0,-60.0,-1.5387585163116455,0.2090805470943451
-10.532940505233093,15.267996053047838,-15.267996053047838,0.44999999999998863,47.9552,24.0792,-60.0,-60.0,-1.5571858882904053,0.20855577290058136
-10.765690494851865,15.86316759655859,-15.86316759655859,0.47999999999998977,51.0794,24.0792,-60.0,-60.0,-1.6063957214355469,0.20763550698757172
-10.936835538243898,16.466341726091095,-16.466341726091095,0.5099999999999909,48.056799999999996,24.0792,-60.0,-60.0,-1.619537353515625,0.20771901309490204
-10.85236782947177,17.035669677035216,-17.035669677035216,0.5500000000000114,45.440599999999996,24.0792,-60.0,-60.0,-1.6255478858947754,0.20801866054534912
-10.544221791241036,17.57906026274656,-17.57906026274656,0.5800000000000125,41.452799999999996,24.0792,-60.0,-60.0,-1.6172430515289307,0.20878586173057556
-10.320779327122308,18.10476983089592,-18.10476983089592,0.6100000000000136,53.0098,24.0792,-60.0,-60.0,-1.6874127388000488,0.20691832900047302
-10.262514401419011,18.640679827950514,-18.640679827950514,0.6399999999999864,40.157399999999996,24.0792,-60.0,-60.0,-1.643204927444458,0.20881706476211548
-10.323004494694842,19.206996783494304,-19.206996783494304,0.6699999999999875,47.370999999999995,24.0792,-60.0,-60.0,-1.7009828090667725,0.20728488266468048
-10.356264141059986,19.766537546303418,-19.766537546303418,0.6999999999999886,51.663599999999995,24.0792,-60.0,-60.0,-1.741978645324707,0.2062765657901764
-10.244362856754817,20.297564411726842,-20.297564411726842,0.7299999999999898,49.911,24.0792,-60.0,-60.0,-1.7491111755371094,0.20641200244426727
-10.07433433913393,20.801671923276764,-20.801671923276764,0.7599999999999909,55.041799999999995,24.0792,-60.0,-60.0,-1.782698631286621,0.20513150095939636
-9.854408397592115,21.307345227369787,-21.307345227369787,0.789999999999992,50.6476,24.0792,-60.0,-60.0,-1.7730727195739746,0.20572982728481293
-9.59889011512388,21.788608534581876,-21.788608534581876,0.8199999999999932,55.879999999999995,24.0792,-60.0,-60.0,-1.8013465404510498,0.20429639518260956
-9.333572878962421,22.270345322953094,-22.270345322953094,0.8600000000000136,43.992799999999995,24.0792,-60.0,-60.0,-1.7585687637329102,0.20659570395946503
-9.029160355188342,22.715137973871446,-22.715137973871446,0.8899999999999864,59.3598,24.0792,-60.0,-60.0,-1.8244554996490479,0.20305432379245758
-8.792697143755642,23.177454921308033,-23.177454921308033,0.9199999999999875,48.768,24.0792,-60.0,-60.0,-1.7879855632781982,0.20504078269004822
-8.644508787665009,23.608966428640667,-23.608966428640667,0.960000000000008,56.565799999999996,24.0792,-60.0,-60.0,-1.8253555297851562,0.20304471254348755
-8.52555118727313,24.05817183512643,-24.05817183512643,0.9900000000000091,49.6824,24.0792,-60.0,-60.0,-1.8063571453094482,0.20415078103542328
-8.481730254957098,24.491608333995824,-24.491608333995824,0.020000000000010232,40.0304,13.7668,-60.0,-60.0,-1.6200006008148193,0.20801864564418793
-8.382519722101804,24.937819131869258,-24.937819131869258,0.05000000000001137,51.2572,13.7668,-60.0,-60.0,-1.6758637428283691,0.20436203479766846
-8.063379248759727,25.31996148847236,-25.31996148847236,0.0800000000000125,43.3324,13.7668,-60.0,-60.0,-1.6463444232940674,0.2067987024784088
-7.780078470535674,25.723676569594815,-25.723676569594815,0.11000000000001364,54.61,13.7668,-60.0,-60.0,-1.6920013427734375,0.2026452124118805
-7.360819680091807,26.070695130036036,-26.070695130036036,0.13999999999998636,48.4632,24.0792,-60.0,-60.0,-1.8336918354034424,0.20286938548088074
-7.028171808710297,26.413638437941227,-26.413638437941227,0.1699999999999875,49.022,24.0792,-60.0,-60.0,-1.8344388008117676,0.20267672836780548
-6.7818448416655865,26.77057510068419,-26.77057510068419,0.19999999999998863,46.532799999999995,24.0792,-60.0,-60.0,-1.8263130187988281,0.20304784178733826
-6.4477410150723795,27.094033315732187,-27.094033315732187,0.22999999999998977,47.370999999999995,13.7668,-60.0,-60.0,-1.6642401218414307,0.20543600618839264
-6.309234416709946,27.38947533466941,-27.38947533466941,0.2599999999999909,55.575199999999995,13.7668,-60.0,-60.0,-1.6952159404754639,0.20183014869689941
-6.3364292885509945,27.7107853965966,-27.7107853965966,0.28999999999999204,50.749199999999995,24.0792,-60.0,-60.0,-1.8482472896575928,0.20158903300762177
-6.459265288370976,28.066058387905656,-28.066058387905656,0.3199999999999932,56.0578,24.0792,-60.0,-60.0,-1.8760621547698975,0.20003879070281982
-6.447275376850197,28.417358711868204,-28.417358711868204,0.3499999999999943,56.032399999999996,24.0792,-60.0,-60.0,-1.8814918994903564,0.1997147649526596
-6.22699192165094,28.696960363982903,-28.696960363982903,0.37999999999999545,52.4764,24.0792,-60.0,-60.0,-1.8683936595916748,0.2003583014011383
-6.025121395529441,28.996446741468993,-28.996446741468993,0.4099999999999966,58.267599999999995,24.0792,-60.0,-60.0,-1.886281967163086,0.19858874380588531
-5.78161689186247,29.306897502451964,-29.306897502451964,0.4399999999999977,45.1104,24.0792,-60.0,-60.0,-1.841928482055664,0.20166638493537903
-5.628991129646743,29.57196973618978,-29.57196973618978,0.46999999999999886,52.1462,24.0792,-60.0,-60.0,-1.8658196926116943,0.20007070899009705
-5.424645215712873,29.856000352661663,-29.856000352661663,0.5,54.889399999999995,24.0792,-60.0,-60.0,-1.873844861984253,0.19940052926540375
-5.188298406536959,30.11362228444386,-30.11362228444386,0.5300000000000011,39.5732,24.0792,-60.0,-60.0,-1.8255281448364258,0.20214809477329254
-5.1199442218375175,30.36847719310673,-30.36847719310673,0.5600000000000023,52.705,24.0792,-60.0,-60.0,-1.8660225868225098,0.19961479306221008
-5.056313162029971,30.631408123077534,-30.631408123077534,0.5900000000000034,40.7924,24.0792,-60.0,-60.0,-1.834873914718628,0.20140497386455536
-5.003492216937154,30.898532866327674,-30.898532866327674,0.6200000000000045,55.4482,24.0792,-60.0,-60.0,-1.8782970905303955,0.1985825002193451
-4.967220401245942,31.156468775539825,-31.156468775539825,0.6500000000000057,47.218599999999995,24.0792,-60.0,-60.0,-1.854461431503296,0.20013462007045746
-4.894255189907406,31.393600502595884,-31.393600502595884,0.6800000000000068,39.090599999999995,24.0792,-60.0,-60.0,-1.8424689769744873,0.2005566954612732
-4.892441095608596,31.6382131042547,-31.6382131042547,0.710000000000008,48.768,24.0792,-60.0,-60.0,-1.863050937652588,0.19943033158779144
-4.816298832260006,31.894678528051763,-31.894678528051763,0.7400000000000091,49.504599999999996,24.0792,-60.0,-60.0,-1.866281270980835,0.1991044580936432
-4.796631330620122,32.11972149472511,-32.11972149472511,0.7700000000000102,51.0794,24.0792,-60.0,-60.0,-1.872892141342163,0.19859416782855988
-4.59901620857027,32.368886135544315,-32.368886135544315,0.8100000000000023,44.297599999999996,24.0792,-60.0,-60.0,-1.8594601154327393,0.19904139637947083
-4.4114877950747795,32.585062640922665,-32.585062640922665,0.8400000000000034,59.0804,24.0792,-60.0,-60.0,-1.8891968727111816,0.1959187239408493
-4.25868828010349,32.790515436153726,-32.790515436153726,0.8700000000000045,61.417199999999994,24.0792,-60.0,-60.0,-1.8927855491638184,0.19495093822479248
-4.060668161665954,33.00058381071053,-33.00058381071053,0.9000000000000057,48.768,24.0792,-60.0,-60.0,-1.86203932762146,0.19831691682338715
-4.125180730995418,33.19639896442859,-33.19639896442859,0.9300000000000068,44.196,24.0792,-60.0,-60.0,-1.8590373992919922,0.19832395017147064
-4.070932219105886,33.411807249163815,-33.411807249163815,0.960000000000008,41.1988,24.0792,-60.0,-60.0,-1.8558177947998047,0.1982955038547516
-4.06412864452101,33.627145879202246,-33.627145879202246,0.0,46.0756,13.7668,-60.0,-60.0,-1.7681818008422852,0.19800856709480286
-3.9078498227026373,33.79535821324073,-33.79535821324073,0.030000000000001137,46.913799999999995,13.7668,-60.0,-60.0,-1.767564296722412,0.19772545993328094
-3.7339623652464558,34.0065593932118,-34.0065593932118,0.060000000000002274,40.385999999999996,13.7668,-60.0,-60.0,-1.757871150970459,0.1988716721534729
-3.5354600465201815,34.17209168053426,-34.17209168053426,0.09999999999999432,49.9618,13.7668,-60.0,-60.0,-1.766599416732788,0.1968301236629486
-3.4342090405969086,34.3561688791093,-34.3561688791093,0.12999999999999545,48.26,24.0792,-60.0,-60.0,-1.8897809982299805,0.19620098173618317
-3.352617025369671,34.556688578896654,-34.556688578896654,0.1599999999999966,40.157399999999996,13.7668,-60.0,-60.0,-1.755300521850586,0.198571115732193
-3.258731203572968,34.752405593191085,-34.752405593191085,0.18999999999999773,53.3908,13.7668,-60.0,-60.0,-1.7711429595947266,0.19546961784362793
-3.2687198985775554,34.881486405081844,-34.881486405081844,0.21999999999999886,48.742599999999996,13.7668,-60.0,-60.0,-1.7677459716796875,0.19645307958126068
-3.4633414888029423,35.0928271264122,-35.0928271264122,0.25,44.754799999999996,24.0792,-60.0,-60.0,-1.892418384552002,0.19545428454875946
-3.6496051666701077,35.2804309701667,-35.2804309701667,0.28000000000000114,48.742599999999996,24.0792,-60.0,-60.0,-1.9045281410217285,0.19475139677524567
-3.8235851249234822,35.50219442411791,-35.50219442411791,0.3100000000000023,52.120799999999996,24.0792,-60.0,-60.0,-1.9155397415161133,0.19401374459266663
-3.7681820135463906,35.688523918810986,-35.688523918810986,0.3400000000000034,49.657,24.0792,-60.0,-60.0,-1.9121360778808594,0.19404390454292297
-3.5431528176705664,35.85526413142216,-35.85526413142216,0.37000000000000455,58.6232,24.0792,-60.0,-60.0,-1.9176759719848633,0.19216521084308624
-3.3888035208155474,36.00936080307016,-36.00936080307016,0.4000000000000057,52.3748,24.0792,-60.0,-60.0,-1.908907413482666,0.19366462528705597
-3.1816941219025736,36.18470904458069,-36.18470904458069,0.4399999999999977,43.1038,24.0792,-60.0,-60.0,-1.8915119171142578,0.19442002475261688
-3.158539600559852,36.35313784036539,-36.35313784036539,0.46999999999999886,53.035199999999996,24.0792,-60.0,-60.0,-1.9058680534362793,0.19325312972068787
-3.240574774095505,36.5313525330537,-36.5313525330537,0.5099999999999909,45.7708,24.0792,-60.0,-60.0,-1.897010326385498,0.19371894001960754
-3.3926217436558073,36.73154776805975,-36.73154776805975,0.539999999999992,45.6692,24.0792,-60.0,-60.0,-1.9002876281738281,0.19331586360931396
-3.5183123419965106,36.936424011449965,-36.936424011449965,0.5800000000000125,48.9966,24.0792,-60.0,-60.0,-1.9079515933990479,0.19269762933254242
-3.5169616397882817,37.105676341769716,-37.105676341769716,0.6200000000000045,48.285399999999996,24.0792,-60.0,-60.0,-1.9063446521759033,0.19253522157669067
-3.569753550142694,37.28784029411785,-37.28784029411785,0.6500000000000057,52.451,24.0792,-60.0,-60.0,-1.9152097702026367,0.19165316224098206
-3.5844332069956564,37.4864977457487,-37.4864977457487,0.6800000000000068,52.9082,24.0792,-60.0,-60.0,-1.916485071182251,0.1912470906972885
-3.56916635409472,37.658369130742216,-37.658369130742216,0.7199999999999989,60.9092,24.0792,-60.0,-60.0,-1.9270477294921875,0.18915891647338867
-3.464516146792145,37.84298421466657,-37.84298421466657,0.7599999999999909,43.561,24.0792,-60.0,-60.0,-1.8962364196777344,0.19196730852127075
-3.3690657660753565,37.98694057107892,-37.98694057107892,0.8000000000000114,47.0408,24.0792,-60.0,-60.0,-1.8987054824829102,0.19163362681865692
-3.355495595008864,38.17120863503295,-38.17120863503295,0.8400000000000034,57.480199999999996,24.0792,-60.0,-60.0,-1.9192161560058594,0.18953195214271545
-3.250622587659007,38.33296051042016,-38.33296051042016,0.8799999999999955,42.4942,24.0792,-60.0,-60.0,-1.8907575607299805,0.19156916439533234
-3.1671198232200806,38.50482394428373,-38.50482394428373,0.9099999999999966,55.498999999999995,24.0792,-60.0,-60.0,-1.9094288349151611,0.18970896303653717
-3.0693792398095243,38.65993933994976,-38.65993933994976,0.9399999999999977,51.8668,24.0792,-60.0,-60.0,-1.8983569145202637,0.19039802253246307
-3.096299380894261,38.82234096596119,-38.82234096596119,0.9699999999999989,49.3014,24.0792,-60.0,-60.0,-1.8930933475494385,0.19066713750362396
-3.0813112608145548,38.99164942714179,-38.99164942714179,0.0,42.8244,13.7668,-60.0,-60.0,-1.8103396892547607,0.1919952780008316
-2.915062228937203,39.1158708130283,-39.1158708130283,0.030000000000001137,45.2374,13.7668,-60.0,-60.0,-1.8122804164886475,0.19158317148685455
-2.799987551154319,39.266397793226254,-39.266397793226254,0.060000000000002274,44.373799999999996,13.7668,-60.0,-60.0,-1.8075535297393799,0.19178180396556854
-2.6388334568160237,39.39999832118373,-39.39999832118373,0.09000000000000341,53.035199999999996,13.7668,-60.0,-60.0,-1.8183324337005615,0.19002726674079895
-2.434331442965146,39.50590595570421,-39.50590595570421,0.12000000000000455,70.4342,24.0792,-60.0,-60.0,-1.940467119216919,0.18491701781749725
-2.293214440939143,39.65477888626797,-39.65477888626797,0.15000000000000568,47.6504,13.7668,-60.0,-60.0,-1.8033840656280518,0.1914048045873642
-1.8916082783239698,39.72512904121843,-39.72512904121843,0.18000000000000682,51.4858,13.7668,-60.0,-60.0,-1.799760341644287,0.19099225103855133
-1.8496230732256667,39.79923862614745,-39.79923862614745,0.21000000000000796,50.9524,24.0792,-60.0,-60.0,-1.8927526473999023,0.18943269550800323
-1.9439544412110095,39.90362967925781,-39.90362967925781,0.2400000000000091,58.166,24.0792,-60.0,-60.0,-1.910492181777954,0.18768012523651123
-2.1322907110895817,40.02305735906051,-40.02305735906051,0.27000000000001023,55.117999999999995,24.0792,-60.0,-60.0,-1.9068858623504639,0.18802905082702637
-2.27655864633348,40.142760810198354,-40.142760810198354,0.30000000000001137,50.2412,24.0792,-60.0,-60.0,-1.8987007141113281,0.18879352509975433
-2.281149327919237,40.26875791492577,-40.26875791492577,0.3300000000000125,42.1894,24.0792,-60.0,-60.0,-1.8967418670654297,0.1895056962966919
-2.165137507687919,40.35802469873286,-40.35802469873286,0.36000000000001364,42.3164,24.0792,-60.0,-60.0,-1.8946194648742676,0.18956135213375092
-2.0496377776050876,40.461418878553225,-40.461418878553225,0.38999999999998636,50.8762,24.0792,-60.0,-60.0,-1.8954930305480957,0.18857236206531525
-1.8622247340358762,40.51551611110535,-40.51551611110535,0.4199999999999875,44.704,24.0792,-60.0,-60.0,-1.890211582183838,0.18928742408752441
-1.8219459018432849,40.64024880022133,-40.64024880022133,0.44999999999998863,50.8508,24.0792,-60.0,-60.0,-1.891434669494629,0.18861989676952362
-1.6621676213073122,40.70932482219512,-40.70932482219512,0.47999999999998977,41.3258,24.0792,-60.0,-60.0,-1.8838858604431152,0.1903592050075531
-1.5142627424060264,40.775711054450916,-40.775711054450916,0.5200000000000102,52.958999999999996,24.0792,-60.0,-60.0,-1.8856310844421387,0.18845902383327484
-1.4018626355300319,40.84779073520148,-40.84779073520148,0.5600000000000023,61.2648,24.0792,-60.0,-60.0,-1.8976655006408691,0.18690107762813568
-1.3387064218493723,40.908241775440345,-40.908241775440345,0.5900000000000034,47.675799999999995,24.0792,-60.0,-60.0,-1.881007194519043,0.18926380574703217
-1.4729682048928667,40.98991378259436,-40.98991378259436,0.6299999999999955,49.8856,24.0792,-60.0,-60.0,-1.8840885162353516,0.18883749842643738
-1.4902284498713252,41.06223561245718,-41.06223561245718,0.6699999999999875,53.8226,24.0792,-60.0,-60.0,-1.884903907775879,0.18812578916549683
-1.4389182033267154,41.15103467698239,-41.15103467698239,0.6999999999999886,44.8818,24.0792,-60.0,-60.0,-1.8815648555755615,0.1893354058265686
-1.3886660912437394,41.173694754678934,-41.173694754678934,0.7400000000000091,49.403,24.0792,-60.0,-60.0,-1.88185453414917,0.18887338042259216
-1.4142931729057453,41.271504163419635,-41.271504163419635,0.7700000000000102,45.6184,24.0792,-60.0,-60.0,-1.881056308746338,0.1892346292734146
-1.414469909446649,41.312818507557886,-41.312818507557886,0.8000000000000114,44.5516,24.0792,-60.0,-60.0,-1.8802120685577393,0.18941330909729004
-1.481392180581995,41.38282588752005,-41.38282588752005,0.8300000000000125,49.9872,24.0792,-60.0,-60.0,-1.8836853504180908,0.18852345645427704
-1.1936471549847054,41.443687530967416,-41.443687530967416,0.8700000000000045,53.1368,24.0792,-60.0,-60.0,-1.8782627582550049,0.18825343251228333
-1.0166330920530453,41.47372785673943,-41.47372785673943,0.9000000000000057,49.7586,24.0792,-60.0,-60.0,-1.8740181922912598,0.18896563351154327
-0.783315482848563,41.50576892025414,-41.50576892025414,0.9300000000000068,44.678599999999996,24.0792,-60.0,-60.0,-1.8669068813323975,0.19013038277626038
-0.7872642633139958,41.54283898789096,-41.54283898789096,0.9699999999999989,50.0126,24.0792,-60.0,-60.0,-1.8689372539520264,0.1891213208436966
-0.8726031805469365,41.58802147188157,-41.58802147188157,0.0,44.5516,13.7668,-60.0,-60.0,-1.7784719467163086,0.19191795587539673
-0.6999179174368011,41.61406282758315,-41.61406282758315,0.030000000000001137,45.592999999999996,13.7668,-60.0,-60.0,-1.774918556213379,0.19192121922969818
-0.6896035176376241,41.66032674829462,-41.66032674829462,0.060000000000002274,58.0136,13.7668,-60.0,-60.0,-1.797226905822754,0.18953777849674225
-0.46025988183716116,41.676293855382426,-41.676293855382426,0.09999999999999432,54.432199999999995,13.7668,-60.0,-60.0,-1.7865278720855713,0.19054464995861053
-0.3621163831440587,41.70006346272455,-41.70006346272455,0.13999999999998636,47.828199999999995,24.0792,-60.0,-60.0,-1.8754780292510986,0.1888437420129776
-0.22347415285865718,41.682320809926104,-41.682320809926104,0.17000000000001592,40.2844,24.0792,-60.0,-60.0,-1.8666741847991943,0.1914454996585846
-0.34726203264328004,41.75140491848393,-41.75140491848393,0.19999999999998863,54.584599999999995,13.7668,-60.0,-60.0,-1.7813596725463867,0.1907304972410202
-0.4618513773336832,41.793828899585456,-41.793828899585456,0.2300000000000182,61.417199999999994,24.0792,-60.0,-60.0,-1.8876824378967285,0.18649554252624512
-0.35015038229243145,41.7934378806127,-41.7934378806127,0.2599999999999909,55.9308,24.0792,-60.0,-60.0,-1.8748054504394531,0.1876855045557022
-0.1996594476840209,41.78599301544969,-41.78599301544969,0.29000000000002046,48.437799999999996,24.0792,-60.0,-60.0,-1.8705904483795166,0.1889837235212326
-0.011615833873147798,41.75150426557178,-41.75150426557178,0.3199999999999932,51.8668,24.0792,-60.0,-60.0,-1.8665852546691895,0.1887398511171341
-0.05959956154741305,41.733341215010924,-41.733341215010924,0.35000000000002274,50.6984,24.0792,-60.0,-60.0,-1.866760492324829,0.18892638385295868
-0.09549888422740296,41.736157344255886,-41.736157344255886,0.37999999999999545,52.3748,24.0792,-60.0,-60.0,-1.8671348094940186,0.1886521279811859
-3.05939487501647e-06,41.73188172676257,-41.73188172676257,0.410000000000025,50.2666,24.0792,-60.0,-60.0,-1.8645439147949219,0.1891055405139923
-3.05939487501647e-06,41.71449376576848,-41.71449376576848,0.4399999999999977,43.3578,24.0792,-60.0,-60.0,-1.8603179454803467,0.1909153014421463
-3.05939487501647e-06,41.7442076594092,-41.7442076594092,0.4700000000000273,47.218599999999995,24.0792,-60.0,-60.0,-1.8628242015838623,0.18959829211235046
-3.05939487501647e-06,41.74898659928728,-41.74898659928728,0.5,50.546,24.0792,-60.0,-60.0,-1.8631861209869385,0.1891210973262787
0.2508814872344616,41.706619883203366,-41.706619883203366,0.5299999999999727,58.3184,24.0792,-60.0,-60.0,-1.8582372665405273,0.18821536004543304
0.44062832034744426,41.69064002666083,-41.69064002666083,0.5600000000000023,50.2666,24.0792,-60.0,-60.0,-1.8531479835510254,0.18970654904842377
0.46898056674552835,41.64199546467103,-41.64199546467103,0.589999999999975,44.8818,24.0792,-60.0,-60.0,-1.8490257263183594,0.1911977231502533
0.5408327045864664,41.62063186675421,-41.62063186675421,0.6200000000000045,47.2694,24.0792,-60.0,-60.0,-1.8486804962158203,0.19051244854927063
0.4623198720223574,41.58629589983188,-41.58629589983188,0.6499999999999773,51.1048,24.0792,-60.0,-60.0,-1.850501298904419,0.18979887664318085
0.47534652861843796,41.53308558328082,-41.53308558328082,0.6800000000000068,49.2252,24.0792,-60.0,-60.0,-1.8490710258483887,0.19015343487262726
0.4686858460069863,41.51315987117437,-41.51315987117437,0.7099999999999795,42.8244,24.0792,-60.0,-60.0,-1.8443381786346436,0.1921440213918686
0.46868584600687807,41.467011354775266,-41.467011354775266,0.7400000000000091,54.736999999999995,24.0792,-60.0,-60.0,-1.8483331203460693,0.18945150077342987
0.6212296240062614,41.42986457664674,-41.42986457664674,0.7799999999999727,46.685199999999995,24.0792,-60.0,-60.0,-1.842534065246582,0.19113196432590485
0.8138416043006248,41.35547685089934,-41.35547685089934,0.8100000000000023,42.545,24.0792,-60.0,-60.0,-1.8342301845550537,0.1929214894771576
0.8949361336903825,41.30588602212956,-41.30588602212956,0.8500000000000227,48.894999999999996,24.0792,-60.0,-60.0,-1.835949420928955,0.19104959070682526
0.8761951175098402,41.26074889900083,-41.26074889900083,0.8799999999999955,49.6824,24.0792,-60.0,-60.0,-1.8357162475585938,0.19096514582633972
0.9699571744357142,41.2001183215558,-41.2001183215558,0.9200000000000159,51.8414,24.0792,-60.0,-60.0,-1.8330349922180176,0.1908751279115677
1.1168070364877345,41.128404486552974,-41.128404486552974,0.9499999999999886,49.580799999999996,24.0792,-60.0,-60.0,-1.8286066055297852,0.19143596291542053
1.2610497681404194,41.06463078141635,-41.06463078141635,0.9800000000000182,55.0672,24.0792,-60.0,-60.0,-1.8255863189697266,0.1908542811870575
1.3653919817315687,40.96321604042602,-40.96321604042602,0.009999999999990905,49.8348,13.7668,-60.0,-60.0,-1.73289155960083,0.19365906715393066
1.3254472090339349,40.88373079642567,-40.88373079642567,0.040000000000020464,47.675799999999995,13.7668,-60.0,-60.0,-1.7270140647888184,0.1944727599620819
1.1803864662654273,40.859569703926695,-40.859569703926695,0.06999999999999318,45.059599999999996,13.7668,-60.0,-60.0,-1.7255048751831055,0.19542087614536285
1.2554523994632294,40.78410551928287,-40.78410551928287,0.10000000000002274,52.577999999999996,13.7668,-60.0,-60.0,-1.7365906238555908,0.19319768249988556
1.4019184889461938,40.723220681095704,-40.723220681095704,0.12999999999999545,60.782199999999996,24.0792,-60.0,-60.0,-1.848728895187378,0.1894238442182541
1.6222305789805347,40.62628101650012,-40.62628101650012,0.160000000000025,40.9702,24.0792,-60.0,-60.0,-1.8221030235290527,0.19445541501045227
1.7525106489967102,40.53736962180656,-40.53736962180656,0.18999999999999773,50.419,24.0792,-60.0,-60.0,-1.823164463043213,0.1921231597661972
1.7472102674508125,40.42376400038135,-40.42376400038135,0.22000000000002728,51.2318,24.0792,-60.0,-60.0,-1.8221125602722168,0.19205501675605774
1.5893633732050236,40.39332350137127,-40.39332350137127,0.25,55.346599999999995,24.0792,-60.0,-60.0,-1.8277416229248047,0.19124987721443176
1.3841855993424133,40.33402129536982,-40.33402129536982,0.2799999999999727,53.213,24.0792,-60.0,-60.0,-1.8281025886535645,0.19155825674533844
1.2876222091909524,40.24435989913037,-40.24435989913037,0.3100000000000023,53.7972,24.0792,-60.0,-60.0,-1.8288569450378418,0.19150365889072418
1.1293581569815994,40.19206301643361,-40.19206301643361,0.339999999999975,47.142399999999995,24.0792,-60.0,-60.0,-1.8287584781646729,0.19268645346164703
1.1793847735621035,40.13206020018017,-40.13206020018017,0.37999999999999545,54.7878,24.0792,-60.0,-60.0,-1.8310284614562988,0.19139061868190765
1.1039611777598548,40.06163796755471,-40.06163796755471,0.410000000000025,54.229,24.0792,-60.0,-60.0,-1.8303179740905762,0.19154739379882812
1.1935262505560418,39.98817656844161,-39.98817656844161,0.4399999999999977,56.3118,24.0792,-60.0,-60.0,-1.8321805000305176,0.1913074404001236
1.3292767791068134,39.87042815727329,-39.87042815727329,0.4700000000000273,45.6692,24.0792,-60.0,-60.0,-1.8185772895812988,0.19382238388061523
1.330160524361015,39.838360540206835,-39.838360540206835,0.5,47.498,24.0792,-60.0,-60.0,-1.8186664581298828,0.19339463114738464
1.60915450554322,39.7381512469672,-39.7381512469672,0.5299999999999727,40.995599999999996,24.0792,-60.0,-60.0,-1.808013677597046,0.19568262994289398
1.731132260810225,39.617141692841095,-39.617141692841095,0.5699999999999932,44.221399999999996,24.0792,-60.0,-60.0,-1.8053829669952393,0.19518619775772095
1.8605728694288237,39.5185787235384,-39.5185787235384,0.6100000000000136,50.165,24.0792,-60.0,-60.0,-1.804276943206787,0.19396841526031494
1.881241596694615,39.40464905369069,-39.40464905369069,0.6499999999999773,38.3032,24.0792,-60.0,-60.0,-1.7951653003692627,0.19744303822517395
1.5873017750216396,39.33977948131064,-39.33977948131064,0.6800000000000068,58.547,24.0792,-60.0,-60.0,-1.820310354232788,0.19237427413463593
1.4762640526753734,39.28220397023857,-39.28220397023857,0.7099999999999795,50.4698,24.0792,-60.0,-60.0,-1.8086256980895996,0.19381684064865112
1.274719030248008,39.20949632496977,-39.20949632496977,0.75,52.501799999999996,24.0792,-60.0,-60.0,-1.812204360961914,0.1936482936143875
1.2601659746839176,39.14417135746775,-39.14417135746775,0.7799999999999727,45.72,24.0792,-60.0,-60.0,-1.8081247806549072,0.19500777125358582
1.4890472253244378,39.04611364429807,-39.04611364429807,0.8100000000000023,50.4952,24.0792,-60.0,-60.0,-1.8044281005859375,0.19426867365837097
1.5424168274802923,38.945742222119776,-38.945742222119776,0.839999999999975,44.0944,24.0792,-60.0,-60.0,-1.798316240310669,0.19617486000061035
1.6964428886301284,38.852854710459994,-38.852854710459994,0.8700000000000045,63.6524,24.0792,-60.0,-60.0,-1.813589096069336,0.192146435379982
1.7756552956494116,38.75475688768695,-38.75475688768695,0.910000000000025,53.7464,24.0792,-60.0,-60.0,-1.7963662147521973,0.1947883516550064
1.9029108473978023,38.644734060518644,-38.644734060518644,0.9399999999999977,56.032399999999996,24.0792,-60.0,-60.0,-1.7977049350738525,0.1945982724428177
2.1011466514715136,38.536429854799124,-38.536429854799124,0.9800000000000182,49.657,24.0792,-60.0,-60.0,-1.7829313278198242,0.19619911909103394
2.110212402431011,38.41698341906117,-38.41698341906117,0.01999999999998181,45.1104,13.7668,-60.0,-60.0,-1.6857564449310303,0.19905586540699005
1.9838123725306578,38.331565308489736,-38.331565308489736,0.05000000000001137,51.1048,13.7668,-60.0,-60.0,-1.6918160915374756,0.1962824910879135
1.9382399769471723,38.22602592517135,-38.22602592517135,0.07999999999998408,54.102,13.7668,-60.0,-60.0,-1.6935758590698242,0.19567616283893585
1.8883077161613646,38.11665007377472,-38.11665007377472,0.11000000000001364,45.847,13.7668,-60.0,-60.0,-1.6885743141174316,0.198868989944458
1.8729388331861667,38.04834791485246,-38.04834791485246,0.13999999999998636,33.7312,24.0792,-60.0,-60.0,-1.7868435382843018,0.2005181759595871
1.9925850666368112,37.92458224280863,-37.92458224280863,0.17000000000001592,52.9336,24.0792,-60.0,-60.0,-1.8087472915649414,0.19568170607089996
2.0273216584757394,37.84158725596812,-37.84158725596812,0.19999999999998863,52.4002,24.0792,-60.0,-60.0,-1.8058850765228271,0.19590573012828827
2.1738462638562916,37.709223091289815,-37.709223091289815,0.2300000000000182,47.066199999999995,24.0792,-60.0,-60.0,-1.790257453918457,0.19772695004940033
2.252483458696685,37.57412667929946,-37.57412667929946,0.2599999999999909,43.2562,24.0792,-60.0,-60.0,-1.7788801193237305,0.19922100007534027
2.2036893537595565,37.46542506618144,-37.46542506618144,0.29000000000002046,54.9402,24.0792,-60.0,-60.0,-1.7987630367279053,0.19640569388866425
2.2902098358131746,37.3281163370072,-37.3281163370072,0.3199999999999932,53.2892,24.0792,-60.0,-60.0,-1.7919602394104004,0.19692324101924896
2.258310281870576,37.19334050555859,-37.19334050555859,0.35000000000002274,44.221399999999996,24.0792,-60.0,-60.0,-1.7761085033416748,0.19958271086215973
2.3697170737172604,37.048374931037806,-37.048374931037806,0.37999999999999545,52.451,24.0792,-60.0,-60.0,-1.7836308479309082,0.19751787185668945
2.4336811240246403,36.89731222176051,-36.89731222176051,0.410000000000025,44.8818,24.0792,-60.0,-60.0,-1.7698140144348145,0.20013435184955597
2.552001440006435,36.775298521650164,-36.775298521650164,0.4399999999999977,41.6814,24.0792,-60.0,-60.0,-1.7585315704345703,0.20150943100452423
2.7601117047452948,36.602906169473584,-36.602906169473584,0.4700000000000273,53.3908,24.0792,-60.0,-60.0,-1.7671356201171875,0.19853995740413666
2.9882549379227346,36.446268551816054,-36.446268551816054,0.5099999999999909,53.0098,24.0792,-60.0,-60.0,-1.7577908039093018,0.19910688698291779
3.105817965817845,36.23963020112432,-36.23963020112432,0.5400000000000205,58.800999999999995,24.0792,-60.0,-60.0,-1.7585687637329102,0.19856221973896027
3.135028356459166,36.100524071326284,-36.100524071326284,0.5699999999999932,46.3296,24.0792,-60.0,-60.0,-1.743180274963379,0.20204518735408783
3.1671167638242275,35.91248435661212,-35.91248435661212,0.6100000000000136,56.413399999999996,24.0792,-60.0,-60.0,-1.7479472160339355,0.19983482360839844
3.2210043477904877,35.72447957273165,-35.72447957273165,0.6499999999999773,57.175399999999996,24.0792,-60.0,-60.0,-1.74359130859375,0.2000618427991867
3.401547333698492,35.54001890920412,-35.54001890920412,0.6899999999999977,61.6712,24.0792,-60.0,-60.0,-1.7440667152404785,0.1990196257829666
3.489121500324316,35.32281506737706,-35.32281506737706,0.7200000000000273,46.0756,24.0792,-60.0,-60.0,-1.7182114124298096,0.20394784212112427
3.5887165186053966,35.123261365259374,-35.123261365259374,0.75,46.228,24.0792,-60.0,-60.0,-1.7117574214935303,0.2043747454881668
3.6546510737837457,34.895654999914676,-34.895654999914676,0.7900000000000205,53.6448,24.0792,-60.0,-60.0,-1.710329294204712,0.20239117741584778
3.764481248385658,34.69086037049395,-34.69086037049395,0.8199999999999932,49.8856,24.0792,-60.0,-60.0,-1.7005836963653564,0.20413266122341156
3.966282273666963,34.461438360839956,-34.461438360839956,0.8500000000000227,38.6334,24.0792,-60.0,-60.0,-1.6826677322387695,0.20868076384067535
4.175724753661106,34.219362252430244,-34.219362252430244,0.8799999999999955,54.3052,24.0792,-60.0,-60.0,-1.6876230239868164,0.2036702036857605
4.254112597551826,33.96537085353527,-33.96537085353527,0.910000000000025,48.361599999999996,24.0792,-60.0,-60.0,-1.6713833808898926,0.2065887302160263
4.3406314260943155,33.7386689511004,-33.7386689511004,0.9399999999999977,47.8028,24.0792,-60.0,-60.0,-1.6634509563446045,0.20729555189609528
4.452501992358401,33.48421663754682,-33.48421663754682,0.9700000000000273,44.8818,24.0792,-60.0,-60.0,-1.6524384021759033,0.2089110165834427
4.748098556613882,33.21946669145072,-33.21946669145072,0.0,58.0136,13.7668,-60.0,-60.0,-1.5328633785247803,0.2050468474626541
4.9170152506707385,32.953320257488,-32.953320257488,0.029999999999972715,43.916599999999995,13.7668,-60.0,-60.0,-1.5131630897521973,0.2118672877550125
4.82138806573383,32.70745216854363,-32.70745216854363,0.060000000000002274,52.654199999999996,13.7668,-60.0,-60.0,-1.5122923851013184,0.20823198556900024
4.822909885570519,32.44715456876811,-32.44715456876811,0.08999999999997499,46.1518,13.7668,-60.0,-60.0,-1.5015544891357422,0.2116660475730896
4.786852632814216,32.20173831443255,-32.20173831443255,0.12000000000000455,46.8884,24.0792,-60.0,-60.0,-1.6447045803070068,0.20969721674919128
4.950133102247883,31.94528224570055,-31.94528224570055,0.14999999999997726,48.3362,24.0792,-60.0,-60.0,-1.6393537521362305,0.20949360728263855
5.0928644099773575,31.640155783968055,-31.640155783968055,0.18000000000000682,48.8442,24.0792,-60.0,-60.0,-1.6311933994293213,0.20976980030536652
5.092981377104493,31.392237751540982,-31.392237751540982,0.20999999999997954,45.4152,24.0792,-60.0,-60.0,-1.617255449295044,0.2117307186126709
5.209225498122013,31.108745345724508,-31.108745345724508,0.2400000000000091,50.3428,24.0792,-60.0,-60.0,-1.6212682723999023,0.20976479351520538
5.349035607825943,30.806074292957987,-30.806074292957987,0.2699999999999818,45.6184,24.0792,-60.0,-60.0,-1.5990538597106934,0.21263591945171356
5.480721341789566,30.487349312640347,-30.487349312640347,0.30000000000001137,50.927,24.0792,-60.0,-60.0,-1.6030020713806152,0.21052633225917816
5.619179903868596,30.176376894523983,-30.176376894523983,0.3299999999999841,48.971199999999996,24.0792,-60.0,-60.0,-1.587475299835205,0.21203084290027618
5.7088421986449855,29.855786937290997,-29.855786937290997,0.36000000000001364,51.689,24.0792,-60.0,-60.0,-1.5853872299194336,0.21115410327911377
5.865100150181308,29.525127755124952,-29.525127755124952,0.38999999999998636,46.532799999999995,24.0792,-60.0,-60.0,-1.559584140777588,0.21433377265930176
6.085508977257639,29.172346156834237,-29.172346156834237,0.4300000000000068,61.7728,24.0792,-60.0,-60.0,-1.5908961296081543,0.2082774043083191
6.270210177468443,28.811632771493667,-28.811632771493667,0.45999999999997954,47.980599999999995,24.0792,-60.0,-60.0,-1.535881757736206,0.21499058604240417
6.466479183431708,28.47310475851492,-28.47310475851492,0.4900000000000091,38.9128,24.0792,-60.0,-60.0,-1.495591163635254,0.22044329345226288
6.701440080357968,28.067977293425987,-28.067977293425987,0.5299999999999727,44.145199999999996,24.0792,-60.0,-60.0,-1.4941720962524414,0.21848446130752563
6.88749166527091,27.68324800449967,-27.68324800449967,0.5600000000000023,45.592999999999996,24.0792,-60.0,-60.0,-1.483299970626831,0.21844513714313507
7.059812324039699,27.290073285519533,-27.290073285519533,0.589999999999975,48.9966,24.0792,-60.0,-60.0,-1.4783401489257812,0.21736761927604675
7.2461596594608775,26.897032551423894,-26.897032551423894,0.6200000000000045,39.242999999999995,24.0792,-60.0,-60.0,-1.437990427017212,0.22323106229305267
7.473212208846156,26.468991556848344,-26.468991556848344,0.6499999999999773,48.7172,24.0792,-60.0,-60.0,-1.4432098865509033,0.21908846497535706
7.687929626965932,26.03147465356545,-26.03147465356545,0.6800000000000068,43.4848,24.0792,-60.0,-60.0,-1.4076282978057861,0.22275951504707336
7.863793417123967,25.603660124155418,-25.603660124155418,0.7099999999999795,49.8602,24.0792,-60.0,-60.0,-1.413257122039795,0.2200166881084442
7.878254069202163,25.179825121449955,-25.179825121449955,0.7400000000000091,48.9458,24.0792,-60.0,-60.0,-1.3978233337402344,0.22099468111991882
7.694124102101607,24.805808861832652,-24.805808861832652,0.7699999999999818,51.4858,24.0792,-60.0,-60.0,-1.406480312347412,0.21959921717643738
7.390790519358521,24.41376069490878,-24.41376069490878,0.8100000000000023,43.053,24.0792,-60.0,-60.0,-1.3622567653656006,0.22446885704994202
7.184718435458711,24.061101538534036,-24.061101538534036,0.839999999999975,45.8724,24.0792,-60.0,-60.0,-1.3669772148132324,0.22297930717468262
7.243085094405758,23.662312947637204,-23.662312947637204,0.8700000000000045,53.6956,24.0792,-60.0,-60.0,-1.3986215591430664,0.21880219876766205
7.392935497527425,23.252157411707564,-23.252157411707564,0.8999999999999773,57.886599999999994,34.417,-60.0,-60.0,-1.583101511001587,0.21411344408988953
7.631302604369533,22.855951390468597,-22.855951390468597,0.9300000000000068,49.403,34.417,-60.0,-60.0,-1.5377936363220215,0.21928198635578156
7.444988293588505,22.4611050370602,-22.4611050370602,0.9599999999999795,49.6316,24.0792,-60.0,-60.0,-1.3375015258789062,0.22269326448440552
-6.504434515439489,-1.5715963293339534,1.5715963293339534,1.0,55.7784,24.0792,-60.0,-60.0,-0.47771692276000977,0.2278815060853958
7.011851753284846,21.729902666517628,-21.729902666517628,0.029999999999972715,57.886599999999994,24.0792,-60.0,-60.0,-1.371478796005249,0.21822293102741241
6.961964605737147,21.36691796478827,-21.36691796478827,0.060000000000002274,46.913799999999995,24.0792,-60.0,-60.0,-1.315971851348877,0.22424153983592987
7.056270780898438,20.987847339227095,-20.987847339227095,0.08999999999997499,46.6344,24.0792,-60.0,-60.0,-1.2997121810913086,0.22494220733642578
6.9885646660370675,20.6308496825211,-20.6308496825211,0.12000000000000455,43.687999999999995,24.0792,-60.0,-60.0,-1.2721891403198242,0.22705191373825073
6.844493500675548,20.28888851956453,-20.28888851956453,0.160000000000025,45.5676,24.0792,-60.0,-60.0,-1.2746319770812988,0.22603869438171387
6.842110942981807,19.920413869411675,-19.920413869411675,0.18999999999999773,53.974999999999994,24.0792,-60.0,-60.0,-1.2873437404632568,0.22237618267536163
6.87935747376086,19.578549452929497,-19.578549452929497,0.22000000000002728,52.349399999999996,24.0792,-60.0,-60.0,-1.265554428100586,0.22365564107894897
6.9217103115765575,19.192797010390755,-19.192797010390755,0.25,49.9618,24.0792,-60.0,-60.0,-1.2384345531463623,0.22534118592739105
6.952322790526778,18.838562673929314,-18.838562673929314,0.2799999999999727,37.8968,24.0792,-60.0,-60.0,-1.1699750423431396,0.2324996143579483
7.108343407978214,18.421620589722508,-18.421620589722508,0.3100000000000023,49.8094,24.0792,-60.0,-60.0,-1.192084789276123,0.22675849497318268
7.276728992665256,18.009032880707636,-18.009032880707636,0.339999999999975,49.275999999999996,24.0792,-60.0,-60.0,-1.1635353565216064,0.22784410417079926
7.469677174640302,17.59618720361814,-17.59618720361814,0.37000000000000455,53.6448,34.417,-60.0,-60.0,-1.3414108753204346,0.22222276031970978
7.626148683253324,17.171568955485515,-17.171568955485515,0.39999999999997726,65.151,34.417,-60.0,-60.0,-1.3485455513000488,0.21867869794368744
7.725325292540551,16.763063039477604,-16.763063039477604,0.4300000000000068,61.340999999999994,34.417,-60.0,-60.0,-1.3099071979522705,0.22026395797729492
7.813944559652901,16.334625674539353,-16.334625674539353,0.45999999999997954,57.962799999999994,34.417,-60.0,-60.0,-1.2757668495178223,0.22247041761875153
7.869466919220579,15.911184366475176,-15.911184366475176,0.4900000000000091,53.6702,24.0792,-60.0,-60.0,-1.0390260219573975,0.22961750626564026
8.00792495612905,15.457395485032453,-15.457395485032453,0.5299999999999727,41.8592,24.0792,-60.0,-60.0,-0.9764738082885742,0.236349955201149
8.274021634212685,14.999040121442295,-14.999040121442295,0.5600000000000023,64.0842,24.0792,-60.0,-60.0,-0.9988822937011719,0.22678112983703613
8.585583949906674,14.50761391223782,-14.50761391223782,0.589999999999975,50.7746,34.417,-60.0,-60.0,-1.1544396877288818,0.22831900417804718
8.784518863735876,14.019590438666057,-14.019590438666057,0.6200000000000045,46.6344,34.417,-60.0,-60.0,-1.128831386566162,0.2301248162984848
8.898996541134654,13.533756126896343,-13.533756126896343,0.6499999999999773,51.663599999999995,34.417,-60.0,-60.0,-1.0959982872009277,0.22961492836475372
8.973607381082896,13.052964753395283,-13.052964753395283,0.6800000000000068,58.115199999999994,34.417,-60.0,-60.0,-1.0657463073730469,0.2285504937171936
9.081873631421924,12.55322887567238,-12.55322887567238,0.7099999999999795,65.9384,34.417,-60.0,-60.0,-1.0378029346466064,0.22612062096595764
9.233956657333529,12.049742833064402,-12.049742833064402,0.7400000000000091,47.9552,34.417,-60.0,-60.0,-1.0046663284301758,0.23239007592201233
9.406277350414705,11.537045450080457,-11.537045450080457,0.7699999999999818,52.3748,34.417,-60.0,-60.0,-0.9671602249145508,0.23211021721363068
9.531592936022333,11.010735897586951,-11.010735897586951,0.8000000000000114,46.2534,34.417,-60.0,-60.0,-0.9344873428344727,0.23419134318828583
9.713637984661302,10.466391179972044,-10.466391179972044,0.8299999999999841,46.7868,34.417,-60.0,-60.0,-0.8954892158508301,0.2350696176290512
9.88061068587665,9.93551173346412,-9.93551173346412,0.8600000000000136,49.149,34.417,-60.0,-60.0,-0.8568129539489746,0.23560315370559692
10.043013141853718,9.384238856864275,-9.384238856864275,0.8899999999999864,49.7586,34.417,-60.0,-60.0,-0.8178720474243164,0.2365846037864685
10.22455055147338,8.80620221094195,-8.80620221094195,0.9200000000000159,53.467,34.417,-60.0,-60.0,-0.7743148803710938,0.23683539032936096
10.35209688069786,8.242668006284125,-8.242668006284125,0.9499999999999886,45.592999999999996,44.7294,-60.0,-60.0,-1.0182313919067383,0.23089681565761566
10.411126915788401,7.6733274902478605,-7.6733274902478605,0.9800000000000182,45.5676,44.7294,-60.0,-60.0,-0.982093334197998,0.23181624710559845
10.337720981355513,7.102634633412009,-7.102634633412009,0.009999999999990905,49.3776,34.417,-60.0,-60.0,-0.6717138290405273,0.23957759141921997
10.276665818777298,6.540636161487706,-6.540636161487706,0.040000000000020464,44.9326,34.417,-60.0,-60.0,-0.6433448791503906,0.24125854671001434
10.4060517794209,6.033372818222576,-6.033372818222576,0.06999999999999318,64.1604,34.417,-60.0,-60.0,-0.5963587760925293,0.23277051746845245
10.914100262560229,5.343514294207053,-5.343514294207053,0.10000000000002274,58.5978,34.417,-60.0,-60.0,-0.5343751907348633,0.2373279184103012
11.18421606421651,4.78131912870057,-4.78131912870057,0.12999999999999545,48.971199999999996,34.417,-60.0,-60.0,-0.5032367706298828,0.24316079914569855
11.46554983551361,4.139466099645969,-4.139466099645969,0.160000000000025,47.142399999999995,34.417,-60.0,-60.0,-0.46256113052368164,0.24508951604366302
11.540889423125114,3.5163725556937107,-3.5163725556937107,0.18999999999999773,47.1932,44.7294,-60.0,-60.0,-0.6841835975646973,0.2389679104089737
10.983625395729737,3.001911505791052,-3.001911505791052,0.22000000000002728,59.410599999999995,44.7294,-60.0,-60.0,-0.6528644561767578,0.2345721572637558
10.023856778954853,2.578704955732399,-2.578704955732399,0.2599999999999909,44.4246,44.4246,-60.0,-60.0,-0.6583099365234375,0.23914077877998352
8.907858699217313,2.216831340609876,-2.216831340609876,0.29000000000002046,56.515,44.7294,-60.0,-60.0,-0.6726388931274414,0.233787402510643
7.081171917013215,2.0857727371202364,-2.0857727371202364,0.3199999999999932,52.2986,44.7294,-60.0,-60.0,-0.7236270904541016,0.23180821537971497
4.965201568916255,2.1762916796648697,-2.1762916796648697,0.35000000000002274,57.5564,44.7294,-60.0,-60.0,-0.7961263656616211,0.22629433870315552
4.704562629360132,1.980616509949308,-1.980616509949308,0.37999999999999545,46.2026,34.417,-60.0,-60.0,-0.5626945495605469,0.23602433502674103
-6.504434515439489,-1.5715963293339534,1.5715963293339534,1.410000000000025,46.1518,44.7294,-60.0,-60.0,-0.94091796875,0.21807092428207397
-6.504434515439489,-1.5715963293339534,1.5715963293339534,2.4399999999999977,45.288199999999996,34.417,-60.0,-60.0,-0.7098493576049805,0.22424530982971191
-6.504434515439489,-1.5715963293339534,1.5715963293339534,3.4700000000000273,56.794399999999996,34.417,-60.0,-60.0,-0.719153881072998,0.22387531399726868
-6.504434515439489,-1.5715963293339534,1.5715963293339534,4.5,66.0654,34.417,-60.0,-60.0,-0.7129054069519043,0.22507329285144806
-6.504434515439489,-1.5715963293339534,1.5715963293339534,5.529999999999973,56.4388,44.7294,-60.0,-60.0,-0.9451088905334473,0.22144195437431335
-6.504434515439489,-1.5715963293339534,1.5715963293339534,6.560000000000002,78.1558,44.7294,-60.0,-60.0,-0.9750785827636719,0.21991382539272308
-6.504434515439489,-1.5715963293339534,1.5715963293339534,7.589999999999975,48.4886,44.7294,-60.0,-60.0,-0.9272546768188477,0.22537747025489807
-6.504434515439489,-1.5715963293339534,1.5715963293339534,8.620000000000005,73.78699999999999,44.7294,-60.0,-60.0,-0.9928464889526367,0.2219756543636322
-6.504434515439489,-1.5715963293339534,1.5715963293339534,9.649999999999977,48.9966,34.417,-60.0,-60.0,-0.717036247253418,0.2326381504535675
