4.828159867339331,-30.95234667875643,30.95234667875643,0.5499999999999998,0.0,0.0,-60.0,-60.0,1.493565559387207,0.42612430453300476
3.845080958465964,-31.234684866940285,31.234684866940285,0.8399999999999999,0.0,0.0,-60.0,-60.0,1.481799602508545,0.4200623333454132
3.6174188548422244,-31.415840304881854,31.415840304881854,0.8599999999999994,0.0,0.0,-60.0,-60.0,1.4827733039855957,0.41948243975639343
3.3579679168688843,-31.597846979117378,31.597846979117378,0.8699999999999992,3.4543999999999997,3.4543999999999997,-60.0,-60.0,1.4385676383972168,0.4046100974082947
2.9609178887401058,-31.709856134456984,31.709856134456984,0.8800000000000008,13.7668,13.7668,-60.0,-60.0,1.2944259643554688,0.3660289943218231
2.801219446451389,-31.840499749541543,31.840499749541543,0.8900000000000006,13.7668,24.0792,-60.0,-60.0,1.1621384620666504,0.3409558832645416
2.522820492215188,-31.958808161825964,31.958808161825964,0.9100000000000001,13.7668,34.417,-60.0,-60.0,1.0295381546020508,0.319923460483551
2.4117916181954207,-32.09036018488531,32.09036018488531,0.9199999999999999,24.0792,43.942,-60.0,-60.0,0.8992152214050293,0.3005710542201996
2.254543452021126,-32.19285686705296,32.19285686705296,0.9399999999999995,24.0792,49.275999999999996,-60.0,-60.0,0.8311052322387695,0.29335641860961914
2.1160403293991545,-32.298541924496355,32.298541924496355,0.9600000000000009,24.0792,60.5028,-60.0,-60.0,0.68768310546875,0.28108733892440796
2.098144334100071,-32.41533495913564,32.41533495913564,0.9800000000000004,34.417,64.4652,-60.0,-60.0,0.6274662017822266,0.27305567264556885
2.036918116157327,-32.52650875989573,32.52650875989573,0.0,24.0792,57.657999999999994,-60.0,-60.0,0.7396202087402344,0.28266626596450806
2.0316783466514434,-32.62088401312743,32.62088401312743,0.019999999999999574,24.0792,55.7784,-60.0,-60.0,0.7660999298095703,0.28476059436798096
1.971035866460121,-32.69888587522512,32.69888587522512,0.03999999999999915,24.0792,50.4952,-60.0,-60.0,0.8332066535949707,0.29063302278518677
1.9405363196258623,-32.78513031424799,32.78513031424799,0.07000000000000028,24.0792,57.531,-60.0,-60.0,0.7459812164306641,0.28305584192276
1.9461888288633882,-32.88841788913575,32.88841788913575,0.08999999999999986,24.0792,55.194199999999995,-60.0,-60.0,0.778782844543457,0.28570428490638733
1.8089283883386003,-32.95363411959239,32.95363411959239,0.10999999999999943,34.417,57.0484,-60.0,-60.0,0.7410283088684082,0.27897968888282776
1.7646425203408367,-33.043466942734725,33.043466942734725,0.14000000000000057,34.417,54.051199999999994,-60.0,-60.0,0.780177116394043,0.2822161018848419
1.6841334562025068,-33.13236061873922,33.13236061873922,0.1700000000000017,34.417,46.4058,-60.0,-60.0,0.8780217170715332,0.29114094376564026
1.5633280328068364,-33.20194919633488,33.20194919633488,0.1999999999999993,34.417,60.2742,-60.0,-60.0,0.7000274658203125,0.27569788694381714
1.4812713037854932,-33.271501533087935,33.271501533087935,0.23000000000000043,34.417,53.568599999999996,-60.0,-60.0,0.7845454216003418,0.2824988067150116
1.3634140374313979,-33.356477707382204,33.356477707382204,0.26000000000000156,34.417,55.9308,-60.0,-60.0,0.7537932395935059,0.279840886592865
1.2890178763562983,-33.4076655920485,33.4076655920485,0.28999999999999915,34.417,54.584599999999995,-60.0,-60.0,0.7700061798095703,0.2811945080757141
1.2730425508020755,-33.469261705368986,33.469261705368986,0.3200000000000003,34.417,53.6702,-60.0,-60.0,0.7827014923095703,0.28229543566703796
1.190254612237042,-33.53555632644663,33.53555632644663,0.3500000000000014,34.417,48.006,-60.0,-60.0,0.8542814254760742,0.2887614071369171
1.26443740558738,-33.58073811348912,33.58073811348912,0.38000000000000256,34.417,65.20179999999999,-60.0,-60.0,0.6386909484863281,0.2712912857532501
1.2850298001214966,-33.66507188047337,33.66507188047337,0.4099999999999966,34.417,52.832,-60.0,-60.0,0.7987475395202637,0.2837561368942261
1.1871036810111923,-33.68950111017251,33.68950111017251,0.4399999999999977,34.417,56.489599999999996,-60.0,-60.0,0.7503662109375,0.27960747480392456
1.1905211988055806,-33.7523845755469,33.7523845755469,0.46999999999999886,34.417,46.863,-60.0,-60.0,0.8748931884765625,0.29078876972198486
1.069842512933564,-33.802483592739236,33.802483592739236,0.5,34.417,65.0748,-60.0,-60.0,0.6406044960021973,0.2714122533798218
1.0856350131749475,-33.86276802574917,33.86276802574917,0.5300000000000011,34.417,49.9618,-60.0,-60.0,0.8340530395507812,0.28710103034973145
0.9700750368365418,-33.90095861213051,33.90095861213051,0.5600000000000023,34.417,60.858399999999996,-60.0,-60.0,0.6942024230957031,0.27522531151771545
0.856687760058576,-33.93697332082765,33.93697332082765,0.5900000000000034,34.417,58.267599999999995,-60.0,-60.0,0.7247681617736816,0.2775559425354004
0.9457952104046916,-34.00688902566185,34.00688902566185,0.6199999999999974,34.417,54.0258,-60.0,-60.0,0.7827615737915039,0.2824019491672516
1.128533204020572,-34.101442474106996,34.101442474106996,0.6499999999999986,34.417,47.066199999999995,-60.0,-60.0,0.8789196014404297,0.2914569079875946
1.4585912219294999,-34.207249006539705,34.207249006539705,0.6799999999999997,34.417,51.1556,-60.0,-60.0,0.8385095596313477,0.28773045539855957
1.6242332059665536,-34.30152210601286,34.30152210601286,0.7100000000000009,34.417,50.215799999999994,-60.0,-60.0,0.8573398590087891,0.2896762192249298
1.7644069515266936,-34.39877603167609,34.39877603167609,0.740000000000002,34.417,43.0276,-60.0,-60.0,0.9562296867370605,0.3001224398612976
1.7743007902404933,-34.488885113223766,34.488885113223766,0.7700000000000031,34.417,60.553599999999996,-60.0,-60.0,0.737185001373291,0.2787536382675171
1.7610500894474748,-34.56758353128765,34.56758353128765,0.7999999999999972,34.417,48.590199999999996,-60.0,-60.0,0.8884091377258301,0.2930222451686859
1.771297314649875,-34.67268027739937,34.67268027739937,0.8299999999999983,34.417,53.5432,-60.0,-60.0,0.8301572799682617,0.28696706891059875
1.997118569940297,-34.79974303865623,34.79974303865623,0.8599999999999994,34.417,45.9994,-60.0,-60.0,0.9330649375915527,0.29825153946876526
2.3105141638092785,-34.95099613981716,34.95099613981716,0.8900000000000006,34.417,44.068999999999996,-60.0,-60.0,0.969881534576416,0.30286693572998047
2.4815766404580017,-35.10451013143173,35.10451013143173,0.9200000000000017,34.417,57.962799999999994,-60.0,-60.0,0.807034969329834,0.2848416566848755
2.61053582375775,-35.23864828182273,35.23864828182273,0.9500000000000028,34.417,58.115199999999994,-60.0,-60.0,0.8125205039978027,0.28535017371177673
2.4547461601149343,-35.36772740944258,35.36772740944258,0.9799999999999969,34.417,42.3926,-60.0,-60.0,1.0066184997558594,0.30757516622543335
2.4113797121192433,-35.4908066419096,35.4908066419096,0.00999999999999801,24.0792,45.1612,-60.0,-60.0,0.9955954551696777,0.30610528588294983
2.3148692195785663,-35.59064915090359,35.59064915090359,0.03999999999999915,24.0792,51.308,-60.0,-60.0,0.920872688293457,0.29692235589027405
2.261998067120141,-35.69739743468959,35.69739743468959,0.060000000000002274,24.0792,57.480199999999996,-60.0,-60.0,0.8464627265930176,0.2891543507575989
2.393888673141337,-35.82396695936327,35.82396695936327,0.0799999999999983,13.7668,47.5742,-60.0,-60.0,0.987269401550293,0.308007150888443
2.440738039493034,-35.97292111209941,35.97292111209941,0.10999999999999943,24.0792,49.047399999999996,-60.0,-60.0,0.9625072479248047,0.3016899824142456
2.3897908566716737,-36.10247815347384,36.10247815347384,0.14000000000000057,24.0792,55.956199999999995,-60.0,-60.0,0.8802566528320312,0.2923661172389984
2.148904846284866,-36.1508715609553,36.1508715609553,0.1700000000000017,24.0792,58.343799999999995,-60.0,-60.0,0.8454170227050781,0.2888563871383667
2.171020821159286,-36.282544352534025,36.282544352534025,0.20000000000000284,24.0792,58.1406,-60.0,-60.0,0.8522415161132812,0.289470911026001
2.1495353393762797,-36.41369679399782,36.41369679399782,0.22999999999999687,34.417,45.9994,-60.0,-60.0,0.9926910400390625,0.3020792305469513
2.0794826133570665,-36.52023674398546,36.52023674398546,0.2600000000000051,34.417,41.528999999999996,-60.0,-60.0,1.0520153045654297,0.3092113435268402
1.8999078042573239,-36.59536716808073,36.59536716808073,0.29000000000000625,34.417,56.489599999999996,-60.0,-60.0,0.861598014831543,0.2869172990322113
1.7798365824259992,-36.68314152310312,36.68314152310312,0.3199999999999932,34.417,53.6956,-60.0,-60.0,0.894993782043457,0.29037460684776306
1.7967971000443133,-36.77678765303602,36.77678765303602,0.3400000000000034,34.417,67.6402,-60.0,-60.0,0.7252578735351562,0.2747986614704132
1.822296173427229,-36.86756260198945,36.86756260198945,0.37000000000000455,34.417,60.2742,-60.0,-60.0,0.8202557563781738,0.28282761573791504
1.7783643005106813,-36.946959146594374,36.946959146594374,0.4000000000000057,34.417,61.493399999999994,-60.0,-60.0,0.8060765266418457,0.28151383996009827
1.7788354309793266,-37.05457680946218,37.05457680946218,0.4300000000000068,34.417,49.911,-60.0,-60.0,0.9510402679443359,0.2968508005142212
1.7099889728909567,-37.14539927428872,37.14539927428872,0.45999999999999375,34.417,65.0748,-60.0,-60.0,0.7651686668395996,0.2779052257537842
1.5927208242907105,-37.21635490285383,37.21635490285383,0.4899999999999949,34.417,57.4548,-60.0,-60.0,0.8581833839416504,0.2863866090774536
1.509429303997895,-37.28133423541302,37.28133423541302,0.519999999999996,34.417,53.0606,-60.0,-60.0,0.9114055633544922,0.29206517338752747
1.4794451324690006,-37.34389281279087,37.34389281279087,0.5499999999999972,34.417,55.9816,-60.0,-60.0,0.8764548301696777,0.28825879096984863
1.4917570032877443,-37.423636044884866,37.423636044884866,0.5799999999999983,34.417,54.3814,-60.0,-60.0,0.8984642028808594,0.2906375527381897
1.4221254075826182,-37.48871393615864,37.48871393615864,0.6099999999999994,34.417,59.5884,-60.0,-60.0,0.8343181610107422,0.28402581810951233
1.3247402101859787,-37.540718801940855,37.540718801940855,0.6400000000000006,34.417,69.215,-60.0,-60.0,0.7131147384643555,0.2736925780773163
1.310187727913321,-37.62301048567159,37.62301048567159,0.6700000000000017,34.417,49.3776,-60.0,-60.0,0.9594802856445312,0.2978653311729431
1.070490715786197,-37.682021247591734,37.682021247591734,0.7000000000000028,34.417,47.3964,-60.0,-60.0,0.9804449081420898,0.3000117838382721
0.9875185810485021,-37.71057395663294,37.71057395663294,0.730000000000004,34.417,57.1246,-60.0,-60.0,0.8583765029907227,0.28633132576942444
0.9787968316253856,-37.76285132859509,37.76285132859509,0.7600000000000051,34.417,55.0164,-60.0,-60.0,0.8852767944335938,0.2891620099544525
0.9374268415495072,-37.81100290690335,37.81100290690335,0.7900000000000063,34.417,56.6674,-60.0,-60.0,0.8650641441345215,0.28705546259880066
1.1031362105487363,-37.89518404977388,37.89518404977388,0.8199999999999932,34.417,53.6448,-60.0,-60.0,0.9087319374084473,0.29183879494667053
1.0643033137661053,-37.920630940212405,37.920630940212405,0.8499999999999943,34.417,51.968399999999995,-60.0,-60.0,0.928558349609375,0.2941877841949463
0.9225758351906597,-37.97554816363024,37.97554816363024,0.8799999999999955,34.417,49.657,-60.0,-60.0,0.9541535377502441,0.2973019778728485
0.8479653725577746,-38.0016488660343,38.0016488660343,0.9099999999999966,34.417,44.5516,-60.0,-60.0,1.019099235534668,0.30475157499313354
0.7388734046895867,-38.00117616432907,38.00117616432907,0.9399999999999977,34.417,46.532799999999995,-60.0,-60.0,0.9903163909912109,0.3012878894805908
0.8194405357058473,-38.065114175991496,38.065114175991496,0.9699999999999989,34.417,50.5714,-60.0,-60.0,0.9420924186706543,0.2959308922290802
0.8666477350373255,-38.116407276476124,38.116407276476124,0.0,24.0792,47.8028,-60.0,-60.0,1.0000300407409668,0.30328553915023804
0.6224084470421904,-38.108519498597865,38.108519498597865,0.030000000000001137,24.0792,43.561,-60.0,-60.0,1.0445685386657715,0.30929505825042725
0.5838017244876823,-38.15882221308206,38.15882221308206,0.060000000000002274,13.7668,45.6692,-60.0,-60.0,1.0310750007629395,0.31047189235687256
0.46043365530955904,-38.16105534762948,38.16105534762948,0.09000000000000341,13.7668,51.3842,-60.0,-60.0,0.9586977958679199,0.3013218343257904
0.45147411236289403,-38.16882650048506,38.16882650048506,0.12000000000000455,24.0792,49.3776,-60.0,-60.0,0.970482349395752,0.2996375560760498
0.28595483265738225,-38.17329128680769,38.17329128680769,0.15000000000000568,24.0792,47.751999999999995,-60.0,-60.0,0.9855694770812988,0.30154627561569214
-3.0593947732387196e-06,-38.163295715359524,38.163295715359524,0.18000000000000682,24.0792,48.6918,-60.0,-60.0,0.9660749435424805,0.29908308386802673
-3.0593947732387196e-06,-38.16412567372571,38.16412567372571,0.20999999999999375,24.0792,51.562,-60.0,-60.0,0.9309701919555664,0.29504647850990295
-3.0593947732387196e-06,-38.16268373691254,38.16268373691254,0.23999999999999488,24.0792,57.6072,-60.0,-60.0,0.8566184043884277,0.28738757967948914
-3.0593947732387196e-06,-38.17763866019132,38.17763866019132,0.269999999999996,34.417,52.9336,-60.0,-60.0,0.9024477005004883,0.28879186511039734
-3.0593947732387196e-06,-38.1855631851551,38.1855631851551,0.29999999999999716,34.417,41.0972,-60.0,-60.0,1.0571784973144531,0.30538859963417053
-0.031304494515966536,-38.1846071559087,38.1846071559087,0.3299999999999983,34.417,50.901599999999995,-60.0,-60.0,0.9281206130981445,0.2913168668746948
-0.20213523721978824,-38.134037480106834,38.134037480106834,0.35999999999999943,34.417,52.577999999999996,-60.0,-60.0,0.8998727798461914,0.28856176137924194
-0.12002120447066,-38.133583437762944,38.133583437762944,0.39000000000000057,34.417,49.3268,-60.0,-60.0,0.9445457458496094,0.29299020767211914
0.050872192275082016,-38.144054911216074,38.144054911216074,0.4200000000000017,34.417,51.3842,-60.0,-60.0,0.9212512969970703,0.29110485315322876
0.4988651180956185,-38.20947026474938,38.20947026474938,0.45000000000000284,24.0792,55.5498,-60.0,-60.0,0.894615650177002,0.29189804196357727
0.677576758671017,-38.29275713121343,38.29275713121343,0.480000000000004,34.417,50.546,-60.0,-60.0,0.9507536888122559,0.29514673352241516
0.5952953859184188,-38.28065001328305,38.28065001328305,0.5100000000000051,34.417,55.7784,-60.0,-60.0,0.8837361335754395,0.2876908779144287
0.44628699843137204,-38.32367843506287,38.32367843506287,0.5400000000000063,34.417,47.1932,-60.0,-60.0,0.9894895553588867,0.29907849431037903
0.2987462360995237,-38.31404658311184,38.31404658311184,0.5699999999999932,34.417,51.511199999999995,-60.0,-60.0,0.9285221099853516,0.292612224817276
0.37508136778874734,-38.338289337771016,38.338289337771016,0.5999999999999943,34.417,62.738,-60.0,-60.0,0.7928981781005859,0.27905595302581787
0.46190726220211786,-38.38302071654184,38.38302071654184,0.6299999999999955,34.417,65.58279999999999,-60.0,-60.0,0.7610039710998535,0.2764138877391815
0.7338636442313909,-38.45674592483597,38.45674592483597,0.6599999999999966,34.417,55.5498,-60.0,-60.0,0.894012451171875,0.28907978534698486
1.0441498900986805,-38.526418444784014,38.526418444784014,0.6899999999999977,34.417,54.0766,-60.0,-60.0,0.9220037460327148,0.292365700006485
1.2507977272533493,-38.62549495108206,38.62549495108206,0.7199999999999989,34.417,53.213,-60.0,-60.0,0.9405903816223145,0.29464948177337646
1.3001128333385328,-38.682970998095634,38.682970998095634,0.75,34.417,39.497,-60.0,-60.0,1.115823745727539,0.31790176033973694
1.1658913135891638,-38.74210639465734,38.74210639465734,0.7800000000000011,34.417,47.2694,-60.0,-60.0,1.014371395111084,0.30399084091186523
1.1337775398635053,-38.772600734531,38.772600734531,0.8100000000000023,34.417,51.8668,-60.0,-60.0,0.9571986198425293,0.29678186774253845
1.178383080137977,-38.844117087792945,38.844117087792945,0.8400000000000034,34.417,47.675799999999995,-60.0,-60.0,1.011587142944336,0.30387160181999207
1.1797972353508739,-38.90170068314125,38.90170068314125,0.8700000000000045,34.417,54.813199999999995,-60.0,-60.0,0.9260125160217285,0.2930361330509186
1.3351684021657235,-38.95051065763566,38.95051065763566,0.9000000000000057,34.417,52.120799999999996,-60.0,-60.0,0.9637813568115234,0.29780566692352295
1.1645360680785324,-39.03923483701008,39.03923483701008,0.9300000000000068,34.417,66.4464,-60.0,-60.0,0.7866840362548828,0.27892711758613586
1.1321865635777961,-39.08355557949942,39.08355557949942,0.9599999999999937,34.417,51.968399999999995,-60.0,-60.0,0.9635810852050781,0.2977412939071655
1.0799780170017743,-39.15375253343296,39.15375253343296,0.9899999999999949,34.417,44.754799999999996,-60.0,-60.0,1.0541391372680664,0.3095533847808838
0.8984132195237613,-39.17320665588292,39.17320665588292,0.01999999999999602,24.0792,40.766999999999996,-60.0,-60.0,1.1173362731933594,0.31917738914489746
1.007436998675442,-39.245290998870004,39.245290998870004,0.04999999999999716,24.0792,48.5648,-60.0,-60.0,1.026801586151123,0.30602070689201355
0.8403627189445921,-39.249681664843585,39.249681664843585,0.06999999999999318,13.7668,46.532799999999995,-60.0,-60.0,1.0587573051452637,0.31344297528266907
0.8095392569696563,-39.27991380984362,39.27991380984362,0.09000000000000341,13.7668,39.4462,-60.0,-60.0,1.1421914100646973,0.3271428346633911
1.039376672775623,-39.37105158862078,39.37105158862078,0.12000000000000455,24.0792,54.2544,-60.0,-60.0,0.9624662399291992,0.2977260947227478
0.8817349344469165,-39.39242872873512,39.39242872873512,0.15000000000000568,24.0792,50.419,-60.0,-60.0,1.0046825408935547,0.30309394001960754
0.6811131471403906,-39.38917673819729,39.38917673819729,0.1699999999999875,24.0792,54.7624,-60.0,-60.0,0.9469294548034668,0.2958544194698334
0.5039932095404253,-39.43696696635309,39.43696696635309,0.19999999999998863,24.0792,53.0606,-60.0,-60.0,0.9638876914978027,0.2978355586528778
0.13646458096509664,-39.4279752079829,39.4279752079829,0.22999999999998977,24.0792,64.8716,-60.0,-60.0,0.8094124794006348,0.28192999958992004
0.1253823970793316,-39.42697799283781,39.42697799283781,0.2599999999999909,34.417,57.785,-60.0,-60.0,0.8835225105285645,0.28575775027275085
0.2569530217274343,-39.4701883883016,39.4701883883016,0.28999999999999204,34.417,48.768,-60.0,-60.0,1.001291275024414,0.29870179295539856
0.24074260160823654,-39.497873163368226,39.497873163368226,0.3199999999999932,34.417,51.2318,-60.0,-60.0,0.9692373275756836,0.29528433084487915
0.3807401386774943,-39.49072369794373,39.49072369794373,0.3499999999999943,34.417,53.0606,-60.0,-60.0,0.9485540390014648,0.29334646463394165
0.18863322119700493,-39.47106319947629,39.47106319947629,0.37999999999999545,34.417,51.6128,-60.0,-60.0,0.9614658355712891,0.2946060597896576
-3.059394824127595e-06,-39.44810817729628,39.44810817729628,0.4099999999999966,24.0792,54.1782,-60.0,-60.0,0.9353122711181641,0.2948474884033203
-3.059394824127595e-06,-39.463060007597186,39.463060007597186,0.4399999999999977,24.0792,43.6372,-60.0,-60.0,1.0631933212280273,0.31155478954315186
-3.059394824127595e-06,-39.4559919950405,39.4559919950405,0.46999999999999886,24.0792,48.9204,-60.0,-60.0,0.9983291625976562,0.3027724623680115
-3.059394824127595e-06,-39.43593964403305,39.43593964403305,0.5,24.0792,52.0192,-60.0,-60.0,0.9601693153381348,0.2980407774448395
-3.059394824127595e-06,-39.46983122705782,39.46983122705782,0.5300000000000011,24.0792,57.480199999999996,-60.0,-60.0,0.894622802734375,0.2907058596611023
-0.25088454663011445,-39.42637189991299,39.42637189991299,0.5600000000000023,24.0792,48.9204,-60.0,-60.0,0.9900140762329102,0.30187201499938965
-0.4435196644295443,-39.404757497488,39.404757497488,0.5900000000000034,34.417,53.5432,-60.0,-60.0,0.9164614677429199,0.2898932695388794
-0.46898362614126066,-39.36283985646064,39.36283985646064,0.6200000000000045,34.417,60.96,-60.0,-60.0,0.8229904174804688,0.2805754542350769
-0.5350004169899991,-39.33900525562458,39.33900525562458,0.6500000000000057,34.417,45.72,-60.0,-60.0,1.0141105651855469,0.30013084411621094
-0.45212556048117225,-39.31472625864197,39.31472625864197,0.6800000000000068,34.417,53.9496,-60.0,-60.0,0.9072012901306152,0.2893003523349762
-0.47534958801392796,-39.28027000435897,39.28027000435897,0.710000000000008,34.417,45.4914,-60.0,-60.0,1.0159854888916016,0.30070027709007263
-0.5968898716030449,-39.24482440293857,39.24482440293857,0.7400000000000091,34.417,52.501799999999996,-60.0,-60.0,0.9198689460754395,0.29053476452827454
-0.5314638376458397,-39.21776346484137,39.21776346484137,0.7700000000000102,34.417,43.383199999999995,-60.0,-60.0,1.039358139038086,0.30363428592681885
-0.4726971053177329,-39.178873100747005,39.178873100747005,0.8000000000000114,34.417,55.5498,-60.0,-60.0,0.8818697929382324,0.2870011329650879
-0.6518819084781081,-39.13428426601013,39.13428426601013,0.8300000000000125,34.417,54.051199999999994,-60.0,-60.0,0.8937211036682129,0.2883199453353882
-0.64858124031519,-39.08687909410537,39.08687909410537,0.8600000000000136,34.417,51.7144,-60.0,-60.0,0.9227666854858398,0.2911913990974426
-0.834531163621649,-39.034012274344,39.034012274344,0.8899999999999864,34.417,45.2374,-60.0,-60.0,1.0015125274658203,0.2991679906845093
-1.0826327959823299,-38.98908452884338,38.98908452884338,0.9199999999999875,34.417,45.6946,-60.0,-60.0,0.9880919456481934,0.2973816692829132
-1.1443870630264856,-38.90003616870839,38.90003616870839,0.9499999999999886,34.417,55.5498,-60.0,-60.0,0.8538045883178711,0.284523606300354
-1.352257008287817,-38.833919771562066,38.833919771562066,0.9799999999999898,34.417,48.641,-60.0,-60.0,0.9377202987670898,0.292032927274704
-1.2914549541515177,-38.739204727193176,38.739204727193176,0.009999999999990905,24.0792,51.6128,-60.0,-60.0,0.9149818420410156,0.2916622757911682
-1.0968341483163146,-38.71862420534965,38.71862420534965,0.03999999999999204,24.0792,45.9486,-60.0,-60.0,0.9911818504333496,0.29993489384651184
-1.1004286601734894,-38.66478783833798,38.66478783833798,0.06999999999999318,24.0792,46.863,-60.0,-60.0,0.9771161079406738,0.2985970377922058
-1.1222901758334047,-38.558800935107215,38.558800935107215,0.09999999999999432,13.7668,57.5056,-60.0,-60.0,0.8530588150024414,0.2893667221069336
-1.1340162993011804,-38.47674047626979,38.47674047626979,0.12999999999999545,24.0792,51.1556,-60.0,-60.0,0.9157247543334961,0.2923804819583893
-0.9860483751620805,-38.45157199336084,38.45157199336084,0.1599999999999966,24.0792,47.9552,-60.0,-60.0,0.9578938484191895,0.29725152254104614
-1.0849898761642796,-38.41752641148485,38.41752641148485,0.18000000000000682,24.0792,48.641,-60.0,-60.0,0.9453964233398438,0.29591357707977295
-1.3416522143038205,-38.292560991610536,38.292560991610536,0.21000000000000796,24.0792,48.4632,-60.0,-60.0,0.9373502731323242,0.29494234919548035
-1.4082252020301704,-38.23104250730868,38.23104250730868,0.2400000000000091,24.0792,38.6842,-60.0,-60.0,1.061661720275879,0.30831775069236755
-1.2745453328668428,-38.22105770693526,38.22105770693526,0.2599999999999909,24.0792,50.546,-60.0,-60.0,0.9104328155517578,0.29235219955444336
-1.0990733534397723,-38.142055349016125,38.142055349016125,0.28999999999999204,24.0792,48.5394,-60.0,-60.0,0.9369678497314453,0.29551875591278076
-0.8902834237706841,-38.1255230607292,38.1255230607292,0.3199999999999932,24.0792,50.8508,-60.0,-60.0,0.9135560989379883,0.29309797286987305
-0.8559246653800203,-38.09781120966105,38.09781120966105,0.3499999999999943,24.0792,50.3174,-60.0,-60.0,0.9198637008666992,0.29391032457351685
-0.6823539412757026,-38.056111190944044,38.056111190944044,0.37999999999999545,34.417,60.452,-60.0,-60.0,0.785851001739502,0.27782508730888367
-0.7194856821175435,-38.01008892415033,38.01008892415033,0.4099999999999966,34.417,61.1886,-60.0,-60.0,0.7739171981811523,0.2769167721271515
-0.9344243502369536,-37.966349286212576,37.966349286212576,0.4399999999999977,34.417,49.4538,-60.0,-60.0,0.9180021286010742,0.2894355058670044
-0.9257023308888891,-37.93697423588768,37.93697423588768,0.46999999999999886,34.417,40.4368,-60.0,-60.0,1.035111427307129,0.301730751991272
-0.8030593100081255,-37.90622645898145,37.90622645898145,0.5,34.417,39.3446,-60.0,-60.0,1.050760269165039,0.3039562702178955
-0.32839929832212883,-37.91951773532312,37.91951773532312,0.5300000000000011,34.417,45.059599999999996,-60.0,-60.0,0.9875893592834473,0.29765909910202026
-0.135052894032708,-37.93176043459057,37.93176043459057,0.5600000000000023,34.417,67.7672,-60.0,-60.0,0.7037205696105957,0.2720077335834503
0.20478480863147827,-37.930609862884744,37.930609862884744,0.5900000000000034,34.417,53.3654,-60.0,-60.0,0.891423225402832,0.2889052927494049
0.11612758735502426,-37.95765878838459,37.95765878838459,0.6200000000000045,34.417,47.980599999999995,-60.0,-60.0,0.9596033096313477,0.29575371742248535
-0.08995777785141687,-37.94006910401168,37.94006910401168,0.6500000000000057,34.417,49.5554,-60.0,-60.0,0.9330248832702637,0.2928624153137207
-0.09685468658294005,-37.92821109255853,37.92821109255853,0.6800000000000068,34.417,44.704,-60.0,-60.0,0.9959554672241211,0.2995135486125946
-0.47923989227988084,-37.882284949227554,37.882284949227554,0.710000000000008,34.417,47.218599999999995,-60.0,-60.0,0.9522504806518555,0.29436755180358887
-0.235617265399499,-37.861175554519804,37.861175554519804,0.75,34.417,50.368199999999995,-60.0,-60.0,0.9150848388671875,0.29128190875053406
-0.31189434725645343,-37.84326481768412,37.84326481768412,0.7800000000000011,34.417,56.134,-60.0,-60.0,0.8388166427612305,0.2839179039001465
-0.32279941018273156,-37.83142200058448,37.83142200058448,0.8100000000000023,34.417,43.7134,-60.0,-60.0,0.999122142791748,0.29998359084129333
-0.2630276098449801,-37.83443325803155,37.83443325803155,0.8400000000000034,34.417,47.904399999999995,-60.0,-60.0,0.9451413154602051,0.29446831345558167
-0.3513882458833729,-37.785539130684015,37.785539130684015,0.8700000000000045,34.417,49.0982,-60.0,-60.0,0.9253664016723633,0.2925068736076355
-0.3248035813888553,-37.77422036039905,37.77422036039905,0.9000000000000057,34.417,62.3062,-60.0,-60.0,0.7583656311035156,0.2770887017250061
-0.41888075681099124,-37.73454383634216,37.73454383634216,0.9300000000000068,34.417,53.6702,-60.0,-60.0,0.8614468574523926,0.28660815954208374
-0.5904062772770164,-37.69002423128239,37.69002423128239,0.960000000000008,34.417,75.3364,-60.0,-60.0,0.5825767517089844,0.26474636793136597
-0.7650449097864137,-37.659363400562775,37.659363400562775,0.9900000000000091,34.417,53.1368,-60.0,-60.0,0.8559370040893555,0.28610241413116455
-0.8062418793452611,-37.60368617563388,37.60368617563388,0.020000000000010232,24.0792,47.828199999999995,-60.0,-60.0,0.9403090476989746,0.29574668407440186
-0.810603169981634,-37.57623582818559,37.57623582818559,0.05000000000001137,24.0792,55.498999999999995,-60.0,-60.0,0.8446793556213379,0.28603360056877136
-0.7847889092673108,-37.503219744763626,37.503219744763626,0.0800000000000125,24.0792,48.818799999999996,-60.0,-60.0,0.9250040054321289,0.29434266686439514
-0.7070495616665758,-37.47642149885776,37.47642149885776,0.11000000000001364,24.0792,48.437799999999996,-60.0,-60.0,0.930638313293457,0.2951119542121887
-0.5772032749885322,-37.4514749923404,37.4514749923404,0.12999999999999545,24.0792,52.5272,-60.0,-60.0,0.8830642700195312,0.2901688516139984
-0.6775208782149147,-37.405282517641915,37.405282517641915,0.1599999999999966,24.0792,62.3062,-60.0,-60.0,0.7571210861206055,0.278995156288147
-0.6972067081431276,-37.351928864398,37.351928864398,0.18999999999999773,24.0792,50.038,-60.0,-60.0,0.9067811965942383,0.2928435504436493
-0.9222252976776228,-37.319274946875794,37.319274946875794,0.21000000000000796,24.0792,61.4426,-60.0,-60.0,0.7579269409179688,0.2791653871536255
-1.1699011781616084,-37.239172221180816,37.239172221180816,0.22999999999998977,34.417,53.7972,-60.0,-60.0,0.834813117980957,0.28181493282318115
-1.3563221547851942,-37.150176776073636,37.150176776073636,0.2599999999999909,34.417,56.6166,-60.0,-60.0,0.7887072563171387,0.2783035635948181
-1.468196554018149,-37.075220126824114,37.075220126824114,0.28999999999999204,34.417,60.071,-60.0,-60.0,0.7392258644104004,0.2744368314743042
-1.5627420498406908,-36.99367342572283,36.99367342572283,0.3199999999999932,34.417,66.7766,-60.0,-60.0,0.6487703323364258,0.26802870631217957
-1.4181224585917411,-36.921413894848854,36.921413894848854,0.3499999999999943,34.417,57.480199999999996,-60.0,-60.0,0.7676858901977539,0.27700406312942505
-1.394321771206605,-36.84147342868765,36.84147342868765,0.37999999999999545,34.417,44.8056,-60.0,-60.0,0.9359116554260254,0.2906942665576935
-1.3619779880526288,-36.789819858523096,36.789819858523096,0.4099999999999966,34.417,46.837599999999995,-60.0,-60.0,0.9076824188232422,0.28829753398895264
-1.4081073770398689,-36.684476923195646,36.684476923195646,0.4399999999999977,34.417,51.4096,-60.0,-60.0,0.8414311408996582,0.2828732430934906
-1.4095212761374576,-36.61902076634748,36.61902076634748,0.46999999999999886,34.417,49.8348,-60.0,-60.0,0.8602814674377441,0.2844852805137634
-1.4297869736815145,-36.510958962919695,36.510958962919695,0.5,34.417,54.9148,-60.0,-60.0,0.7868356704711914,0.2790418267250061
-1.3916117612754817,-36.45224212625252,36.45224212625252,0.5300000000000011,34.417,56.4388,-60.0,-60.0,0.7649002075195312,0.2776166796684265
-1.5490761745558377,-36.35637924388965,36.35637924388965,0.5600000000000023,34.417,52.6034,-60.0,-60.0,0.8099217414855957,0.2807971239089966
-1.8624602773854055,-36.248518391762964,36.248518391762964,0.5900000000000034,34.417,61.391799999999996,-60.0,-60.0,0.6819543838500977,0.27141809463500977
-2.006129684981012,-36.1311560860232,36.1311560860232,0.6200000000000045,34.417,50.1396,-60.0,-60.0,0.8246302604675293,0.2815706729888916
-2.1874466180459122,-36.010576728280476,36.010576728280476,0.6500000000000057,34.417,47.2694,-60.0,-60.0,0.8551092147827148,0.28381794691085815
-2.122930882360857,-35.908732951470235,35.908732951470235,0.6800000000000068,34.417,61.721999999999994,-60.0,-60.0,0.6584267616271973,0.27017509937286377
-2.1355872274541405,-35.80173975623972,35.80173975623972,0.710000000000008,34.417,52.3748,-60.0,-60.0,0.779266357421875,0.2785438895225525
-2.082311450721731,-35.66991081894381,35.66991081894381,0.7400000000000091,34.417,47.980599999999995,-60.0,-60.0,0.836214542388916,0.282911092042923
-2.0219082620360656,-35.56986126520902,35.56986126520902,0.7700000000000102,34.417,56.108599999999996,-60.0,-60.0,0.7220306396484375,0.275163859128952
-1.9840509417101893,-35.461604478588285,35.461604478588285,0.8000000000000114,34.417,49.53,-60.0,-60.0,0.8101029396057129,0.2813505530357361
-2.0082492130833693,-35.339878054756156,35.339878054756156,0.8300000000000125,34.417,50.9524,-60.0,-60.0,0.7857155799865723,0.2797068953514099
-2.241656743197635,-35.22234777651283,35.22234777651283,0.8600000000000136,34.417,59.334399999999995,-60.0,-60.0,0.6614394187927246,0.27131783962249756
-2.41962084559242,-35.08660558500598,35.08660558500598,0.8899999999999864,34.417,60.324999999999996,-60.0,-60.0,0.6388802528381348,0.2699015140533447
-2.5465920038689767,-34.92798392205306,34.92798392205306,0.9199999999999875,34.417,61.239399999999996,-60.0,-60.0,0.6179261207580566,0.26867663860321045
-2.5676534145378263,-34.79421687578165,34.79421687578165,0.9499999999999886,44.7294,60.2996,-60.0,-60.0,0.6309585571289062,0.26614418625831604
-2.5203525238999087,-34.66281524287567,34.66281524287567,0.9799999999999898,44.7294,45.2628,-60.0,-60.0,0.8251333236694336,0.27510014176368713
-2.3294085548746293,-34.58373446634593,34.58373446634593,0.009999999999990905,34.417,62.611,-60.0,-60.0,0.605463981628418,0.26644957065582275
-2.0449868215158977,-34.49455011894011,34.49455011894011,0.03999999999999204,34.417,56.896,-60.0,-60.0,0.6864910125732422,0.2717110812664032
-1.676774340471394,-34.44882302866973,34.44882302866973,0.06999999999999318,34.417,42.849799999999995,-60.0,-60.0,0.8871221542358398,0.28612661361694336
-1.410699524074025,-34.36893706546586,34.36893706546586,0.09999999999999432,24.0792,43.2054,-60.0,-60.0,0.8884916305541992,0.2920042872428894
-1.2970521661300474,-34.31923963992259,34.31923963992259,0.12999999999999545,24.0792,48.3362,-60.0,-60.0,0.8191556930541992,0.28679555654525757
-1.285445288584625,-34.23637842051915,34.23637842051915,0.1599999999999966,34.417,57.4548,-60.0,-60.0,0.6887035369873047,0.27294713258743286
-1.3483096790928062,-34.15942779138376,34.15942779138376,0.18000000000000682,34.417,65.88759999999999,-60.0,-60.0,0.5756034851074219,0.2655907869338989
-1.427607250041163,-34.09035336144229,34.09035336144229,0.19999999999998863,34.417,59.69,-60.0,-60.0,0.6508417129516602,0.2704720199108124
-1.3002926459652637,-34.05048313945327,34.05048313945327,0.22999999999998977,34.417,47.751999999999995,-60.0,-60.0,0.815000057220459,0.2816925644874573
-1.151575843911742,-34.01598807315928,34.01598807315928,0.2599999999999909,34.417,50.825399999999995,-60.0,-60.0,0.7747602462768555,0.2791304588317871
-1.0419136641559559,-33.97620617442157,33.97620617442157,0.28999999999999204,34.417,51.6128,-60.0,-60.0,0.7648463249206543,0.27869078516960144
-0.972376411400431,-33.94814522517356,33.94814522517356,0.3199999999999932,44.7294,61.086999999999996,-60.0,-60.0,0.6324825286865234,0.2660447061061859
-1.0599457130057324,-33.84781169233383,33.84781169233383,0.3499999999999943,44.7294,58.0136,-60.0,-60.0,0.6691069602966309,0.2679615318775177
-0.8653542325951977,-33.84185136259817,33.84185136259817,0.37999999999999545,34.417,47.1678,-60.0,-60.0,0.8249568939208984,0.2835306227207184
-0.8193846590625634,-33.7712632797261,33.7712632797261,0.4099999999999966,34.417,44.3992,-60.0,-60.0,0.861262321472168,0.28655415773391724
-0.6597799182622888,-33.73495584950869,33.73495584950869,0.4399999999999977,34.417,43.6626,-60.0,-60.0,0.8735852241516113,0.2878982424736023
-0.4848395648953239,-33.74445813068519,33.74445813068519,0.46999999999999886,34.417,48.9966,-60.0,-60.0,0.8047752380371094,0.28283005952835083
-0.5982455303077344,-33.68471721232269,33.68471721232269,0.5,34.417,52.196999999999996,-60.0,-60.0,0.7553300857543945,0.2793022692203522
-0.577733753950489,-33.66235455448925,33.66235455448925,0.5300000000000011,34.417,51.968399999999995,-60.0,-60.0,0.7578701972961426,0.27959224581718445
-0.8090708256907662,-33.59586245727968,33.59586245727968,0.5600000000000023,34.417,51.181,-60.0,-60.0,0.7605676651000977,0.27960312366485596
-0.9310651992426663,-33.54520618029361,33.54520618029361,0.5900000000000034,34.417,42.9768,-60.0,-60.0,0.8684258460998535,0.28763070702552795
-1.0464511600769357,-33.49797196040302,33.49797196040302,0.6200000000000045,34.417,68.0212,-60.0,-60.0,0.5296134948730469,0.26435762643814087
-1.111506773247387,-33.423228731716215,33.423228731716215,0.6500000000000057,34.417,56.515,-60.0,-60.0,0.6740517616271973,0.27371320128440857
-1.1617697086840435,-33.36645309090474,33.36645309090474,0.6800000000000068,40.4368,40.4368,-60.0,-60.0,0.887054443359375,0.2815339267253876
-1.1990090932845425,-33.301432121668384,33.301432121668384,0.710000000000008,44.7294,51.181,-60.0,-60.0,0.7323150634765625,0.27084192633628845
-1.1932346973249275,-33.23653467743059,33.23653467743059,0.7400000000000091,34.417,49.8602,-60.0,-60.0,0.7553939819335938,0.27944186329841614
-1.1483350045450949,-33.158568972752036,33.158568972752036,0.7699999999999818,34.417,61.6204,-60.0,-60.0,0.5970478057861328,0.2689867615699768
-1.0797453677655764,-33.114045719577554,33.114045719577554,0.8000000000000114,34.417,47.066199999999995,-60.0,-60.0,0.7922530174255371,0.2823820412158966
-1.123704386684081,-33.05526812762723,33.05526812762723,0.8299999999999841,34.417,60.248799999999996,-60.0,-60.0,0.6114778518676758,0.270133912563324
-1.322327687140388,-32.96275291254088,32.96275291254088,0.8600000000000136,34.417,52.577999999999996,-60.0,-60.0,0.7034635543823242,0.2763776183128357
-1.5146161839279788,-32.87547108528589,32.87547108528589,0.8899999999999864,44.7294,59.639199999999995,-60.0,-60.0,0.5937252044677734,0.26495710015296936
-1.5164422966225544,-32.786050128263284,32.786050128263284,0.9200000000000159,44.7294,48.4886,-60.0,-60.0,0.7437319755554199,0.270892858505249
-1.496708335643898,-32.705427569018816,32.705427569018816,0.9499999999999886,44.7294,54.7878,-60.0,-60.0,0.6506567001342773,0.2672612965106964
-1.519976699531803,-32.62727304204004,32.62727304204004,0.9800000000000182,44.7294,54.279799999999994,-60.0,-60.0,0.6543922424316406,0.26735827326774597
-1.5898965571826502,-32.52390425339967,32.52390425339967,0.009999999999990905,34.417,51.206399999999995,-60.0,-60.0,0.7144718170166016,0.27482038736343384
-1.589013016061109,-32.463490452248024,32.463490452248024,0.040000000000020464,34.417,47.218599999999995,-60.0,-60.0,0.7678766250610352,0.2783221900463104
-1.6506823475151462,-32.35881019919078,32.35881019919078,0.06999999999999318,34.417,43.383199999999995,-60.0,-60.0,0.8172435760498047,0.2816522419452667
-1.6444390147495773,-32.2616403228976,32.2616403228976,0.10000000000002274,24.0792,49.275999999999996,-60.0,-60.0,0.7325892448425293,0.2813398241996765
-1.621762431450208,-32.187229265820605,32.187229265820605,0.12999999999999545,24.0792,50.291999999999994,-60.0,-60.0,0.717475414276123,0.2803323268890381
-1.6873169580598835,-32.067394690083255,32.067394690083255,0.160000000000025,34.417,60.477399999999996,-60.0,-60.0,0.5669713020324707,0.2667172849178314
-1.6492687661665244,-32.00156027128302,32.00156027128302,0.18999999999999773,34.417,50.672999999999995,-60.0,-60.0,0.7008943557739258,0.2746507525444031
-1.8459132043395399,-31.891601463197958,31.891601463197958,0.20999999999997954,34.417,55.9054,-60.0,-60.0,0.617495059967041,0.2698422968387604
-2.0368623019271013,-31.756148769661298,31.756148769661298,0.2400000000000091,34.417,53.263799999999996,-60.0,-60.0,0.6455526351928711,0.27129673957824707
-2.088021846087134,-31.65980139924804,31.65980139924804,0.2699999999999818,34.417,47.5488,-60.0,-60.0,0.7217144966125488,0.27578845620155334
-2.2267066820986594,-31.530681094056416,31.530681094056416,0.30000000000001137,44.7294,57.327799999999996,-60.0,-60.0,0.5718774795532227,0.26227444410324097
-2.141885889012578,-31.430648676065562,31.430648676065562,0.3299999999999841,44.7294,48.641,-60.0,-60.0,0.6951684951782227,0.266438752412796
-2.211638597034694,-31.297041209885368,31.297041209885368,0.36000000000001364,44.7294,51.587399999999995,-60.0,-60.0,0.646174430847168,0.2646022439002991
-2.2159942469159697,-31.179422126046536,31.179422126046536,0.38999999999998636,44.7294,47.0408,-60.0,-60.0,0.7074012756347656,0.26671460270881653
-2.1249912317655575,-31.069410578571674,31.069410578571674,0.4200000000000159,44.7294,47.1932,-60.0,-60.0,0.703122615814209,0.2666117548942566
-2.159309953505657,-30.94645352012937,30.94645352012937,0.44999999999998863,34.417,51.308,-60.0,-60.0,0.6404285430908203,0.2718064486980438
-2.176086124552888,-30.827009083286942,30.827009083286942,0.4900000000000091,34.417,57.022999999999996,-60.0,-60.0,0.5527181625366211,0.2674039304256439
-2.3295262562913726,-30.703141691465945,30.703141691465945,0.5199999999999818,34.417,61.645799999999994,-60.0,-60.0,0.4822349548339844,0.2635214030742645
-2.4896403995087644,-30.543106011578292,30.543106011578292,0.5500000000000114,44.7294,57.8612,-60.0,-60.0,0.5193843841552734,0.2602386176586151
-2.5997148416063625,-30.403305449934273,30.403305449934273,0.5799999999999841,44.7294,56.3626,-60.0,-60.0,0.5337405204772949,0.26048630475997925
-2.6361864097271623,-30.25907250887727,30.25907250887727,0.6100000000000136,44.7294,58.038999999999994,-60.0,-60.0,0.5026159286499023,0.2595483362674713
-2.6898898348260305,-30.126268050380265,30.126268050380265,0.6399999999999864,44.7294,52.6288,-60.0,-60.0,0.5763082504272461,0.2615226209163666
-2.7707007222661306,-29.97193320317316,29.97193320317316,0.6700000000000159,44.7294,67.25919999999999,-60.0,-60.0,0.3630852699279785,0.25526168942451477
-2.6583036115958727,-29.855677979781383,29.855677979781383,0.6999999999999886,44.7294,49.6824,-60.0,-60.0,0.6101608276367188,0.26247385144233704
-2.3182856823572533,-29.77305073824191,29.77305073824191,0.7300000000000182,44.7294,56.337199999999996,-60.0,-60.0,0.516228199005127,0.2600289285182953
-1.8897239925619687,-29.711924457925182,29.711924457925182,0.7599999999999909,44.7294,59.105799999999995,-60.0,-60.0,0.48211669921875,0.25948265194892883
-1.5337607600734782,-29.6396875014993,29.6396875014993,0.7900000000000205,44.7294,49.022,-60.0,-60.0,0.6361861228942871,0.2643512189388275
-1.5320524886738982,-29.578315525941715,29.578315525941715,0.8199999999999932,44.7294,52.425599999999996,-60.0,-60.0,0.5836076736450195,0.2626722753047943
-1.6245896697119862,-29.48125346762849,29.48125346762849,0.8500000000000227,44.7294,49.275999999999996,-60.0,-60.0,0.624049186706543,0.2638348937034607
-1.6687642310307955,-29.381642281025183,29.381642281025183,0.8799999999999955,44.7294,66.8528,-60.0,-60.0,0.3710007667541504,0.25612321496009827
-1.4459285816611946,-29.337572575398315,29.337572575398315,0.910000000000025,44.7294,45.8216,-60.0,-60.0,0.6727333068847656,0.2656414210796356
-1.1770898293265417,-29.31790847187711,29.31790847187711,0.9399999999999977,44.7294,47.117,-60.0,-60.0,0.6586050987243652,0.26544225215911865
-0.8549817060996573,-29.297821599652742,29.297821599652742,0.9700000000000273,44.7294,63.550799999999995,-60.0,-60.0,0.42725133895874023,0.2585892677307129
-0.778011139174265,-29.25833892699513,29.25833892699513,1.0,44.7294,48.590199999999996,-60.0,-60.0,0.6428766250610352,0.2653352618217468
-0.7363421160840103,-29.225810702744152,29.225810702744152,0.029999999999972715,34.417,65.8368,-60.0,-60.0,0.42934226989746094,0.2615125775337219
-0.6288950236882149,-29.203995274496467,29.203995274496467,0.060000000000002274,34.417,65.405,-60.0,-60.0,0.4372529983520508,0.2620216906070709
-0.7319217347734355,-29.14106167865941,29.14106167865941,0.08999999999997499,34.417,46.6344,-60.0,-60.0,0.6931781768798828,0.27615952491760254
-0.5154902375463072,-29.14341435317737,29.14341435317737,0.12000000000000455,34.417,58.7502,-60.0,-60.0,0.5264253616333008,0.2671021521091461
-0.5420735634211215,-29.101842206245177,29.101842206245177,0.14999999999997726,34.417,72.87259999999999,-60.0,-60.0,0.3327054977416992,0.25715333223342896
-0.5377117917277319,-29.060215029852603,29.060215029852603,0.18000000000000682,34.417,52.577999999999996,-60.0,-60.0,0.6045289039611816,0.27196305990219116
-0.47246132897944165,-29.060870444386182,29.060870444386182,0.20999999999997954,44.7294,74.041,-60.0,-60.0,0.27367687225341797,0.25206732749938965
-0.5842173776760385,-29.009664239436873,29.009664239436873,0.2400000000000091,44.7294,48.8696,-60.0,-60.0,0.6491384506225586,0.2645428776741028
-0.5580470246557527,-28.994981607003403,28.994981607003403,0.2699999999999818,44.7294,46.1264,-60.0,-60.0,0.6886696815490723,0.265974760055542
-0.5948269114219457,-28.969555493413587,28.969555493413587,0.30000000000001137,44.7294,47.1932,-60.0,-60.0,0.6709356307983398,0.26533252000808716
-0.7518428502653357,-28.903706201902853,28.903706201902853,0.3299999999999841,44.7294,54.483,-60.0,-60.0,0.5575757026672363,0.2615596354007721
-0.5966541048029065,-28.89061750854489,28.89061750854489,0.36000000000001364,44.7294,46.989999999999995,-60.0,-60.0,0.6701555252075195,0.2653296887874603
-0.7313323499392606,-28.83461368042567,28.83461368042567,0.38999999999998636,44.7294,48.818799999999996,-60.0,-60.0,0.63800048828125,0.2641065716743469
-0.7043972998304915,-28.803403184345214,28.803403184345214,0.4200000000000159,44.7294,69.1134,-60.0,-60.0,0.3374619483947754,0.2550109326839447
-0.7905647308017227,-28.76130940265987,28.76130940265987,0.44999999999998863,44.7294,71.0184,-60.0,-60.0,0.29781532287597656,0.25351980328559875
-0.9860483751618259,-28.689644478233426,28.689644478233426,0.4800000000000182,44.7294,51.4858,-60.0,-60.0,0.5864958763122559,0.2622520923614502
-0.8751962933665552,-28.652264139946446,28.652264139946446,0.5099999999999909,44.7294,48.2346,-60.0,-60.0,0.6350431442260742,0.2639032304286957
-1.0256492860737618,-28.604029123751285,28.604029123751285,0.5400000000000205,44.7294,64.2366,-60.0,-60.0,0.3955545425415039,0.25690802931785583
-1.0723205272005567,-28.527648302024417,28.527648302024417,0.5699999999999932,44.7294,66.64959999999999,-60.0,-60.0,0.3497171401977539,0.25561416149139404
-0.9393157340497724,-28.47728533265603,28.47728533265603,0.6000000000000227,44.7294,47.3202,-60.0,-60.0,0.6395273208618164,0.26398763060569763
-1.0290082473524387,-28.43142697493891,28.43142697493891,0.6299999999999955,55.041799999999995,77.089,-60.0,-60.0,0.10153865814208984,0.24429643154144287
-0.9614151879803748,-28.362940264156787,28.362940264156787,0.660000000000025,50.3428,50.3428,-60.0,-60.0,0.5892210006713867,0.25874999165534973
-1.0265921531105069,-28.319437702530937,28.319437702530937,0.6899999999999977,44.7294,53.3908,-60.0,-60.0,0.5407609939575195,0.26088860630989075
-1.1664836097561457,-28.243399674008003,28.243399674008003,0.7200000000000273,44.7294,52.5272,-60.0,-60.0,0.5472545623779297,0.26093587279319763
-1.153402495581134,-28.170950818957685,28.170950818957685,0.75,44.7294,53.568599999999996,-60.0,-60.0,0.5289821624755859,0.26042091846466064
-1.1816269097683012,-28.111365135108333,28.111365135108333,0.7799999999999727,44.7294,61.010799999999996,-60.0,-60.0,0.4138922691345215,0.2574154734611511
-1.1681923949980024,-28.0491876912008,28.0491876912008,0.8100000000000023,44.7294,49.7586,-60.0,-60.0,0.5800256729125977,0.261880099773407
-1.1997750827576923,-27.982284148770358,27.982284148770358,0.839999999999975,44.7294,62.407799999999995,-60.0,-60.0,0.3856163024902344,0.25663381814956665
-1.1812144485216205,-27.919952146183928,27.919952146183928,0.8700000000000045,44.7294,55.8292,-60.0,-60.0,0.4835062026977539,0.2591497004032135
-1.2842080009812002,-27.834044286098468,27.834044286098468,0.8999999999999773,44.7294,63.855599999999995,-60.0,-60.0,0.3469395637512207,0.2556305527687073
-1.3973852531796218,-27.770810588081293,27.770810588081293,0.9300000000000068,44.7294,53.263799999999996,-60.0,-60.0,0.510688304901123,0.2596641182899475
-1.4784467418012102,-27.687105902938736,27.687105902938736,0.9599999999999795,49.657,49.657,-60.0,-60.0,0.5590052604675293,0.2577691972255707
-1.5649215049265541,-27.613390331977552,27.613390331977552,0.9900000000000091,55.041799999999995,56.2102,-60.0,-60.0,0.4039430618286133,0.2510319948196411
-1.4890502847199658,-27.529229788406703,27.529229788406703,0.01999999999998181,44.7294,67.18299999999999,-60.0,-60.0,0.2689018249511719,0.2528091073036194
-1.4546473110833655,-27.44186092302737,27.44186092302737,0.040000000000020464,44.7294,46.5836,-60.0,-60.0,0.6148681640625,0.26130691170692444
-1.444750369836493,-27.364920876146687,27.364920876146687,0.06999999999999318,34.417,45.847,-60.0,-60.0,0.6311802864074707,0.2715578079223633
-1.417710074587503,-27.303083195948393,27.303083195948393,0.08999999999997499,34.417,55.956199999999995,-60.0,-60.0,0.4738621711730957,0.26542285084724426
-1.4914655219230106,-27.193299303543167,27.193299303543167,0.12000000000000455,34.417,64.05879999999999,-60.0,-60.0,0.3580002784729004,0.25961899757385254
-1.4413335486372723,-27.126904918136347,27.126904918136347,0.14999999999997726,34.417,53.3654,-60.0,-60.0,0.503993034362793,0.2670527994632721
-1.5213904574570871,-27.028727295283975,27.028727295283975,0.18000000000000682,44.0182,44.0182,-60.0,-60.0,0.6347856521606445,0.26222094893455505
-1.5458952989241839,-26.957949693866762,26.957949693866762,0.20999999999997954,44.7294,51.282599999999995,-60.0,-60.0,0.5201482772827148,0.2584877908229828
-1.6515069357067123,-26.862796331333833,26.862796331333833,0.2400000000000091,44.7294,53.568599999999996,-60.0,-60.0,0.4697699546813965,0.25719955563545227
-1.8212981280203389,-26.754065866289913,26.754065866289913,0.2699999999999818,44.7294,59.867799999999995,-60.0,-60.0,0.3429594039916992,0.2542704939842224
-1.844382142823534,-26.635700703826544,26.635700703826544,0.30000000000001137,44.7294,67.8434,-60.0,-60.0,0.18937349319458008,0.250867635011673
-1.671768029734204,-26.582715462183607,26.582715462183607,0.3299999999999841,44.7294,52.0954,-60.0,-60.0,0.4795570373535156,0.25736695528030396
-1.2373669567482173,-26.5678612175527,26.5678612175527,0.36000000000001364,44.7294,58.267599999999995,-60.0,-60.0,0.38155508041381836,0.25551941990852356
-0.9713156509414852,-26.558474132248886,26.558474132248886,0.38999999999998636,55.041799999999995,56.260999999999996,-60.0,-60.0,0.3676300048828125,0.24983297288417816
-0.7954564854569924,-26.51984289229489,26.51984289229489,0.4200000000000159,41.300399999999996,41.300399999999996,-60.0,-60.0,0.6708574295043945,0.2662116587162018
-0.8183238100687807,-26.462636730845563,26.462636730845563,0.44999999999998863,55.041799999999995,55.626,-60.0,-60.0,0.37873220443725586,0.2501969635486603
-0.6867744172811108,-26.447756174506157,26.447756174506157,0.4800000000000182,48.1076,48.1076,-60.0,-60.0,0.5575075149536133,0.2582177519798279
-0.6943776168555209,-26.394369764806193,26.394369764806193,0.5099999999999909,44.7294,61.8236,-60.0,-60.0,0.3247051239013672,0.2549121379852295
-0.30393658432837084,-26.427426377659014,26.427426377659014,0.5400000000000205,44.7294,59.055,-60.0,-60.0,0.3916177749633789,0.2569202482700348
0.008488525560393844,-26.47352083946029,26.47352083946029,0.5699999999999932,41.7576,41.7576,-60.0,-60.0,0.6790962219238281,0.267631471157074
0.1655257891474336,-26.479611327439486,26.479611327439486,0.6000000000000227,44.7294,52.3748,-60.0,-60.0,0.523106575012207,0.26054006814956665
0.2791759666616382,-26.50974037505098,26.50974037505098,0.6299999999999955,44.7294,49.784,-60.0,-60.0,0.564763069152832,0.26183223724365234
-3.059394518794343e-06,-26.495376285190886,26.495376285190886,0.660000000000025,44.7294,56.337199999999996,-60.0,-60.0,0.455202579498291,0.2588033676147461
-3.059394518794343e-06,-26.49309755389488,26.49309755389488,0.6899999999999977,44.7294,62.0776,-60.0,-60.0,0.3489971160888672,0.25645384192466736
0.23602683567643434,-26.525073654593662,26.525073654593662,0.7200000000000273,44.7294,50.8,-60.0,-60.0,0.5473737716674805,0.2614150941371918
0.4344980760598499,-26.573775924637435,26.573775924637435,0.75,44.7294,46.355,-60.0,-60.0,0.6189274787902832,0.2637598216533661
0.47157410817477025,-26.595142258027153,26.595142258027153,0.7799999999999727,44.7294,55.245,-60.0,-60.0,0.4884777069091797,0.2605017423629761
0.501930185212995,-26.61791919281415,26.61791919281415,0.8100000000000023,44.7294,55.270399999999995,-60.0,-60.0,0.4890446662902832,0.26061248779296875
0.4526530008638835,-26.647553849457307,26.647553849457307,0.839999999999975,44.7294,63.4492,-60.0,-60.0,0.3473501205444336,0.2571304738521576
0.47740956930790107,-26.654409790026563,26.654409790026563,0.8700000000000045,44.7294,56.565799999999996,-60.0,-60.0,0.4696173667907715,0.2601686716079712
0.3967732821592252,-26.685974928082032,26.685974928082032,0.8999999999999773,44.7294,51.6382,-60.0,-60.0,0.5408883094787598,0.26183417439460754
0.17719740743528586,-26.666234549275206,26.666234549275206,0.9300000000000068,44.7294,81.5848,-60.0,-60.0,0.025057315826416016,0.24491533637046814
0.3301056772193606,-26.701870715926066,26.701870715926066,0.9599999999999795,44.7294,46.3804,-60.0,-60.0,0.6161403656005859,0.26381897926330566
0.4725274519160174,-26.748818179554313,26.748818179554313,0.9900000000000091,55.041799999999995,58.9788,-60.0,-60.0,0.37483739852905273,0.25147745013237
0.44582202046178104,-26.76607062134361,26.76607062134361,0.01999999999998181,44.7294,55.651399999999995,-60.0,-60.0,0.5013818740844727,0.2601662278175354
0.2569123984450928,-26.753141312261228,26.753141312261228,0.05000000000001137,44.7294,54.127399999999994,-60.0,-60.0,0.519895076751709,0.2602795958518982
-3.0593941116833402e-06,-26.741140698508215,26.741140698508215,0.07999999999998408,44.7294,56.8452,-60.0,-60.0,0.46234798431396484,0.2586449384689331
6.26530043389422e-14,-26.73082412722044,26.73082412722044,0.10000000000002274,34.417,50.927,-60.0,-60.0,0.566655158996582,0.2714915871620178
-3.0593944679054675e-06,-26.73945187835649,26.73945187835649,0.12999999999999545,34.417,55.956199999999995,-60.0,-60.0,0.49677610397338867,0.2676582336425781
0.06154178709987329,-26.720190787856115,26.720190787856115,0.160000000000025,34.417,51.5366,-60.0,-60.0,0.5572104454040527,0.2712578773498535
0.34725897324789845,-26.78897997626756,26.78897997626756,0.18999999999999773,44.7294,57.175399999999996,-60.0,-60.0,0.4710822105407715,0.25950849056243896
0.471574108174751,-26.81578220710529,26.81578220710529,0.22000000000002728,44.7294,57.8612,-60.0,-60.0,0.4645719528198242,0.2596169710159302
0.4344980760598698,-26.828982368687125,26.828982368687125,0.25,44.7294,47.142399999999995,-60.0,-60.0,0.6256999969482422,0.2636025846004486
0.01532650423115171,-26.81996315963179,26.81996315963179,0.2799999999999727,44.7294,51.0032,-60.0,-60.0,0.5576648712158203,0.26106080412864685
-0.427899322792924,-26.72818831666462,26.72818831666462,0.3100000000000023,44.7294,61.315599999999996,-60.0,-60.0,0.3639035224914551,0.2561277151107788
-0.47369915457471323,-26.711485310980713,26.711485310980713,0.339999999999975,44.7294,47.751999999999995,-60.0,-60.0,0.5894527435302734,0.2613397538661957
-0.3581080710541002,-26.71448667336655,26.71448667336655,0.37000000000000455,44.7294,53.035199999999996,-60.0,-60.0,0.5128026008605957,0.2593448758125305
-0.08111558338341655,-26.736509709755293,26.736509709755293,0.39999999999997726,44.7294,50.1904,-60.0,-60.0,0.5620155334472656,0.2610621154308319
-3.0593944679054675e-06,-26.745136556561235,26.745136556561235,0.4300000000000068,44.7294,58.877199999999995,-60.0,-60.0,0.42436838150024414,0.25814542174339294
-0.16617727215007563,-26.70411378579497,26.70411378579497,0.45999999999997954,44.7294,52.196999999999996,-60.0,-60.0,0.5279011726379395,0.2601093649864197
-0.39518481901916447,-26.653018048000984,26.653018048000984,0.4900000000000091,44.7294,46.863,-60.0,-60.0,0.5995793342590332,0.26186683773994446
-0.4627944854396308,-26.629537799807476,26.629537799807476,0.5199999999999818,44.7294,59.258199999999995,-60.0,-60.0,0.3938298225402832,0.2568129599094391
-0.3690130294502011,-26.61337844546759,26.61337844546759,0.5500000000000114,44.7294,51.3334,-60.0,-60.0,0.5309395790100098,0.25994646549224854
-0.19494365603722427,-26.627363455804144,26.627363455804144,0.5799999999999841,44.7294,49.403,-60.0,-60.0,0.5636954307556152,0.26107731461524963
-0.35810807105404935,-26.574249433015073,26.574249433015073,0.6100000000000136,44.7294,58.3692,-60.0,-60.0,0.4101872444152832,0.25733283162117004
-0.47369915457471323,-26.555517035024938,26.555517035024938,0.6399999999999864,41.5798,41.5798,-60.0,-60.0,0.6713624000549316,0.26681360602378845
-0.5186142321389791,-26.52838964443835,26.52838964443835,0.6700000000000159,44.7294,57.8358,-60.0,-60.0,0.4111933708190918,0.25711363554000854
-0.58132921985464,-26.479069421698277,26.479069421698277,0.6999999999999886,44.7294,59.181999999999995,-60.0,-60.0,0.3814983367919922,0.2564378082752228
-0.4745833154437259,-26.48014478484979,26.48014478484979,0.7300000000000182,44.7294,60.020199999999996,-60.0,-60.0,0.3696584701538086,0.25634410977363586
-0.7388764640850428,-26.410141114357238,26.410141114357238,0.7599999999999909,44.7294,67.9196,-60.0,-60.0,0.2115488052368164,0.25251147150993347
-0.6962047387000557,-26.39491140132799,26.39491140132799,0.7900000000000205,50.6476,50.6476,-60.0,-60.0,0.49228382110595703,0.2554323077201843
-0.7646323466486528,-26.333409910176726,26.333409910176726,0.8199999999999932,55.041799999999995,72.9742,-60.0,-60.0,0.050852298736572266,0.2437262386083603
-0.7341024573122842,-26.289317179934635,26.289317179934635,0.8500000000000227,49.911,49.911,-60.0,-60.0,0.5024724006652832,0.25606945157051086
-0.5654148282440278,-26.279194100855957,26.279194100855957,0.8799999999999955,55.041799999999995,67.0052,-60.0,-60.0,0.1651449203491211,0.24623405933380127
-0.6482865375906627,-26.246695957146592,26.246695957146592,0.910000000000025,53.3654,53.3654,-60.0,-60.0,0.4200167655944824,0.25234663486480713
-0.4970409245805939,-26.237319292883832,26.237319292883832,0.9399999999999977,50.825399999999995,50.825399999999995,-60.0,-60.0,0.48545169830322266,0.2553918957710266
-0.4132809831455593,-26.224406760643724,26.224406760643724,0.9700000000000273,55.041799999999995,63.8048,-60.0,-60.0,0.2259688377380371,0.24756638705730438
-0.00831474067550361,-26.258390234025267,26.258390234025267,0.0,44.7294,48.9966,-60.0,-60.0,0.5731778144836426,0.26071685552597046
0.409328604937621,-26.32495311987075,26.32495311987075,0.029999999999972715,44.7294,61.2902,-60.0,-60.0,0.37220287322998047,0.2570527195930481
0.47652540916365427,-26.347616579353158,26.347616579353158,0.060000000000002274,44.7294,54.051199999999994,-60.0,-60.0,0.5075531005859375,0.2601359486579895
0.37838231837037106,-26.36104192460791,26.36104192460791,0.10000000000002274,44.7294,59.715399999999995,-60.0,-60.0,0.40198230743408203,0.25776124000549316
0.1351360640751521,-26.328281722720142,26.328281722720142,0.12999999999999545,34.417,51.130199999999995,-60.0,-60.0,0.5538539886474609,0.27119889855384827
0.017665707409144162,-26.33102178414013,26.33102178414013,0.160000000000025,34.417,42.0878,-60.0,-60.0,0.6858987808227539,0.2753397524356842
0.032721743737149665,-26.32985761485404,26.32985761485404,0.18999999999999773,44.7294,64.643,-60.0,-60.0,0.29607105255126953,0.25497686862945557
0.0801339051114698,-26.340328671836648,26.340328671836648,0.22000000000002728,44.7294,51.689,-60.0,-60.0,0.5340104103088379,0.26018214225769043
0.4233601239114276,-26.425350581199474,26.425350581199474,0.25,44.7294,68.961,-60.0,-60.0,0.24311304092407227,0.2540483772754669
0.4233601239114276,-26.425350581199474,26.425350581199474,1.2799999999999727,44.7294,47.751999999999995,-60.0,-60.0,0.5825939178466797,0.2631848454475403
0.4233601239114276,-26.425350581199474,26.425350581199474,2.3100000000000023,44.7294,51.4604,-60.0,-60.0,0.5066041946411133,0.26226651668548584
0.4233601239114276,-26.425350581199474,26.425350581199474,3.339999999999975,44.7294,48.4124,-60.0,-60.0,0.5313091278076172,0.26405608654022217
0.4233601239114276,-26.425350581199474,26.425350581199474,4.3700000000000045,44.7294,61.0362,-60.0,-60.0,0.3379034996032715,0.2590316832065582
0.4233601239114276,-26.425350581199474,26.425350581199474,5.399999999999977,44.7294,66.6242,-60.0,-60.0,0.24153614044189453,0.2573520243167877
0.4233601239114276,-26.425350581199474,26.425350581199474,6.430000000000007,44.7294,69.1134,-60.0,-60.0,0.19177675247192383,0.25673872232437134
0.4233601239114276,-26.425350581199474,26.425350581199474,7.4599999999999795,49.428399999999996,49.428399999999996,-60.0,-60.0,0.442232608795166,0.2627045810222626
0.4233601239114276,-26.425350581199474,26.425350581199474,8.490000000000009,55.041799999999995,62.7634,-60.0,-60.0,0.22854995727539062,0.2536907494068146
0.4233601239114276,-26.425350581199474,26.425350581199474,9.519999999999982,46.1518,46.1518,-60.0,-60.0,0.457305908203125,0.2675819396972656
